event_id,user_id,track_id,played_at,completion_rate,skipped
2272,181,24,2026-01-01 00:01:43,0.0464,1
5779,185,104,2026-01-01 00:11:42,0.6309,0
1517,149,49,2026-01-01 00:25:02,1.0,0
8024,107,11,2026-01-01 00:28:36,0.4516,0
2567,195,86,2026-01-01 00:34:15,0.372,0
1138,120,103,2026-01-01 01:18:09,0.5999,0
2150,188,53,2026-01-01 01:18:12,0.2301,1
9054,114,31,2026-01-01 01:29:46,0.2235,1
660,3,58,2026-01-01 02:04:04,0.6253,0
7379,50,119,2026-01-01 02:04:04,1.0,0
10893,128,21,2026-01-01 02:32:27,0.1164,1
6991,143,88,2026-01-01 02:33:03,0.7519,0
6922,127,33,2026-01-01 02:48:50,0.5457,0
4781,131,74,2026-01-01 02:49:26,0.4378,0
199,209,68,2026-01-01 02:53:00,0.6441,0
9213,204,2,2026-01-01 02:57:11,0.3633,0
4617,221,110,2026-01-01 03:13:32,0.3284,0
11886,217,113,2026-01-01 03:15:45,0.4272,0
5965,31,22,2026-01-01 03:19:20,1.0,0
3190,19,8,2026-01-01 04:04:46,0.5497,0
1040,222,7,2026-01-01 04:09:40,0.0,1
8171,174,119,2026-01-01 04:12:48,0.2319,1
707,126,19,2026-01-01 04:18:02,0.3238,0
1350,83,10,2026-01-01 04:18:10,1.0,0
7719,83,57,2026-01-01 04:20:01,0.7169,0
8838,207,43,2026-01-01 04:42:27,0.2171,1
3381,30,95,2026-01-01 04:54:08,0.5452,0
239,180,102,2026-01-01 05:14:44,0.7002,0
469,172,109,2026-01-01 05:23:18,0.1318,1
4594,143,113,2026-01-01 05:59:40,0.1779,1
2070,63,43,2026-01-01 06:11:25,0.6455,0
4320,52,0,2026-01-01 06:18:09,0.3703,0
4838,115,58,2026-01-01 06:25:24,0.415,0
6652,59,72,2026-01-01 06:26:03,0.6731,0
9045,137,51,2026-01-01 06:46:32,0.4596,0
10775,80,60,2026-01-01 06:46:53,0.6647,0
387,72,45,2026-01-01 06:48:45,0.2213,1
5802,136,111,2026-01-01 07:16:03,0.0946,1
8465,20,1,2026-01-01 07:24:23,0.411,0
1200,21,9,2026-01-01 07:57:43,0.0418,1
4109,93,64,2026-01-01 08:05:34,0.4102,0
4829,102,114,2026-01-01 08:06:31,0.2118,1
5937,243,14,2026-01-01 08:06:37,0.8226,0
2824,130,88,2026-01-01 08:07:02,0.4877,0
10246,143,115,2026-01-01 08:14:08,0.1732,1
5205,164,64,2026-01-01 08:46:45,0.341,0
10714,83,1,2026-01-01 09:12:35,0.0,1
90,115,86,2026-01-01 09:15:03,0.2562,0
2218,134,116,2026-01-01 09:17:17,0.3463,0
4832,190,100,2026-01-01 09:17:51,0.2628,0
10599,70,106,2026-01-01 09:35:53,0.3028,0
1043,41,95,2026-01-01 09:48:18,0.1438,1
4409,141,8,2026-01-01 09:49:28,0.9184,0
1320,196,92,2026-01-01 10:01:21,0.1011,1
10640,56,63,2026-01-01 10:06:38,0.1267,1
1394,120,69,2026-01-01 10:18:04,0.702,0
4357,93,106,2026-01-01 10:20:20,0.5858,0
5288,181,62,2026-01-01 10:26:30,0.009,1
2609,5,57,2026-01-01 10:46:35,0.1747,1
10198,173,113,2026-01-01 10:46:47,0.4913,0
4182,211,11,2026-01-01 11:00:43,0.293,0
9825,168,77,2026-01-01 11:11:21,0.4882,0
4581,57,6,2026-01-01 11:12:44,0.5936,0
5507,109,29,2026-01-01 11:52:50,0.5543,0
755,29,101,2026-01-01 11:55:49,0.6645,0
1497,174,91,2026-01-01 12:02:32,0.3776,0
8453,5,6,2026-01-01 12:03:03,0.3045,0
10061,22,53,2026-01-01 12:04:41,0.48,0
2100,146,107,2026-01-01 12:06:19,0.2755,0
10458,24,84,2026-01-01 12:09:06,0.2611,0
11387,12,85,2026-01-01 12:16:01,0.5307,0
1118,239,13,2026-01-01 12:59:10,0.7129,0
9155,53,110,2026-01-01 13:20:40,0.5697,0
745,36,58,2026-01-01 14:13:03,0.3222,0
6418,43,29,2026-01-01 14:20:07,0.3443,0
6141,52,96,2026-01-01 14:30:38,0.2346,1
1508,218,87,2026-01-01 14:33:43,0.1757,1
10157,71,106,2026-01-01 14:34:01,0.8107,0
3453,35,21,2026-01-01 14:36:12,1.0,0
4435,147,90,2026-01-01 14:49:19,0.0907,1
11986,194,116,2026-01-01 14:54:37,0.6414,0
2546,212,74,2026-01-01 14:57:20,0.07,1
925,6,61,2026-01-01 15:21:49,0.3846,0
3371,8,36,2026-01-01 15:28:46,0.5423,0
3504,193,74,2026-01-01 15:54:26,0.0386,1
9217,242,114,2026-01-01 16:24:34,0.8439,0
9592,221,92,2026-01-01 16:29:34,0.4036,0
8253,122,95,2026-01-01 16:35:24,0.5989,0
5182,126,78,2026-01-01 17:14:15,0.1061,1
5761,150,53,2026-01-01 17:30:52,0.1527,1
556,175,64,2026-01-01 17:40:54,0.2246,1
1693,57,86,2026-01-01 17:43:02,0.1603,1
8175,150,96,2026-01-01 18:15:53,0.1821,1
7808,42,80,2026-01-01 18:20:16,0.5494,0
10767,110,23,2026-01-01 18:30:44,0.4954,0
1196,73,116,2026-01-01 19:11:02,0.3997,0
10484,232,35,2026-01-01 19:14:56,0.4622,0
10544,145,2,2026-01-01 19:22:34,0.4035,0
9470,61,118,2026-01-01 19:29:18,0.0,1
4000,28,67,2026-01-01 19:30:02,0.8211,0
6493,51,66,2026-01-01 19:31:44,0.3266,0
5935,130,42,2026-01-01 19:34:30,0.0,1
10407,42,54,2026-01-01 19:37:11,0.58,0
6207,101,10,2026-01-01 19:46:54,0.5187,0
8021,230,62,2026-01-01 19:50:57,0.5941,0
11290,11,46,2026-01-01 20:12:17,0.3244,0
4567,130,70,2026-01-01 20:18:47,0.1555,1
4916,47,34,2026-01-01 20:34:30,0.0,1
1203,113,97,2026-01-01 20:36:24,0.2555,0
10827,178,68,2026-01-01 20:47:25,0.4412,0
9896,58,39,2026-01-01 21:20:40,0.3001,0
8823,56,52,2026-01-01 21:59:14,0.4933,0
3624,123,61,2026-01-01 22:03:51,0.8166,0
6429,166,77,2026-01-01 22:09:53,0.2427,1
3206,170,77,2026-01-01 22:27:44,0.7731,0
702,116,90,2026-01-01 22:27:55,0.5154,0
2633,183,115,2026-01-01 22:42:12,0.2155,1
9661,142,34,2026-01-01 22:47:55,0.3117,0
10654,230,10,2026-01-01 22:54:09,0.0202,1
4704,62,17,2026-01-01 23:16:37,0.4742,0
5770,162,38,2026-01-01 23:17:15,0.7663,0
6939,214,38,2026-01-01 23:26:22,0.0,1
5018,26,59,2026-01-01 23:40:43,0.729,0
9589,144,109,2026-01-01 23:42:26,0.6433,0
4853,182,98,2026-01-01 23:49:09,0.7821,0
3042,48,26,2026-01-02 00:00:39,0.3867,0
5488,176,41,2026-01-02 00:39:00,0.6796,0
2125,49,24,2026-01-02 00:39:53,0.0,1
2091,75,25,2026-01-02 00:40:04,0.8231,0
11873,178,43,2026-01-02 00:44:10,0.509,0
3693,91,61,2026-01-02 00:59:21,0.4899,0
10253,146,30,2026-01-02 01:31:31,0.3968,0
574,191,15,2026-01-02 03:04:45,0.4873,0
7110,72,77,2026-01-02 03:08:29,0.0,1
4769,198,119,2026-01-02 03:11:14,0.1163,1
5808,184,95,2026-01-02 03:28:14,0.7752,0
8509,105,36,2026-01-02 03:33:46,0.5768,0
3265,164,56,2026-01-02 03:34:14,0.5122,0
10245,218,35,2026-01-02 03:35:59,0.5055,0
11867,17,103,2026-01-02 03:42:10,0.2451,1
6577,20,49,2026-01-02 03:49:47,0.4263,0
6320,3,54,2026-01-02 03:54:49,0.3198,0
2562,170,19,2026-01-02 04:00:34,0.0,1
1935,249,11,2026-01-02 04:03:38,0.2073,1
11193,132,119,2026-01-02 04:07:29,0.164,1
483,28,28,2026-01-02 05:06:20,0.5859,0
7717,164,110,2026-01-02 05:12:28,0.18,1
3172,61,10,2026-01-02 05:19:34,0.5183,0
7637,9,28,2026-01-02 05:22:06,0.7501,0
2635,47,44,2026-01-02 05:32:58,0.5481,0
7628,89,15,2026-01-02 05:40:21,0.1037,1
9955,62,15,2026-01-02 06:07:44,0.133,1
28,241,33,2026-01-02 06:11:57,0.4408,0
11059,210,12,2026-01-02 06:24:08,1.0,0
6631,172,49,2026-01-02 06:32:41,0.511,0
5832,246,26,2026-01-02 06:58:14,0.0926,1
2787,4,119,2026-01-02 07:00:02,0.2864,0
11542,141,96,2026-01-02 07:02:43,0.4892,0
6626,191,40,2026-01-02 07:03:44,0.3492,0
6519,177,105,2026-01-02 07:21:26,0.7882,0
403,68,86,2026-01-02 07:39:44,0.3222,0
4250,206,74,2026-01-02 07:42:28,0.2666,0
1704,201,83,2026-01-02 08:19:27,0.6827,0
8411,170,24,2026-01-02 08:21:00,0.7004,0
5555,176,12,2026-01-02 08:28:01,0.1559,1
4215,114,73,2026-01-02 08:38:30,0.1963,1
8990,168,86,2026-01-02 09:09:11,0.0851,1
2048,88,34,2026-01-02 09:24:32,0.3163,0
7021,95,50,2026-01-02 09:25:20,0.8258,0
8572,92,110,2026-01-02 09:28:32,0.7682,0
1579,140,38,2026-01-02 09:29:10,0.0836,1
3098,17,62,2026-01-02 09:47:01,0.6447,0
6765,202,57,2026-01-02 10:04:35,0.0099,1
4135,182,45,2026-01-02 10:10:43,0.2648,0
6617,147,73,2026-01-02 10:15:37,0.0061,1
7886,166,67,2026-01-02 10:21:13,0.1956,1
9684,240,51,2026-01-02 10:41:35,0.0916,1
627,93,43,2026-01-02 10:59:24,0.3199,0
6983,147,38,2026-01-02 11:00:39,0.0,1
11135,155,91,2026-01-02 11:01:03,0.0213,1
482,70,115,2026-01-02 12:33:28,0.7213,0
4086,5,70,2026-01-02 12:39:38,0.5637,0
6935,40,37,2026-01-02 12:40:52,0.0691,1
685,6,119,2026-01-02 12:42:08,0.143,1
5963,153,11,2026-01-02 13:06:01,0.2958,0
3683,96,97,2026-01-02 13:24:08,0.4449,0
11806,27,102,2026-01-02 13:50:51,0.3431,0
3143,30,16,2026-01-02 14:01:42,1.0,0
1593,241,98,2026-01-02 14:06:43,0.2617,0
10343,129,71,2026-01-02 14:38:52,0.0,1
10098,135,91,2026-01-02 14:46:55,0.867,0
6661,233,90,2026-01-02 14:55:12,0.6961,0
11159,233,56,2026-01-02 15:13:44,0.321,0
3270,177,86,2026-01-02 15:15:39,0.1273,1
3834,113,35,2026-01-02 15:27:48,0.152,1
9364,23,47,2026-01-02 15:41:53,0.0,1
6879,196,80,2026-01-02 15:43:07,0.3764,0
6507,129,0,2026-01-02 15:50:22,0.1855,1
5899,6,86,2026-01-02 15:51:03,0.3093,0
5391,180,19,2026-01-02 16:05:42,0.6789,0
3197,55,18,2026-01-02 16:12:24,0.3468,0
1954,43,89,2026-01-02 16:15:38,0.518,0
913,204,96,2026-01-02 16:36:42,0.2514,0
339,68,55,2026-01-02 16:43:53,0.2088,1
11561,27,28,2026-01-02 16:54:16,0.4764,0
6647,180,81,2026-01-02 17:03:57,0.5876,0
2762,234,91,2026-01-02 17:36:35,0.6926,0
1149,60,55,2026-01-02 17:42:07,0.0875,1
4412,28,41,2026-01-02 18:06:13,0.3256,0
8207,124,119,2026-01-02 18:12:28,0.746,0
11081,13,105,2026-01-02 18:17:31,0.7159,0
5413,176,117,2026-01-02 18:32:45,0.3509,0
2428,49,84,2026-01-02 18:43:39,0.3075,0
8665,163,35,2026-01-02 18:48:33,0.437,0
7544,52,15,2026-01-02 18:57:44,0.0724,1
9489,89,34,2026-01-02 19:03:03,0.8333,0
10248,45,114,2026-01-02 19:07:15,0.457,0
9605,249,22,2026-01-02 19:45:57,0.5787,0
362,156,110,2026-01-02 19:53:52,0.6973,0
8354,213,111,2026-01-02 20:14:06,0.337,0
11174,110,101,2026-01-02 20:30:51,0.0,1
11022,247,21,2026-01-02 20:35:15,0.1566,1
4793,90,100,2026-01-02 20:37:12,0.0995,1
7798,32,56,2026-01-02 20:50:41,0.2535,0
1619,199,110,2026-01-02 20:55:10,0.249,1
6688,27,116,2026-01-02 21:13:21,0.4284,0
6678,239,95,2026-01-02 21:32:54,0.0,1
6490,67,87,2026-01-02 21:40:29,0.7402,0
7988,148,81,2026-01-02 21:52:48,0.3918,0
426,5,116,2026-01-02 21:52:54,0.202,1
2006,75,102,2026-01-02 22:10:34,0.672,0
1134,7,71,2026-01-02 22:42:40,0.7212,0
7690,133,46,2026-01-02 22:44:05,0.3044,0
5707,90,22,2026-01-02 22:51:47,0.2055,1
3290,39,66,2026-01-02 22:55:33,1.0,0
9984,207,72,2026-01-02 23:00:23,0.143,1
10247,2,22,2026-01-02 23:06:57,0.619,0
4191,118,50,2026-01-02 23:08:45,0.4405,0
9281,162,48,2026-01-02 23:40:38,0.0646,1
6625,26,90,2026-01-02 23:53:37,0.6295,0
2083,6,56,2026-01-03 00:00:28,0.7278,0
7533,248,115,2026-01-03 00:15:21,0.4784,0
5741,232,59,2026-01-03 00:41:38,0.8183,0
7187,173,90,2026-01-03 01:26:16,0.5865,0
3878,234,109,2026-01-03 01:40:40,0.4891,0
8065,0,8,2026-01-03 01:48:43,0.1727,1
911,5,88,2026-01-03 02:10:38,0.4077,0
9932,85,17,2026-01-03 02:10:59,0.1431,1
9402,18,99,2026-01-03 02:17:30,0.1134,1
1120,89,32,2026-01-03 02:27:49,0.1843,1
10607,58,49,2026-01-03 02:39:02,0.4102,0
5781,31,108,2026-01-03 03:06:38,0.4724,0
5624,73,15,2026-01-03 03:07:18,0.1969,1
3660,146,65,2026-01-03 03:07:56,0.2686,0
814,101,50,2026-01-03 03:10:36,0.0,1
7390,235,42,2026-01-03 03:13:59,0.5009,0
5467,216,4,2026-01-03 03:18:13,0.405,0
514,156,97,2026-01-03 03:27:47,0.03,1
9598,91,29,2026-01-03 03:38:07,0.3932,0
7644,56,95,2026-01-03 03:42:52,0.4898,0
1734,133,104,2026-01-03 03:43:50,0.0192,1
10169,46,58,2026-01-03 03:54:44,0.4561,0
10674,244,25,2026-01-03 04:03:34,0.4442,0
4586,14,19,2026-01-03 04:06:41,0.5302,0
5278,248,116,2026-01-03 04:16:42,0.4895,0
1313,247,95,2026-01-03 04:50:58,0.0,1
4501,196,114,2026-01-03 04:58:10,0.6806,0
6080,244,94,2026-01-03 05:27:36,0.7385,0
6499,192,9,2026-01-03 05:59:33,0.7978,0
9120,246,27,2026-01-03 06:01:44,1.0,0
8209,31,72,2026-01-03 06:05:40,0.3854,0
11911,96,22,2026-01-03 06:19:56,1.0,0
6442,189,49,2026-01-03 06:34:49,0.3607,0
6938,5,91,2026-01-03 06:56:53,0.7691,0
10704,89,26,2026-01-03 06:57:50,0.1556,1
9468,25,12,2026-01-03 07:02:14,0.0622,1
10734,108,39,2026-01-03 07:16:43,1.0,0
9828,229,116,2026-01-03 07:49:07,0.6655,0
11651,238,91,2026-01-03 08:02:02,0.9213,0
1198,144,109,2026-01-03 08:12:23,0.0186,1
10464,157,15,2026-01-03 08:27:11,1.0,0
11616,166,55,2026-01-03 08:40:50,0.0,1
8785,105,9,2026-01-03 08:43:45,0.1972,1
1493,180,44,2026-01-03 08:49:51,0.7195,0
9607,64,110,2026-01-03 08:57:50,0.1932,1
2884,134,28,2026-01-03 09:05:49,0.7084,0
3570,96,65,2026-01-03 09:09:39,0.2682,0
927,229,81,2026-01-03 09:30:18,0.6777,0
4523,108,5,2026-01-03 09:33:13,0.43,0
1324,19,19,2026-01-03 09:44:16,0.2897,0
9093,8,109,2026-01-03 10:07:19,0.0672,1
7546,16,80,2026-01-03 10:10:18,1.0,0
4027,111,31,2026-01-03 10:47:35,0.533,0
5847,202,22,2026-01-03 10:58:57,0.1511,1
9685,206,38,2026-01-03 11:07:21,0.1593,1
6116,190,94,2026-01-03 11:18:33,0.7001,0
2697,11,84,2026-01-03 12:00:11,0.6184,0
6822,57,68,2026-01-03 12:09:30,0.0364,1
1399,234,23,2026-01-03 12:28:29,0.1995,1
9094,77,14,2026-01-03 12:50:21,0.1238,1
803,0,21,2026-01-03 12:51:16,0.7853,0
4506,102,49,2026-01-03 12:52:14,0.0647,1
7235,172,37,2026-01-03 12:52:35,0.418,0
10805,54,35,2026-01-03 12:57:01,0.4361,0
8020,88,119,2026-01-03 13:12:36,0.9492,0
1984,220,37,2026-01-03 13:23:17,0.1189,1
2163,80,20,2026-01-03 13:31:27,0.3972,0
1259,125,15,2026-01-03 13:39:37,0.7452,0
3994,222,69,2026-01-03 14:08:19,0.5123,0
9047,161,20,2026-01-03 14:36:52,0.1006,1
7000,226,91,2026-01-03 14:44:20,0.0905,1
1991,64,90,2026-01-03 14:49:35,0.162,1
6707,176,18,2026-01-03 15:05:55,0.3282,0
4258,246,91,2026-01-03 15:06:57,0.6995,0
7439,149,44,2026-01-03 15:12:31,0.3108,0
10802,151,24,2026-01-03 15:17:30,0.1626,1
4906,2,29,2026-01-03 15:34:46,0.5453,0
11500,96,27,2026-01-03 15:35:10,0.0227,1
11242,177,105,2026-01-03 15:51:36,0.1342,1
9071,43,53,2026-01-03 16:03:51,0.2113,1
2735,74,36,2026-01-03 16:14:08,0.0,1
1381,125,106,2026-01-03 16:16:06,0.4783,0
11833,105,23,2026-01-03 16:16:36,0.0,1
7160,14,51,2026-01-03 16:30:43,0.3257,0
9298,152,21,2026-01-03 16:36:05,0.3866,0
4050,177,86,2026-01-03 16:43:03,0.6361,0
7260,85,37,2026-01-03 17:19:56,0.161,1
10812,59,73,2026-01-03 17:35:56,0.3517,0
1958,5,3,2026-01-03 17:39:04,0.701,0
2826,128,27,2026-01-03 17:39:31,0.3351,0
6223,25,90,2026-01-03 17:44:43,0.488,0
507,213,89,2026-01-03 17:46:21,0.679,0
7042,105,79,2026-01-03 18:08:22,0.0969,1
2694,54,84,2026-01-03 18:22:46,0.8138,0
8251,6,62,2026-01-03 18:26:57,0.9251,0
665,162,89,2026-01-03 18:35:59,0.2836,0
10128,229,83,2026-01-03 19:08:37,0.0142,1
2336,174,84,2026-01-03 19:21:40,0.5099,0
3851,73,62,2026-01-03 19:44:28,0.5792,0
7124,245,103,2026-01-03 19:57:29,0.3364,0
9068,96,41,2026-01-03 20:11:22,0.0,1
2242,7,21,2026-01-03 20:12:27,0.0,1
10331,13,109,2026-01-03 20:13:35,0.1413,1
8186,107,107,2026-01-03 20:14:39,0.5237,0
3438,125,62,2026-01-03 20:22:44,0.2063,1
9393,214,71,2026-01-03 20:25:57,0.7125,0
7695,181,76,2026-01-03 20:40:24,0.8086,0
10917,152,45,2026-01-03 20:48:48,0.4482,0
6101,76,15,2026-01-03 20:58:56,0.1428,1
4557,210,71,2026-01-03 20:59:26,0.4164,0
8540,140,28,2026-01-03 21:00:19,0.0,1
1270,91,86,2026-01-03 21:10:21,0.5549,0
1826,19,34,2026-01-03 21:14:42,0.4153,0
1140,210,40,2026-01-03 21:43:40,0.0,1
7515,196,22,2026-01-03 21:43:51,0.0,1
7997,12,58,2026-01-03 21:48:48,0.1696,1
11903,120,114,2026-01-03 21:52:47,0.2154,1
10678,129,6,2026-01-03 21:57:48,0.6885,0
9778,154,71,2026-01-03 22:06:12,0.4451,0
2778,3,118,2026-01-03 22:10:15,0.5984,0
10149,67,23,2026-01-03 22:21:51,0.1851,1
4630,229,23,2026-01-03 22:21:52,0.2117,1
5757,196,105,2026-01-03 22:25:14,0.3467,0
2880,85,40,2026-01-03 22:25:43,0.3644,0
5161,105,113,2026-01-03 22:27:55,0.6038,0
1866,221,29,2026-01-03 22:41:13,0.5095,0
3747,177,15,2026-01-03 22:50:54,0.1298,1
451,4,79,2026-01-03 22:54:28,0.1258,1
7729,176,86,2026-01-03 23:12:16,0.412,0
4625,228,25,2026-01-03 23:19:13,0.5956,0
3627,58,101,2026-01-03 23:42:34,0.4232,0
1056,19,80,2026-01-03 23:50:07,0.0,1
5252,95,24,2026-01-04 00:07:50,0.5242,0
3353,9,119,2026-01-04 00:40:27,0.1423,1
994,123,66,2026-01-04 00:51:36,0.5551,0
8205,222,25,2026-01-04 00:52:09,0.2564,0
335,190,67,2026-01-04 01:26:06,0.7018,0
7870,4,84,2026-01-04 01:30:09,0.9196,0
6931,212,35,2026-01-04 01:33:55,0.0,1
1741,95,80,2026-01-04 01:40:13,0.5115,0
2331,9,95,2026-01-04 02:11:08,0.2111,1
3408,117,118,2026-01-04 02:14:56,0.0715,1
10429,244,4,2026-01-04 02:18:54,0.9479,0
624,63,63,2026-01-04 02:27:54,0.7639,0
10832,245,49,2026-01-04 02:29:48,0.9177,0
1584,217,116,2026-01-04 02:40:31,0.3798,0
217,247,11,2026-01-04 02:44:03,0.6198,0
3813,16,102,2026-01-04 02:52:46,0.4405,0
7459,81,47,2026-01-04 02:54:03,0.6762,0
11251,241,61,2026-01-04 03:03:12,0.0,1
10934,237,88,2026-01-04 03:12:00,0.4498,0
7835,234,67,2026-01-04 03:21:34,0.1187,1
7215,8,2,2026-01-04 03:37:15,0.9466,0
11841,161,116,2026-01-04 03:38:34,0.4075,0
3621,84,90,2026-01-04 03:46:37,0.8826,0
4846,163,94,2026-01-04 03:46:59,0.1404,1
5723,66,55,2026-01-04 03:54:53,0.2226,1
9357,52,93,2026-01-04 03:58:53,0.385,0
9801,249,49,2026-01-04 04:17:16,1.0,0
2060,217,15,2026-01-04 04:35:48,0.3732,0
4305,27,44,2026-01-04 04:46:33,0.2319,1
11846,71,5,2026-01-04 04:57:42,0.4722,0
4898,115,83,2026-01-04 05:26:48,0.7036,0
4007,155,31,2026-01-04 05:33:55,0.6142,0
2348,83,69,2026-01-04 05:35:01,0.7766,0
7497,51,4,2026-01-04 05:52:21,0.0,1
6318,178,83,2026-01-04 05:54:34,0.6487,0
8169,55,90,2026-01-04 05:57:08,0.4213,0
6081,206,96,2026-01-04 05:59:31,0.6431,0
9136,137,23,2026-01-04 06:05:46,0.2775,0
11771,176,110,2026-01-04 06:13:06,0.3225,0
10660,170,24,2026-01-04 06:40:42,0.5867,0
11778,4,12,2026-01-04 06:48:17,0.3896,0
1297,243,81,2026-01-04 06:50:46,0.4688,0
11066,42,15,2026-01-04 06:55:37,0.0,1
3869,181,28,2026-01-04 07:01:12,0.3951,0
11282,220,56,2026-01-04 07:08:52,0.3067,0
9670,144,71,2026-01-04 07:09:43,0.0,1
4083,174,84,2026-01-04 07:13:50,0.6023,0
2690,174,29,2026-01-04 07:17:12,0.4057,0
453,189,78,2026-01-04 07:28:19,0.5534,0
2936,244,33,2026-01-04 07:39:23,0.5378,0
7344,61,17,2026-01-04 07:45:58,0.527,0
10368,140,2,2026-01-04 07:50:46,0.2552,0
9204,17,85,2026-01-04 07:53:13,0.2227,1
9207,7,16,2026-01-04 08:05:44,0.6661,0
6260,54,58,2026-01-04 08:06:54,0.2898,0
5350,140,117,2026-01-04 09:12:34,0.3569,0
3474,213,110,2026-01-04 09:36:45,0.5081,0
4795,133,9,2026-01-04 10:21:03,0.616,0
7271,204,92,2026-01-04 10:26:21,0.4834,0
6566,231,57,2026-01-04 10:43:10,0.2527,0
3345,60,34,2026-01-04 10:44:36,0.6214,0
6618,166,44,2026-01-04 10:48:08,0.5723,0
3126,1,12,2026-01-04 10:55:06,0.1187,1
2166,91,39,2026-01-04 10:58:29,0.0,1
1487,77,70,2026-01-04 11:11:56,0.7057,0
10861,36,27,2026-01-04 11:12:37,0.4836,0
9761,86,61,2026-01-04 11:54:10,0.3044,0
5758,79,38,2026-01-04 12:01:12,0.2303,1
7782,62,52,2026-01-04 12:14:52,0.0603,1
4880,205,17,2026-01-04 12:16:33,1.0,0
4240,208,11,2026-01-04 12:21:08,0.0468,1
4504,99,22,2026-01-04 12:46:46,0.7797,0
7373,205,24,2026-01-04 12:53:29,0.6036,0
9305,177,1,2026-01-04 13:10:49,0.3537,0
4529,198,70,2026-01-04 13:29:59,0.7279,0
10655,146,56,2026-01-04 13:35:21,0.3136,0
10593,156,0,2026-01-04 13:55:32,0.6208,0
8832,106,40,2026-01-04 14:23:25,0.976,0
3077,99,67,2026-01-04 14:25:35,0.6187,0
5920,246,48,2026-01-04 14:36:47,0.0,1
3996,55,19,2026-01-04 14:42:10,0.3977,0
11808,177,4,2026-01-04 14:42:10,0.3638,0
6799,202,109,2026-01-04 15:01:42,0.1212,1
7448,209,83,2026-01-04 15:03:06,0.7328,0
10512,14,45,2026-01-04 15:10:11,0.4719,0
993,221,24,2026-01-04 15:20:24,0.9723,0
11204,158,116,2026-01-04 15:33:54,0.2727,0
1475,105,74,2026-01-04 15:42:19,0.1168,1
1327,50,17,2026-01-04 15:49:16,0.4299,0
1301,40,68,2026-01-04 15:54:54,0.171,1
9784,211,56,2026-01-04 16:03:16,0.4108,0
11289,22,95,2026-01-04 16:05:10,0.358,0
3863,145,31,2026-01-04 16:20:14,0.7088,0
9543,236,103,2026-01-04 16:21:47,0.0173,1
10216,165,47,2026-01-04 16:25:40,0.6756,0
11579,25,116,2026-01-04 16:27:20,0.6418,0
10608,2,75,2026-01-04 16:46:04,0.4005,0
6122,119,35,2026-01-04 17:06:08,0.3459,0
8775,105,19,2026-01-04 17:09:52,0.3402,0
9411,72,27,2026-01-04 17:38:24,0.3825,0
234,210,99,2026-01-04 17:40:06,0.0783,1
6328,183,39,2026-01-04 17:57:46,0.6561,0
6705,58,71,2026-01-04 18:04:04,0.7574,0
1135,194,29,2026-01-04 18:17:42,0.1646,1
10103,109,22,2026-01-04 18:30:31,0.1102,1
8881,170,74,2026-01-04 18:35:02,0.05,1
9999,16,6,2026-01-04 18:44:08,0.3536,0
11803,157,58,2026-01-04 18:44:36,0.6683,0
6762,111,94,2026-01-04 18:45:24,0.5206,0
8310,111,107,2026-01-04 19:39:23,0.0,1
11798,214,113,2026-01-04 19:52:07,0.2652,0
9686,88,87,2026-01-04 19:59:07,0.4929,0
1665,6,101,2026-01-04 20:42:28,0.7487,0
1087,187,54,2026-01-04 20:51:08,0.0011,1
4671,154,19,2026-01-04 21:05:54,0.6743,0
9245,73,71,2026-01-04 21:40:25,0.0133,1
5941,228,39,2026-01-04 21:45:09,0.171,1
3544,106,94,2026-01-04 21:45:10,0.0803,1
2251,96,47,2026-01-04 22:07:20,0.598,0
9189,121,78,2026-01-04 22:18:40,0.4569,0
4097,151,113,2026-01-04 22:21:51,0.0574,1
303,106,11,2026-01-04 22:35:39,0.2756,0
7199,129,62,2026-01-04 22:58:10,0.5872,0
5045,9,27,2026-01-04 23:04:19,0.0356,1
11041,106,49,2026-01-04 23:10:07,0.2346,1
11751,29,76,2026-01-04 23:12:27,0.2745,0
5503,54,38,2026-01-04 23:18:35,0.5096,0
9773,29,41,2026-01-04 23:23:00,0.628,0
10698,13,49,2026-01-04 23:31:36,0.2549,0
11459,246,31,2026-01-04 23:38:46,0.6307,0
3702,194,100,2026-01-04 23:43:52,0.8087,0
6651,147,115,2026-01-04 23:58:38,0.0906,1
9519,234,63,2026-01-05 00:23:59,0.7325,0
237,40,61,2026-01-05 00:32:12,0.2993,0
7254,168,105,2026-01-05 00:39:31,0.3378,0
454,131,74,2026-01-05 00:40:33,0.4587,0
8773,128,105,2026-01-05 00:43:26,0.3779,0
4909,3,23,2026-01-05 00:53:09,0.1697,1
11310,150,32,2026-01-05 01:05:55,0.5593,0
493,110,92,2026-01-05 01:41:50,0.2645,0
8225,106,70,2026-01-05 01:55:17,0.5484,0
3339,65,101,2026-01-05 01:55:54,0.3665,0
9680,163,39,2026-01-05 01:58:28,1.0,0
11261,181,95,2026-01-05 02:06:28,0.2268,1
1442,66,80,2026-01-05 02:11:52,0.1073,1
11085,173,38,2026-01-05 02:30:43,0.0487,1
9168,38,65,2026-01-05 02:31:20,0.4569,0
6096,191,43,2026-01-05 02:34:43,0.054,1
6169,218,16,2026-01-05 02:36:54,1.0,0
4008,104,19,2026-01-05 02:36:56,0.2914,0
835,67,108,2026-01-05 03:02:43,0.0,1
4332,102,65,2026-01-05 03:07:03,0.0,1
6838,207,52,2026-01-05 03:48:00,0.2564,0
10310,118,104,2026-01-05 03:54:21,0.3,0
6627,244,47,2026-01-05 03:54:37,0.6858,0
1845,142,46,2026-01-05 04:00:16,0.7143,0
2753,73,73,2026-01-05 04:19:55,0.6273,0
521,38,85,2026-01-05 04:22:29,0.3828,0
9948,78,9,2026-01-05 04:42:51,0.6094,0
3526,220,63,2026-01-05 05:01:40,0.0,1
7357,231,41,2026-01-05 05:07:22,0.779,0
9407,94,47,2026-01-05 05:11:02,0.0369,1
3186,165,84,2026-01-05 05:18:40,0.237,1
284,186,66,2026-01-05 05:23:21,0.712,0
841,26,93,2026-01-05 05:30:04,0.0111,1
3211,178,91,2026-01-05 05:53:41,0.2266,1
4480,77,111,2026-01-05 05:58:33,0.1521,1
3989,97,116,2026-01-05 06:17:28,0.3501,0
6704,73,85,2026-01-05 06:18:53,0.259,0
5909,36,45,2026-01-05 06:46:03,0.1485,1
5731,22,106,2026-01-05 07:09:35,1.0,0
4959,18,58,2026-01-05 07:15:23,0.637,0
5892,10,28,2026-01-05 07:16:40,0.1529,1
2667,90,18,2026-01-05 07:25:05,0.2417,1
644,62,62,2026-01-05 08:01:08,0.0,1
4847,65,79,2026-01-05 08:54:41,0.3314,0
2413,3,100,2026-01-05 09:06:40,0.3662,0
11574,161,88,2026-01-05 09:10:47,0.781,0
4059,59,110,2026-01-05 09:19:57,0.2751,0
5548,159,81,2026-01-05 09:26:25,0.7417,0
3441,46,53,2026-01-05 09:35:20,0.0086,1
9425,190,60,2026-01-05 09:41:06,0.5801,0
3977,134,18,2026-01-05 09:49:15,0.547,0
2211,92,55,2026-01-05 09:52:10,0.4458,0
10384,31,88,2026-01-05 09:58:39,0.9895,0
9429,26,95,2026-01-05 10:01:58,0.3371,0
5428,217,67,2026-01-05 10:10:56,0.4051,0
10341,39,111,2026-01-05 10:20:17,0.1706,1
5844,132,85,2026-01-05 10:40:51,0.1985,1
5374,71,2,2026-01-05 10:47:22,0.535,0
5099,190,32,2026-01-05 10:56:25,1.0,0
10452,49,13,2026-01-05 11:00:00,0.4692,0
8753,129,29,2026-01-05 11:12:34,0.4635,0
8180,76,105,2026-01-05 11:35:01,0.0512,1
8976,18,102,2026-01-05 11:43:02,0.0,1
3444,238,45,2026-01-05 11:59:35,0.4904,0
1562,56,100,2026-01-05 12:03:28,0.7915,0
7746,190,14,2026-01-05 12:14:06,0.3301,0
628,58,115,2026-01-05 12:23:56,0.0,1
9638,199,112,2026-01-05 13:15:19,0.0,1
5747,8,25,2026-01-05 13:31:31,0.6235,0
10354,155,101,2026-01-05 13:37:21,0.5662,0
7324,120,76,2026-01-05 13:37:22,0.3126,0
2039,151,3,2026-01-05 13:41:08,0.8113,0
5435,195,17,2026-01-05 13:47:30,0.1944,1
10630,191,101,2026-01-05 14:09:04,0.7036,0
11569,83,95,2026-01-05 14:09:59,0.0617,1
9432,134,75,2026-01-05 14:20:58,0.093,1
7414,1,57,2026-01-05 14:33:17,0.1937,1
3294,90,61,2026-01-05 14:48:52,0.0152,1
9474,33,87,2026-01-05 15:02:29,0.6849,0
2523,160,109,2026-01-05 15:02:55,0.5249,0
9693,65,102,2026-01-05 15:08:09,0.6068,0
11636,69,66,2026-01-05 15:21:45,0.3604,0
1577,237,110,2026-01-05 15:23:39,0.3835,0
2192,12,80,2026-01-05 15:27:05,0.0,1
2490,233,23,2026-01-05 15:30:06,0.5861,0
1489,243,88,2026-01-05 15:44:04,0.3932,0
11970,43,79,2026-01-05 15:49:11,0.8039,0
8282,178,38,2026-01-05 15:56:23,0.3473,0
2775,18,66,2026-01-05 16:07:34,0.1321,1
8347,168,58,2026-01-05 16:54:51,0.597,0
11919,97,73,2026-01-05 17:02:48,0.1949,1
6982,40,44,2026-01-05 17:04:05,0.477,0
5434,44,36,2026-01-05 17:05:39,0.5496,0
25,37,104,2026-01-05 17:16:19,0.0647,1
4274,232,3,2026-01-05 17:28:32,0.2432,1
11337,223,30,2026-01-05 17:31:29,0.3747,0
2967,158,6,2026-01-05 17:39:42,0.2341,1
2289,106,19,2026-01-05 17:45:12,0.451,0
780,57,44,2026-01-05 18:23:05,0.0589,1
2437,128,37,2026-01-05 18:33:39,0.5001,0
6204,17,16,2026-01-05 18:37:42,0.0,1
3110,135,95,2026-01-05 18:41:24,1.0,0
4004,167,36,2026-01-05 18:46:25,0.7369,0
2465,219,65,2026-01-05 18:57:29,0.5115,0
2162,242,110,2026-01-05 19:01:34,0.5,0
3479,211,26,2026-01-05 19:21:05,0.3456,0
9836,223,105,2026-01-05 19:37:15,0.6616,0
11252,214,93,2026-01-05 19:41:07,0.1275,1
2343,177,62,2026-01-05 20:00:18,0.5944,0
5159,99,8,2026-01-05 20:07:59,1.0,0
8635,42,74,2026-01-05 20:31:37,0.0,1
10034,212,100,2026-01-05 20:35:39,0.3978,0
5689,19,45,2026-01-05 20:59:29,0.1717,1
7987,67,78,2026-01-05 21:05:40,0.4812,0
800,185,75,2026-01-05 21:18:45,0.2095,1
9705,113,22,2026-01-05 21:35:58,0.5216,0
11776,208,3,2026-01-05 21:38:34,0.9401,0
165,200,18,2026-01-05 21:46:04,0.422,0
11617,90,108,2026-01-05 21:49:15,0.3256,0
4472,3,11,2026-01-05 21:58:13,0.2942,0
417,33,82,2026-01-05 22:17:13,0.3529,0
164,39,69,2026-01-05 22:17:48,0.089,1
5605,244,65,2026-01-05 22:24:56,1.0,0
11635,18,68,2026-01-05 22:31:23,0.8011,0
4366,136,7,2026-01-05 22:51:26,0.1963,1
10840,197,51,2026-01-05 22:56:30,0.3305,0
6237,142,119,2026-01-05 23:05:40,0.6422,0
7640,95,68,2026-01-05 23:09:46,0.2517,0
2123,219,73,2026-01-05 23:10:49,0.7241,0
5597,206,72,2026-01-05 23:38:35,0.5131,0
5594,81,89,2026-01-05 23:42:34,0.093,1
8100,170,66,2026-01-05 23:55:44,0.2421,1
3036,231,42,2026-01-06 00:08:45,0.0812,1
280,93,58,2026-01-06 00:15:46,0.7515,0
2382,15,69,2026-01-06 00:20:42,0.7042,0
7252,108,100,2026-01-06 00:23:40,0.1235,1
9031,191,117,2026-01-06 00:47:46,0.2618,0
7851,93,38,2026-01-06 00:53:09,0.7181,0
11296,22,40,2026-01-06 00:57:28,0.1651,1
7618,96,0,2026-01-06 01:20:53,0.8295,0
661,117,20,2026-01-06 01:22:35,0.498,0
3003,124,60,2026-01-06 01:29:52,0.3134,0
9336,61,38,2026-01-06 01:36:54,0.7937,0
11989,95,51,2026-01-06 01:39:24,0.2619,0
2217,36,38,2026-01-06 01:44:24,0.3056,0
7350,26,1,2026-01-06 01:46:24,1.0,0
6232,217,57,2026-01-06 02:02:54,0.3514,0
4247,92,71,2026-01-06 02:11:48,0.3455,0
1527,178,104,2026-01-06 02:19:35,0.918,0
5140,219,48,2026-01-06 03:34:53,0.2349,1
1289,186,30,2026-01-06 03:51:05,0.235,1
10005,125,63,2026-01-06 03:53:55,0.1897,1
7573,23,17,2026-01-06 04:17:17,0.5176,0
7319,52,115,2026-01-06 04:30:25,0.0424,1
3241,171,81,2026-01-06 04:40:56,0.2876,0
1923,84,89,2026-01-06 04:55:06,0.6342,0
9216,231,111,2026-01-06 05:18:09,0.6379,0
5621,233,56,2026-01-06 05:20:23,0.0242,1
1098,115,93,2026-01-06 05:30:01,0.6699,0
8315,4,68,2026-01-06 05:32:27,0.1431,1
8486,105,17,2026-01-06 05:33:03,0.4045,0
4936,103,47,2026-01-06 05:50:57,0.4779,0
3159,158,14,2026-01-06 05:51:44,0.3956,0
8400,16,61,2026-01-06 06:08:17,0.6628,0
10346,82,78,2026-01-06 06:12:06,0.7861,0
3298,83,51,2026-01-06 06:23:34,0.6916,0
2670,221,47,2026-01-06 06:33:03,1.0,0
8735,232,0,2026-01-06 06:35:31,0.7645,0
2580,111,3,2026-01-06 06:37:49,0.0604,1
8004,246,109,2026-01-06 06:52:24,0.3497,0
95,204,115,2026-01-06 07:08:43,0.5462,0
9456,238,109,2026-01-06 07:22:00,0.345,0
8999,174,119,2026-01-06 07:40:42,0.1228,1
10534,194,61,2026-01-06 07:43:50,0.6545,0
848,76,97,2026-01-06 07:45:40,0.6732,0
4857,17,92,2026-01-06 08:12:14,0.2683,0
208,92,107,2026-01-06 08:15:09,0.2316,1
3633,224,53,2026-01-06 08:58:35,0.592,0
218,160,100,2026-01-06 09:15:45,0.1225,1
854,106,50,2026-01-06 09:22:20,0.207,1
8587,49,99,2026-01-06 09:23:15,0.1244,1
9993,4,46,2026-01-06 09:26:04,0.6137,0
7228,44,1,2026-01-06 09:29:06,0.6219,0
57,149,96,2026-01-06 09:31:28,0.3655,0
3542,94,22,2026-01-06 09:54:43,0.096,1
9209,43,82,2026-01-06 10:09:37,0.6097,0
4747,74,55,2026-01-06 10:21:19,0.3122,0
3259,138,99,2026-01-06 10:21:33,0.4851,0
6852,59,47,2026-01-06 10:25:38,0.3777,0
8671,226,10,2026-01-06 10:33:41,0.5933,0
4077,230,22,2026-01-06 10:39:45,0.1007,1
1102,35,53,2026-01-06 10:40:34,0.4789,0
6220,132,1,2026-01-06 10:57:32,0.4752,0
11233,102,72,2026-01-06 11:00:00,0.0478,1
5734,5,98,2026-01-06 11:15:56,0.5137,0
10918,34,32,2026-01-06 11:27:34,0.3173,0
11264,53,50,2026-01-06 11:54:48,0.2777,0
3048,84,11,2026-01-06 11:56:24,0.5745,0
3222,14,118,2026-01-06 12:06:19,0.2325,1
9103,90,81,2026-01-06 12:10:54,0.6794,0
11784,68,78,2026-01-06 12:18:15,0.4403,0
9104,217,22,2026-01-06 12:21:01,0.7316,0
6335,86,4,2026-01-06 12:21:40,0.2768,0
6733,28,66,2026-01-06 12:38:09,0.4974,0
6477,50,48,2026-01-06 12:42:06,0.2951,0
6752,53,72,2026-01-06 12:42:39,0.7536,0
11626,97,7,2026-01-06 12:48:07,0.4481,0
4377,101,30,2026-01-06 12:58:02,0.0,1
3868,83,91,2026-01-06 13:07:08,0.7523,0
4597,137,40,2026-01-06 13:13:15,0.0,1
6805,132,58,2026-01-06 13:30:51,0.5167,0
7306,18,91,2026-01-06 13:44:25,0.68,0
9903,215,6,2026-01-06 14:14:40,0.0,1
9894,139,79,2026-01-06 14:37:42,0.2558,0
2814,230,75,2026-01-06 14:51:37,0.5693,0
4820,79,87,2026-01-06 15:05:03,0.3829,0
8779,204,101,2026-01-06 15:23:58,0.4262,0
11000,85,99,2026-01-06 15:57:53,0.6677,0
11510,53,27,2026-01-06 16:01:21,0.0,1
10291,151,91,2026-01-06 16:13:48,0.7761,0
6458,123,56,2026-01-06 16:35:51,0.1132,1
11512,160,75,2026-01-06 16:51:34,0.2987,0
4441,206,29,2026-01-06 17:10:01,0.2849,0
289,62,34,2026-01-06 17:37:59,0.2049,1
3427,239,7,2026-01-06 17:43:57,0.8028,0
491,102,111,2026-01-06 17:55:32,0.2339,1
10282,24,110,2026-01-06 18:55:28,1.0,0
6046,63,25,2026-01-06 19:13:25,0.5406,0
5399,124,65,2026-01-06 19:17:53,0.3074,0
8099,195,8,2026-01-06 19:24:51,0.3599,0
2547,28,113,2026-01-06 19:42:25,0.7995,0
114,106,55,2026-01-06 19:50:03,0.2378,1
4744,218,28,2026-01-06 19:52:20,0.3235,0
2205,29,39,2026-01-06 20:06:47,0.8737,0
9116,128,43,2026-01-06 20:20:24,0.2657,0
4229,86,87,2026-01-06 20:35:40,0.5351,0
2400,57,79,2026-01-06 20:39:29,0.0798,1
3978,48,92,2026-01-06 20:59:18,0.0596,1
3890,232,27,2026-01-06 21:22:49,0.409,0
11160,129,82,2026-01-06 21:42:19,0.2502,0
4413,108,90,2026-01-06 22:02:02,0.6005,0
3520,33,68,2026-01-06 22:14:27,0.6633,0
6347,151,81,2026-01-06 22:15:22,0.7974,0
431,40,36,2026-01-06 22:18:45,0.9459,0
6132,2,61,2026-01-06 22:24:14,0.5644,0
3323,126,39,2026-01-06 22:30:09,0.1086,1
65,173,14,2026-01-06 22:40:37,0.3716,0
10221,212,70,2026-01-06 23:07:51,0.1557,1
6450,165,94,2026-01-06 23:11:23,0.6287,0
11385,9,21,2026-01-06 23:25:20,0.6817,0
5812,8,20,2026-01-06 23:26:42,0.4013,0
6097,227,11,2026-01-06 23:29:05,0.5183,0
2271,11,59,2026-01-06 23:31:14,0.3463,0
8752,236,119,2026-01-06 23:32:57,0.1791,1
2973,43,74,2026-01-06 23:34:30,0.3029,0
4137,208,70,2026-01-06 23:54:03,0.9243,0
9174,46,77,2026-01-07 00:01:04,0.4091,0
8863,75,16,2026-01-07 00:04:26,0.8055,0
3229,67,74,2026-01-07 00:13:31,0.7135,0
11804,175,13,2026-01-07 00:29:50,0.6827,0
941,94,41,2026-01-07 00:32:48,0.2929,0
973,80,68,2026-01-07 00:56:51,0.8468,0
83,121,2,2026-01-07 01:04:39,0.2231,1
4452,35,109,2026-01-07 01:10:04,0.4011,0
214,214,48,2026-01-07 01:12:32,0.4313,0
3831,49,89,2026-01-07 01:13:14,0.0622,1
903,30,81,2026-01-07 01:15:52,0.7651,0
9544,153,62,2026-01-07 01:20:49,0.3349,0
2823,74,23,2026-01-07 01:22:12,0.6891,0
9440,54,118,2026-01-07 01:24:25,0.221,1
6572,246,60,2026-01-07 01:25:05,0.5474,0
4144,150,109,2026-01-07 01:35:13,0.757,0
879,3,117,2026-01-07 01:49:22,0.4833,0
1892,107,3,2026-01-07 01:51:53,0.0513,1
2542,125,56,2026-01-07 01:52:16,0.2178,1
504,217,83,2026-01-07 01:54:16,0.27,0
9874,80,12,2026-01-07 01:56:45,0.1904,1
6954,147,57,2026-01-07 01:56:55,0.2879,0
4170,215,71,2026-01-07 02:22:35,0.1604,1
2432,89,118,2026-01-07 02:27:19,0.1943,1
7272,234,50,2026-01-07 02:33:21,0.2836,0
7195,165,111,2026-01-07 03:15:20,0.3357,0
2027,176,34,2026-01-07 03:26:41,0.3278,0
8176,74,84,2026-01-07 03:31:04,0.3384,0
6828,137,28,2026-01-07 03:32:23,0.5573,0
4373,137,39,2026-01-07 03:54:45,0.6821,0
5355,213,38,2026-01-07 03:57:32,0.6866,0
11438,247,98,2026-01-07 03:58:28,0.2238,1
10168,99,16,2026-01-07 04:03:49,0.7547,0
6929,114,103,2026-01-07 04:04:35,0.4569,0
7397,86,55,2026-01-07 04:04:58,0.8247,0
8089,90,30,2026-01-07 04:05:56,0.2679,0
5727,248,110,2026-01-07 04:08:47,0.5705,0
3777,112,102,2026-01-07 04:30:04,0.6594,0
1817,192,30,2026-01-07 04:48:31,0.658,0
1136,149,109,2026-01-07 05:18:48,0.4844,0
1709,231,15,2026-01-07 05:19:22,0.0904,1
3073,215,26,2026-01-07 05:20:32,0.4153,0
5553,93,116,2026-01-07 05:22:58,0.534,0
9035,35,41,2026-01-07 05:23:04,0.5581,0
8849,191,116,2026-01-07 05:30:40,0.5558,0
4308,101,78,2026-01-07 05:57:21,0.6636,0
7563,93,59,2026-01-07 06:03:54,0.4443,0
2104,132,12,2026-01-07 06:20:16,0.2535,0
5166,25,6,2026-01-07 06:50:18,0.9477,0
4768,49,9,2026-01-07 06:58:06,0.2284,1
8163,118,50,2026-01-07 06:59:01,0.4172,0
8252,108,105,2026-01-07 07:17:48,0.1121,1
3250,197,119,2026-01-07 07:36:52,0.2216,1
9252,108,24,2026-01-07 07:51:51,0.4268,0
7007,23,73,2026-01-07 08:04:48,0.6511,0
4610,85,108,2026-01-07 08:28:11,0.5493,0
4515,80,24,2026-01-07 08:29:55,0.2506,0
5003,195,28,2026-01-07 08:34:32,0.7027,0
10017,148,80,2026-01-07 09:05:51,0.4149,0
5474,68,104,2026-01-07 09:09:41,0.5355,0
10377,240,71,2026-01-07 09:28:36,0.1044,1
7552,194,63,2026-01-07 09:31:31,0.1826,1
4186,192,18,2026-01-07 09:42:30,0.529,0
1236,211,17,2026-01-07 09:44:20,0.2098,1
9220,92,27,2026-01-07 09:46:58,1.0,0
4727,185,38,2026-01-07 10:02:04,0.5879,0
5916,13,8,2026-01-07 10:06:25,0.196,1
3173,23,92,2026-01-07 10:21:08,0.1058,1
7182,102,59,2026-01-07 10:26:05,0.4569,0
6221,98,115,2026-01-07 10:41:12,0.4475,0
1341,84,56,2026-01-07 10:41:43,0.0919,1
8388,141,27,2026-01-07 11:18:35,0.0264,1
1578,73,0,2026-01-07 11:22:33,0.8361,0
6154,182,35,2026-01-07 11:39:07,0.1209,1
2591,125,50,2026-01-07 11:50:22,0.2968,0
2126,211,96,2026-01-07 11:58:02,0.2491,1
3980,241,73,2026-01-07 12:04:04,0.5793,0
11847,76,44,2026-01-07 12:16:59,0.3625,0
2085,79,57,2026-01-07 12:36:49,0.4881,0
2139,134,14,2026-01-07 12:45:38,0.6682,0
7748,118,50,2026-01-07 12:49:03,0.3561,0
1789,238,40,2026-01-07 12:52:43,0.2232,1
2451,191,99,2026-01-07 12:52:49,0.2708,0
10595,30,42,2026-01-07 13:17:30,0.3206,0
9334,33,8,2026-01-07 13:20:03,0.2692,0
4256,42,0,2026-01-07 13:27:38,0.4712,0
3602,203,14,2026-01-07 13:35:14,0.1518,1
3724,58,115,2026-01-07 13:44:55,0.3338,0
401,219,118,2026-01-07 13:52:12,0.527,0
7587,26,59,2026-01-07 14:35:50,0.8048,0
1949,41,92,2026-01-07 14:54:25,0.6243,0
3713,102,94,2026-01-07 15:01:35,0.0801,1
551,56,68,2026-01-07 15:35:32,0.4418,0
2978,87,14,2026-01-07 15:35:42,0.5952,0
997,206,54,2026-01-07 15:40:46,0.4185,0
548,22,30,2026-01-07 16:12:01,0.7284,0
8978,112,4,2026-01-07 16:43:21,0.5912,0
8132,28,33,2026-01-07 16:44:30,0.2791,0
5818,20,15,2026-01-07 16:47:45,0.8856,0
3274,232,115,2026-01-07 17:07:30,0.707,0
7418,85,100,2026-01-07 17:08:49,0.0,1
1389,27,69,2026-01-07 17:15:07,0.692,0
1556,109,43,2026-01-07 17:15:44,0.4762,0
4584,114,45,2026-01-07 17:22:30,0.7357,0
1686,166,88,2026-01-07 17:31:27,0.6546,0
11294,219,98,2026-01-07 17:40:35,0.0,1
3942,62,41,2026-01-07 17:47:22,0.5341,0
7521,8,105,2026-01-07 17:54:21,0.2438,1
7891,219,87,2026-01-07 17:58:11,0.6505,0
8428,175,101,2026-01-07 18:07:53,0.0616,1
10014,194,89,2026-01-07 18:19:02,1.0,0
3063,134,40,2026-01-07 18:34:37,1.0,0
287,100,75,2026-01-07 18:59:37,0.226,1
1280,92,22,2026-01-07 19:02:27,0.4433,0
1050,38,113,2026-01-07 19:10:59,0.0712,1
4870,21,42,2026-01-07 19:28:26,0.3231,0
10902,40,61,2026-01-07 19:29:42,0.7274,0
2402,104,24,2026-01-07 19:34:47,0.6156,0
2696,173,99,2026-01-07 19:55:00,0.3882,0
2863,73,0,2026-01-07 19:57:01,0.4726,0
5117,181,91,2026-01-07 20:06:06,0.2802,0
6041,210,50,2026-01-07 20:07:34,0.7156,0
2732,142,1,2026-01-07 20:53:33,0.5522,0
7362,143,33,2026-01-07 20:55:08,0.7289,0
2337,143,36,2026-01-07 21:23:46,0.5454,0
11811,125,7,2026-01-07 21:24:38,0.8067,0
10126,130,65,2026-01-07 21:37:26,0.5236,0
11376,100,56,2026-01-07 21:52:10,0.3428,0
2946,42,75,2026-01-07 21:56:55,0.1938,1
3720,194,88,2026-01-07 22:26:55,0.3821,0
4632,213,75,2026-01-07 22:30:47,0.2894,0
1768,3,64,2026-01-07 22:33:04,0.156,1
3283,197,61,2026-01-07 22:35:54,0.4784,0
9535,90,28,2026-01-07 22:52:08,0.3618,0
8941,67,104,2026-01-07 23:05:55,0.0,1
8622,80,119,2026-01-07 23:18:43,0.2848,0
1498,171,3,2026-01-07 23:18:49,0.4346,0
4636,220,59,2026-01-07 23:24:00,0.5077,0
9052,215,55,2026-01-07 23:33:52,0.5501,0
8014,154,119,2026-01-07 23:42:17,0.1223,1
714,38,24,2026-01-07 23:50:43,0.6149,0
5598,124,23,2026-01-07 23:54:59,0.5638,0
245,212,76,2026-01-07 23:55:25,0.5562,0
11056,155,115,2026-01-08 00:02:12,0.0,1
9132,60,29,2026-01-08 00:39:15,0.2542,0
4105,130,38,2026-01-08 00:40:48,0.5378,0
35,139,60,2026-01-08 00:42:52,0.3855,0
1548,60,54,2026-01-08 01:04:09,0.054,1
6770,165,21,2026-01-08 01:07:43,0.4266,0
9130,10,110,2026-01-08 01:10:03,0.2444,1
10713,12,65,2026-01-08 01:10:33,0.3962,0
1750,110,92,2026-01-08 01:13:13,0.5979,0
10590,138,91,2026-01-08 01:14:51,0.9066,0
2393,94,4,2026-01-08 01:19:23,0.4996,0
594,247,113,2026-01-08 01:19:28,0.0,1
11498,209,11,2026-01-08 01:28:39,0.6294,0
7893,26,75,2026-01-08 01:29:58,0.731,0
9596,179,95,2026-01-08 01:37:56,0.1419,1
88,117,100,2026-01-08 01:47:22,0.272,0
10288,226,17,2026-01-08 01:56:29,0.4698,0
10164,161,107,2026-01-08 02:03:02,0.6782,0
2860,218,100,2026-01-08 02:08:48,0.1618,1
1464,11,49,2026-01-08 02:27:45,0.5465,0
5058,96,3,2026-01-08 02:51:58,0.3771,0
9202,178,19,2026-01-08 03:15:39,0.0331,1
10959,180,25,2026-01-08 03:32:06,0.5849,0
358,236,58,2026-01-08 03:32:42,0.7513,0
10468,94,5,2026-01-08 03:47:44,0.5385,0
525,117,73,2026-01-08 03:58:30,0.2504,0
6464,110,7,2026-01-08 04:00:45,0.0566,1
11490,102,13,2026-01-08 04:09:13,0.2695,0
7856,110,73,2026-01-08 04:25:36,0.7939,0
4382,55,96,2026-01-08 04:27:03,0.2381,1
7164,240,26,2026-01-08 04:43:14,0.2248,1
2057,150,46,2026-01-08 05:01:19,1.0,0
7653,127,20,2026-01-08 05:18:25,0.5042,0
11591,129,60,2026-01-08 05:30:24,0.8729,0
10062,90,29,2026-01-08 05:31:05,0.0827,1
542,184,45,2026-01-08 05:33:21,0.5122,0
11528,126,92,2026-01-08 05:54:24,0.1132,1
5417,61,73,2026-01-08 05:56:53,0.0,1
6812,114,7,2026-01-08 06:17:21,0.3359,0
6527,61,39,2026-01-08 06:24:48,0.2817,0
2247,31,6,2026-01-08 06:25:31,0.5497,0
6764,168,1,2026-01-08 06:34:58,0.3833,0
1532,177,86,2026-01-08 06:47:51,0.0,1
415,79,70,2026-01-08 07:04:18,0.3454,0
9525,204,93,2026-01-08 07:32:32,0.3858,0
3470,143,104,2026-01-08 07:34:37,0.3628,0
4513,76,19,2026-01-08 08:23:47,0.6411,0
9926,58,70,2026-01-08 08:29:00,0.1858,1
9036,84,105,2026-01-08 08:53:14,0.4379,0
4046,210,56,2026-01-08 09:03:34,0.9451,0
6629,53,102,2026-01-08 09:21:05,0.1232,1
10711,210,115,2026-01-08 09:24:36,0.4168,0
5721,16,117,2026-01-08 09:42:48,0.416,0
2474,31,54,2026-01-08 09:53:44,0.2769,0
8351,205,29,2026-01-08 09:54:03,0.3125,0
9319,53,47,2026-01-08 10:04:14,1.0,0
1365,10,95,2026-01-08 10:04:30,0.2554,0
4742,87,119,2026-01-08 10:18:56,0.67,0
11642,131,74,2026-01-08 10:24:29,0.6374,0
1688,245,47,2026-01-08 10:24:32,0.561,0
8144,61,67,2026-01-08 10:29:46,0.687,0
9321,226,36,2026-01-08 10:42:26,0.6409,0
9635,219,92,2026-01-08 11:12:36,0.3005,0
9331,113,24,2026-01-08 11:31:00,0.8927,0
10772,49,97,2026-01-08 11:31:03,0.009,1
8022,98,111,2026-01-08 12:32:29,0.2937,0
178,17,61,2026-01-08 12:41:54,0.4805,0
10528,115,79,2026-01-08 12:54:20,1.0,0
8821,113,117,2026-01-08 13:12:58,0.2751,0
1581,6,72,2026-01-08 13:49:29,0.1728,1
3946,189,117,2026-01-08 13:56:42,1.0,0
11319,113,55,2026-01-08 14:32:24,0.2351,1
9979,145,20,2026-01-08 14:32:28,0.1127,1
4694,228,61,2026-01-08 14:39:24,0.5362,0
1478,137,62,2026-01-08 14:46:35,0.9465,0
6306,0,96,2026-01-08 14:52:26,0.6525,0
5756,45,19,2026-01-08 15:00:51,0.4655,0
5928,54,35,2026-01-08 15:26:00,0.0,1
7787,179,18,2026-01-08 15:30:34,0.905,0
2068,46,101,2026-01-08 15:32:48,0.5584,0
2349,163,19,2026-01-08 15:33:00,0.0,1
2103,91,24,2026-01-08 15:53:53,0.5654,0
8946,180,119,2026-01-08 15:55:34,0.1896,1
11588,160,1,2026-01-08 15:58:51,0.4638,0
5697,221,27,2026-01-08 15:59:59,0.5091,0
11400,221,45,2026-01-08 16:13:24,0.5636,0
6837,98,26,2026-01-08 16:23:01,0.3118,0
3922,230,59,2026-01-08 16:24:11,0.4975,0
3567,21,56,2026-01-08 16:35:53,0.9157,0
11206,20,94,2026-01-08 16:35:58,0.6181,0
5424,140,48,2026-01-08 16:38:08,0.0132,1
10324,37,90,2026-01-08 16:47:25,0.0,1
9587,132,97,2026-01-08 16:51:41,0.3593,0
2658,119,26,2026-01-08 17:28:07,0.1729,1
5809,106,110,2026-01-08 17:34:48,1.0,0
10943,83,109,2026-01-08 17:39:01,0.1567,1
6185,11,64,2026-01-08 17:40:06,0.1597,1
7925,14,82,2026-01-08 17:40:31,0.1658,1
9738,100,64,2026-01-08 17:57:52,0.3573,0
10724,161,85,2026-01-08 18:51:38,0.1408,1
10065,94,4,2026-01-08 19:02:17,0.7707,0
5599,149,7,2026-01-08 19:20:10,0.5914,0
1839,67,16,2026-01-08 19:51:36,0.5734,0
2788,204,80,2026-01-08 19:58:56,0.0,1
3734,238,9,2026-01-08 20:00:48,0.5743,0
5994,153,97,2026-01-08 20:36:46,0.6701,0
1015,223,28,2026-01-08 20:39:07,0.7091,0
1121,24,58,2026-01-08 20:45:12,0.3834,0
2167,228,59,2026-01-08 20:53:07,0.2537,0
7223,4,77,2026-01-08 20:53:50,0.6598,0
2963,192,101,2026-01-08 21:15:20,0.2184,1
5665,97,10,2026-01-08 21:41:02,0.0895,1
5750,230,27,2026-01-08 21:50:05,0.1295,1
5577,14,111,2026-01-08 21:51:46,0.4248,0
7806,180,18,2026-01-08 21:53:14,0.0,1
611,65,84,2026-01-08 21:55:55,0.6516,0
8789,21,9,2026-01-08 21:59:36,0.2511,0
9724,166,97,2026-01-08 22:04:36,0.2529,0
7720,173,62,2026-01-08 22:05:13,0.3155,0
2366,109,68,2026-01-08 22:09:50,0.1444,1
3961,168,32,2026-01-08 22:17:44,0.5487,0
1943,213,6,2026-01-08 22:34:28,0.2049,1
4621,131,62,2026-01-08 22:53:43,0.3001,0
6717,130,27,2026-01-08 22:56:19,0.0154,1
8131,197,40,2026-01-08 23:07:52,0.8179,0
7384,168,18,2026-01-08 23:49:20,0.632,0
1440,161,29,2026-01-09 00:08:07,0.0,1
3904,20,3,2026-01-09 00:09:25,0.1059,1
5103,134,21,2026-01-09 00:20:53,0.7151,0
8360,191,71,2026-01-09 00:51:13,0.4574,0
155,13,37,2026-01-09 00:55:45,0.1606,1
11943,211,54,2026-01-09 01:04:20,0.7279,0
11493,149,29,2026-01-09 01:25:08,0.6473,0
7692,77,21,2026-01-09 01:31:08,0.2754,0
8778,164,52,2026-01-09 01:39:10,0.628,0
766,155,86,2026-01-09 01:41:58,0.6283,0
5407,194,12,2026-01-09 02:08:04,0.3989,0
4774,237,76,2026-01-09 02:11:50,0.4897,0
10605,217,17,2026-01-09 02:13:37,0.5764,0
3841,6,85,2026-01-09 02:14:01,0.2339,1
1936,209,39,2026-01-09 02:14:50,0.412,0
7607,84,118,2026-01-09 02:36:00,0.4515,0
10131,115,57,2026-01-09 02:44:46,1.0,0
3889,110,3,2026-01-09 03:02:21,0.7339,0
10145,88,50,2026-01-09 03:21:57,0.1255,1
11129,189,116,2026-01-09 03:22:20,0.4624,0
3572,52,111,2026-01-09 03:47:37,0.5193,0
6614,37,114,2026-01-09 03:51:36,0.0,1
5964,107,7,2026-01-09 03:52:36,0.4789,0
2498,219,103,2026-01-09 03:57:40,0.7505,0
8992,114,112,2026-01-09 04:01:52,0.165,1
9717,71,47,2026-01-09 04:03:49,0.2353,1
575,247,14,2026-01-09 04:04:33,0.1798,1
11180,142,43,2026-01-09 04:05:02,1.0,0
2002,248,7,2026-01-09 04:21:42,0.5966,0
10060,234,69,2026-01-09 04:39:47,0.1128,1
3592,36,78,2026-01-09 05:03:41,0.2139,1
1337,101,109,2026-01-09 05:09:36,0.2408,1
5917,168,7,2026-01-09 05:13:45,0.6216,0
9859,162,14,2026-01-09 05:18:45,0.5591,0
2545,201,52,2026-01-09 05:27:28,0.6213,0
1028,143,3,2026-01-09 05:37:39,0.5741,0
7421,206,74,2026-01-09 05:38:33,0.3716,0
10706,162,57,2026-01-09 05:44:00,0.263,0
235,130,64,2026-01-09 05:44:12,0.4869,0
9594,85,78,2026-01-09 05:49:45,0.2122,1
11462,138,77,2026-01-09 05:50:38,0.5854,0
5483,187,82,2026-01-09 06:04:29,0.4285,0
11200,87,10,2026-01-09 06:26:36,0.39,0
4826,164,112,2026-01-09 06:39:30,0.0,1
2508,105,104,2026-01-09 06:55:59,0.3406,0
3234,220,110,2026-01-09 07:00:18,0.0007,1
1551,89,64,2026-01-09 07:02:16,0.0,1
2107,120,21,2026-01-09 07:11:42,0.4253,0
2190,40,69,2026-01-09 07:38:50,0.4183,0
10380,204,62,2026-01-09 07:47:46,0.2216,1
10742,176,104,2026-01-09 07:59:14,0.8253,0
11997,157,79,2026-01-09 08:16:55,0.7687,0
2309,225,44,2026-01-09 08:23:44,0.4279,0
10441,104,87,2026-01-09 08:33:44,0.4732,0
9243,72,49,2026-01-09 08:34:56,0.1837,1
8918,138,41,2026-01-09 08:38:40,0.5843,0
7432,86,88,2026-01-09 09:01:12,0.1695,1
6432,159,63,2026-01-09 09:11:42,0.2996,0
6926,59,32,2026-01-09 09:15:44,0.9052,0
4038,226,31,2026-01-09 09:22:36,0.424,0
7903,183,60,2026-01-09 09:32:53,0.9381,0
3389,237,67,2026-01-09 09:39:25,0.1835,1
10077,120,12,2026-01-09 09:41:03,0.55,0
11464,156,105,2026-01-09 09:57:08,0.2523,0
8025,170,106,2026-01-09 10:07:38,0.1604,1
8358,132,119,2026-01-09 10:11:04,0.1326,1
11039,29,64,2026-01-09 10:21:36,0.3887,0
743,213,35,2026-01-09 10:23:24,0.5911,0
8530,132,15,2026-01-09 10:49:35,0.0413,1
10567,203,62,2026-01-09 10:51:52,0.4086,0
11680,133,12,2026-01-09 10:55:14,0.7998,0
8784,98,110,2026-01-09 10:56:16,0.254,0
11292,235,106,2026-01-09 10:59:17,0.5118,0
6825,86,105,2026-01-09 11:02:06,0.1886,1
748,165,86,2026-01-09 11:26:53,0.5012,0
4183,105,66,2026-01-09 11:27:07,0.0153,1
8434,159,61,2026-01-09 11:30:36,0.0,1
10054,181,16,2026-01-09 11:45:00,0.6031,0
4203,100,106,2026-01-09 12:18:13,0.4026,0
5804,149,55,2026-01-09 12:30:40,0.4857,0
60,69,10,2026-01-09 14:07:35,0.3074,0
1471,187,11,2026-01-09 14:18:05,0.2976,0
9511,164,103,2026-01-09 14:34:21,0.9284,0
3939,155,72,2026-01-09 14:37:05,0.5342,0
6125,91,96,2026-01-09 14:46:22,0.1897,1
4103,231,16,2026-01-09 15:03:30,0.4481,0
404,35,101,2026-01-09 15:05:48,0.7723,0
5514,76,15,2026-01-09 15:09:20,0.3357,0
11211,179,98,2026-01-09 15:13:59,0.3585,0
3885,174,39,2026-01-09 15:17:02,0.6063,0
2199,233,111,2026-01-09 15:26:34,0.0635,1
10252,11,119,2026-01-09 15:32:30,0.5479,0
8478,243,42,2026-01-09 15:34:09,0.4177,0
2468,52,25,2026-01-09 15:36:02,0.4837,0
2712,162,33,2026-01-09 15:44:37,1.0,0
5786,187,10,2026-01-09 15:56:44,0.633,0
1992,210,115,2026-01-09 16:04:26,0.216,1
11067,144,11,2026-01-09 16:07:18,0.5297,0
1132,109,27,2026-01-09 16:17:35,0.2211,1
5527,112,114,2026-01-09 16:40:53,0.5985,0
3962,197,103,2026-01-09 16:57:45,0.749,0
4736,142,90,2026-01-09 17:09:24,0.5794,0
1790,189,97,2026-01-09 17:11:28,0.0132,1
6529,86,98,2026-01-09 17:30:45,0.0795,1
6393,104,103,2026-01-09 17:35:56,0.0,1
3617,215,8,2026-01-09 17:51:00,0.254,0
9977,239,5,2026-01-09 17:51:01,0.1688,1
3838,56,27,2026-01-09 17:58:58,0.3911,0
1011,112,34,2026-01-09 18:16:23,0.4498,0
5969,75,72,2026-01-09 18:19:41,0.0,1
9917,6,111,2026-01-09 18:22:30,0.0854,1
3472,168,67,2026-01-09 18:27:17,0.1788,1
1450,109,37,2026-01-09 18:28:09,0.3244,0
9449,232,26,2026-01-09 18:34:19,0.1186,1
9337,181,15,2026-01-09 18:47:42,0.4162,0
5869,212,32,2026-01-09 18:56:09,0.2551,0
5785,172,73,2026-01-09 19:16:57,0.0799,1
394,91,43,2026-01-09 19:34:27,0.6902,0
6682,25,81,2026-01-09 19:51:50,0.4243,0
5132,113,4,2026-01-09 19:55:09,0.0,1
10643,121,20,2026-01-09 19:55:31,0.0355,1
7144,13,33,2026-01-09 20:06:34,0.6198,0
1755,68,30,2026-01-09 20:37:28,0.4791,0
2939,53,113,2026-01-09 20:42:23,0.1665,1
9160,28,81,2026-01-09 20:57:22,0.1568,1
3214,213,90,2026-01-09 21:21:06,0.5831,0
8098,220,84,2026-01-09 21:36:43,0.6384,0
11328,92,115,2026-01-09 21:36:46,0.6531,0
2274,121,54,2026-01-09 21:45:49,0.1446,1
10009,88,68,2026-01-09 21:48:06,0.2103,1
3612,203,80,2026-01-09 21:51:08,0.1499,1
9022,124,50,2026-01-09 22:05:55,0.4842,0
606,114,11,2026-01-09 22:24:33,0.5322,0
4438,171,46,2026-01-09 22:26:26,0.0,1
10916,48,6,2026-01-09 22:31:47,0.617,0
109,141,13,2026-01-09 22:41:05,0.7507,0
10702,129,54,2026-01-09 22:47:12,0.5439,0
8220,107,49,2026-01-09 22:48:53,0.5095,0
4035,64,107,2026-01-09 22:53:27,0.5089,0
4801,90,53,2026-01-09 23:10:40,0.6041,0
5439,236,45,2026-01-09 23:23:19,0.363,0
4834,50,62,2026-01-09 23:33:01,0.5004,0
4278,121,35,2026-01-09 23:42:46,0.3945,0
6730,239,55,2026-01-09 23:42:48,0.797,0
9716,18,66,2026-01-09 23:56:43,0.1564,1
11857,41,114,2026-01-10 00:10:47,0.6372,0
1001,88,41,2026-01-10 00:20:40,0.1176,1
5380,202,105,2026-01-10 00:49:04,0.4464,0
10059,38,48,2026-01-10 00:52:06,1.0,0
6793,15,95,2026-01-10 01:03:00,0.3198,0
11327,44,12,2026-01-10 01:22:17,0.7901,0
3001,208,28,2026-01-10 01:33:36,0.6104,0
6257,142,73,2026-01-10 01:40:05,0.3696,0
9138,210,97,2026-01-10 02:17:58,0.7281,0
5997,245,20,2026-01-10 02:19:10,0.5965,0
1654,147,8,2026-01-10 02:23:46,0.6434,0
5304,70,59,2026-01-10 02:25:18,0.2088,1
3533,153,1,2026-01-10 02:30:43,0.7688,0
3162,209,7,2026-01-10 03:46:00,0.0271,1
9240,131,116,2026-01-10 03:57:44,0.2926,0
10632,178,76,2026-01-10 04:02:56,0.0,1
3874,232,42,2026-01-10 04:09:04,0.0773,1
6984,62,111,2026-01-10 04:09:20,0.5712,0
6033,240,110,2026-01-10 04:11:49,0.6663,0
6459,215,35,2026-01-10 04:13:05,0.1374,1
3476,235,92,2026-01-10 04:17:12,0.4432,0
9713,82,18,2026-01-10 04:30:54,0.5877,0
9959,206,77,2026-01-10 04:50:40,0.0,1
5313,34,51,2026-01-10 04:59:51,0.1935,1
8091,131,117,2026-01-10 05:15:25,0.5488,0
4815,217,78,2026-01-10 05:15:45,0.2925,0
8994,129,41,2026-01-10 05:51:07,0.4539,0
11664,11,53,2026-01-10 05:55:26,0.5807,0
6340,42,35,2026-01-10 06:01:08,0.3964,0
10318,67,101,2026-01-10 06:04:50,0.1201,1
4088,108,13,2026-01-10 06:16:53,0.1209,1
11684,54,87,2026-01-10 06:34:35,0.3432,0
181,181,47,2026-01-10 06:36:06,0.6698,0
11460,183,66,2026-01-10 06:36:41,0.5315,0
6086,196,35,2026-01-10 06:46:54,0.1746,1
6050,2,75,2026-01-10 06:58:19,0.4702,0
9166,145,88,2026-01-10 07:21:05,0.1151,1
9490,35,63,2026-01-10 07:35:37,0.3787,0
4349,40,18,2026-01-10 07:49:18,0.5157,0
5122,174,21,2026-01-10 08:13:04,0.3444,0
2520,184,17,2026-01-10 08:21:44,0.5413,0
6045,104,7,2026-01-10 08:39:25,0.1717,1
9234,20,51,2026-01-10 08:41:35,0.5033,0
3343,49,26,2026-01-10 08:45:18,0.6272,0
2657,174,89,2026-01-10 08:54:11,0.5007,0
6473,8,41,2026-01-10 09:15:03,0.7009,0
10151,140,78,2026-01-10 09:22:17,0.6523,0
9668,212,115,2026-01-10 09:35:02,0.7547,0
2268,166,18,2026-01-10 09:53:29,0.5436,0
1469,148,66,2026-01-10 10:08:32,0.4639,0
9378,155,85,2026-01-10 10:09:07,0.0,1
6780,22,71,2026-01-10 10:19:27,0.2297,1
2136,89,55,2026-01-10 10:28:00,0.4972,0
282,212,24,2026-01-10 10:29:19,0.4152,0
11481,87,20,2026-01-10 10:35:51,0.4736,0
6089,97,58,2026-01-10 10:39:11,0.2042,1
7874,81,71,2026-01-10 10:53:35,0.1604,1
3431,89,69,2026-01-10 10:58:42,1.0,0
10520,123,57,2026-01-10 11:11:28,0.2413,1
6503,69,39,2026-01-10 11:22:05,0.8521,0
8756,178,105,2026-01-10 11:51:42,1.0,0
7877,31,46,2026-01-10 11:56:17,0.3776,0
3496,198,62,2026-01-10 12:06:30,0.5374,0
4981,182,60,2026-01-10 12:10:05,0.3454,0
10905,177,85,2026-01-10 12:11:03,0.3826,0
3420,196,13,2026-01-10 12:32:30,0.1673,1
1541,119,106,2026-01-10 13:12:46,0.0,1
8192,58,117,2026-01-10 13:12:56,0.3206,0
5713,34,110,2026-01-10 13:34:50,0.448,0
9072,104,22,2026-01-10 13:41:13,0.5858,0
4307,100,68,2026-01-10 13:45:08,0.7114,0
3899,64,60,2026-01-10 13:48:28,0.2455,1
5144,122,61,2026-01-10 13:50:00,0.6921,0
553,184,17,2026-01-10 13:57:36,0.3837,0
1147,103,5,2026-01-10 14:06:00,0.2247,1
10048,243,89,2026-01-10 14:18:53,0.0612,1
3268,170,9,2026-01-10 14:32:14,0.2364,1
346,25,62,2026-01-10 14:34:01,0.2984,0
9392,59,111,2026-01-10 14:45:26,0.0097,1
11399,78,59,2026-01-10 15:08:51,0.2343,1
4475,163,91,2026-01-10 15:12:42,0.0261,1
10915,101,94,2026-01-10 15:25:38,0.1816,1
9464,150,14,2026-01-10 15:33:24,0.526,0
7294,172,94,2026-01-10 15:40:03,0.2535,0
2711,236,98,2026-01-10 16:08:43,0.5384,0
9707,138,106,2026-01-10 16:10:17,0.1845,1
11554,5,118,2026-01-10 16:12:55,0.176,1
10451,38,32,2026-01-10 16:16:24,0.1417,1
11553,44,18,2026-01-10 16:18:54,0.4378,0
3551,35,73,2026-01-10 16:20:10,0.3353,0
2354,178,94,2026-01-10 16:21:42,0.852,0
7064,159,49,2026-01-10 16:29:59,0.0,1
5273,100,81,2026-01-10 17:00:34,0.3978,0
1425,3,24,2026-01-10 17:24:27,1.0,0
8450,188,59,2026-01-10 17:27:40,0.4884,0
11541,165,76,2026-01-10 17:31:58,0.4354,0
11470,163,63,2026-01-10 17:45:14,0.6723,0
2517,38,7,2026-01-10 18:37:01,0.327,0
8297,1,56,2026-01-10 18:49:55,0.0694,1
220,28,96,2026-01-10 18:59:01,0.0,1
718,166,78,2026-01-10 19:17:02,0.4687,0
10887,80,7,2026-01-10 19:17:15,0.523,0
3012,20,115,2026-01-10 19:19:29,1.0,0
4104,80,102,2026-01-10 19:38:11,0.0,1
2058,135,90,2026-01-10 19:43:15,0.1139,1
10321,129,8,2026-01-10 19:46:37,0.6009,0
4962,105,46,2026-01-10 20:15:00,1.0,0
8208,132,108,2026-01-10 20:26:00,0.6526,0
2485,40,9,2026-01-10 20:34:25,0.1068,1
9002,51,2,2026-01-10 20:51:11,0.793,0
3658,55,82,2026-01-10 21:08:32,0.3202,0
4780,51,19,2026-01-10 21:17:03,0.453,0
3158,119,22,2026-01-10 21:20:29,0.4838,0
7246,9,74,2026-01-10 21:23:14,0.2686,0
10274,222,102,2026-01-10 21:26:48,0.585,0
6908,197,60,2026-01-10 21:37:33,0.1842,1
1104,229,117,2026-01-10 21:38:06,0.0,1
315,220,96,2026-01-10 21:41:36,0.2904,0
1940,35,33,2026-01-10 21:41:52,0.3064,0
10996,216,89,2026-01-10 21:45:19,0.199,1
3945,53,33,2026-01-10 21:51:21,0.6737,0
2883,236,44,2026-01-10 21:55:16,0.1845,1
2381,36,9,2026-01-10 22:03:43,0.6924,0
5051,179,116,2026-01-10 22:06:31,0.3107,0
977,108,84,2026-01-10 22:30:31,0.9563,0
8007,60,8,2026-01-10 22:35:14,0.6512,0
1481,42,30,2026-01-10 23:06:53,0.6839,0
6878,187,48,2026-01-10 23:42:10,0.5257,0
2873,185,62,2026-01-10 23:47:47,0.3206,0
3152,183,99,2026-01-10 23:59:48,0.0,1
11003,49,8,2026-01-11 00:00:13,0.4185,0
7221,152,78,2026-01-11 00:01:19,0.6166,0
9005,218,54,2026-01-11 00:14:17,0.7162,0
9017,56,102,2026-01-11 00:15:11,0.4752,0
7280,116,44,2026-01-11 00:24:22,0.6151,0
11008,103,12,2026-01-11 00:50:18,0.4303,0
1978,209,24,2026-01-11 00:53:28,0.0,1
1458,17,73,2026-01-11 01:39:42,0.0,1
8293,211,112,2026-01-11 01:40:00,0.3607,0
4272,7,114,2026-01-11 01:41:45,0.6063,0
8933,111,96,2026-01-11 01:56:04,0.0017,1
1573,90,3,2026-01-11 01:59:26,0.1768,1
7901,52,2,2026-01-11 02:23:10,0.0276,1
2180,57,78,2026-01-11 02:27:48,0.6477,0
9898,88,43,2026-01-11 02:55:30,0.4289,0
10800,41,53,2026-01-11 03:07:58,0.0103,1
5545,162,1,2026-01-11 03:49:52,0.4404,0
6952,89,109,2026-01-11 04:11:46,0.4831,0
2680,31,100,2026-01-11 04:12:36,0.7675,0
2553,143,64,2026-01-11 04:32:30,0.4163,0
8499,74,69,2026-01-11 04:33:35,0.3592,0
11835,104,101,2026-01-11 04:37:00,0.1757,1
7065,21,96,2026-01-11 04:55:57,0.161,1
3610,46,54,2026-01-11 04:56:33,0.2199,1
11682,186,94,2026-01-11 05:04:58,0.3577,0
3538,150,23,2026-01-11 05:12:51,0.2727,0
7758,70,25,2026-01-11 05:23:49,0.4979,0
567,238,17,2026-01-11 05:28:31,0.6648,0
3112,195,95,2026-01-11 05:33:12,0.5352,0
885,145,10,2026-01-11 05:38:09,0.8653,0
11698,84,109,2026-01-11 05:39:16,0.8496,0
5518,218,79,2026-01-11 05:54:24,0.0015,1
3312,100,25,2026-01-11 06:25:44,0.1634,1
1727,127,103,2026-01-11 06:39:00,0.1193,1
8534,80,72,2026-01-11 06:50:47,0.2163,1
1670,127,34,2026-01-11 06:58:30,0.0228,1
2003,65,47,2026-01-11 07:08:49,0.0,1
2807,154,35,2026-01-11 07:20:42,0.1665,1
4316,230,113,2026-01-11 07:32:16,0.0493,1
990,146,9,2026-01-11 07:32:39,0.467,0
8896,60,64,2026-01-11 07:38:58,0.3962,0
3123,135,89,2026-01-11 07:44:01,0.6869,0
2234,28,90,2026-01-11 07:47:33,0.3798,0
2098,191,3,2026-01-11 07:51:38,0.5583,0
4816,89,103,2026-01-11 07:55:43,0.0,1
6937,168,24,2026-01-11 08:00:20,0.0,1
2770,28,59,2026-01-11 08:03:08,0.506,0
9413,60,33,2026-01-11 08:21:13,0.0209,1
6438,193,5,2026-01-11 08:34:50,0.0013,1
5566,180,19,2026-01-11 08:40:26,0.2813,0
9377,65,70,2026-01-11 09:02:44,0.9346,0
5612,228,111,2026-01-11 09:03:56,0.0258,1
20,26,89,2026-01-11 09:15:42,0.1474,1
11691,48,44,2026-01-11 09:22:56,0.3334,0
5714,176,80,2026-01-11 09:43:33,0.4204,0
1113,90,13,2026-01-11 09:59:44,0.0,1
2296,71,28,2026-01-11 10:15:10,0.0,1
9681,178,73,2026-01-11 10:17:34,0.544,0
11026,102,80,2026-01-11 10:47:21,0.5522,0
10558,170,35,2026-01-11 10:53:43,0.324,0
2284,96,102,2026-01-11 10:59:49,0.1526,1
11643,58,78,2026-01-11 11:07:13,0.6001,0
10356,32,95,2026-01-11 11:13:06,0.1902,1
7816,135,52,2026-01-11 11:15:16,0.2894,0
2948,109,30,2026-01-11 11:25:57,0.0,1
5120,182,56,2026-01-11 11:41:12,0.4212,0
121,22,104,2026-01-11 11:53:07,0.5603,0
9577,100,104,2026-01-11 12:04:49,0.5199,0
1585,49,48,2026-01-11 12:12:39,0.3653,0
11552,99,9,2026-01-11 12:37:07,0.5313,0
1642,208,18,2026-01-11 12:56:36,0.3511,0
7155,184,10,2026-01-11 13:07:52,0.3038,0
2179,177,15,2026-01-11 13:10:32,0.2858,0
11382,222,65,2026-01-11 13:19:08,0.8055,0
4028,234,8,2026-01-11 13:37:43,0.4808,0
9284,78,116,2026-01-11 14:04:44,0.0,1
5901,173,91,2026-01-11 14:18:58,0.1625,1
4540,125,113,2026-01-11 14:25:48,0.4511,0
992,35,42,2026-01-11 15:09:16,0.3117,0
4977,45,56,2026-01-11 15:26:34,0.2681,0
1874,72,85,2026-01-11 15:33:16,0.0458,1
294,67,71,2026-01-11 15:33:52,0.6054,0
386,63,88,2026-01-11 15:42:50,0.7527,0
1760,31,86,2026-01-11 15:45:08,0.3131,0
8937,35,14,2026-01-11 15:54:19,0.2978,0
8196,176,93,2026-01-11 16:45:34,0.3078,0
5104,188,6,2026-01-11 16:47:12,0.1114,1
3228,23,34,2026-01-11 16:47:46,0.7213,0
2703,126,93,2026-01-11 16:50:23,0.7915,0
5095,94,66,2026-01-11 17:01:31,0.0,1
6474,85,32,2026-01-11 17:04:10,0.5214,0
7024,61,71,2026-01-11 17:13:32,0.1802,1
5043,32,107,2026-01-11 17:35:38,0.2572,0
10638,200,40,2026-01-11 17:39:16,0.4081,0
3519,149,98,2026-01-11 18:19:24,0.4689,0
9306,217,98,2026-01-11 18:25:48,0.178,1
5715,91,91,2026-01-11 18:28:39,0.0925,1
2655,14,75,2026-01-11 18:58:48,0.2882,0
9107,180,15,2026-01-11 19:10:10,0.275,0
7864,32,42,2026-01-11 19:45:40,0.3727,0
10673,13,29,2026-01-11 19:50:19,0.0,1
6742,176,112,2026-01-11 19:53:04,0.563,0
10117,161,31,2026-01-11 20:12:55,0.4418,0
9960,210,36,2026-01-11 20:25:35,0.2084,1
6781,138,46,2026-01-11 20:26:11,0.5942,0
1809,82,54,2026-01-11 20:34:33,0.091,1
2685,192,57,2026-01-11 20:36:09,1.0,0
2900,177,19,2026-01-11 20:48:06,0.5473,0
4291,47,69,2026-01-11 20:52:27,0.4,0
7428,82,65,2026-01-11 21:19:49,0.4305,0
8052,123,28,2026-01-11 21:26:48,0.4745,0
9467,200,110,2026-01-11 21:35:26,0.0579,1
5464,235,30,2026-01-11 21:38:02,0.5979,0
9483,139,25,2026-01-11 21:52:24,0.8464,0
9690,57,13,2026-01-11 22:03:23,0.217,1
2713,95,28,2026-01-11 22:19:53,0.7344,0
10746,68,41,2026-01-11 22:24:39,0.7013,0
5030,106,102,2026-01-11 22:50:53,0.0996,1
11577,80,119,2026-01-11 23:06:30,0.0,1
4157,234,11,2026-01-11 23:15:08,0.0536,1
5448,175,47,2026-01-11 23:42:44,0.9398,0
2593,229,8,2026-01-12 00:03:25,1.0,0
3956,76,102,2026-01-12 00:12:41,0.9254,0
4390,166,116,2026-01-12 00:34:05,0.0,1
9121,129,4,2026-01-12 00:35:31,1.0,0
1271,164,6,2026-01-12 00:39:33,0.4832,0
1574,175,45,2026-01-12 00:42:19,0.2419,1
6153,28,83,2026-01-12 00:43:15,0.221,1
1681,130,36,2026-01-12 00:52:50,0.4519,0
11052,225,106,2026-01-12 00:55:24,0.4414,0
2187,153,103,2026-01-12 01:22:13,0.3325,0
6042,242,10,2026-01-12 01:35:46,0.0,1
4220,198,83,2026-01-12 01:35:59,0.5214,0
1796,220,37,2026-01-12 01:42:21,0.3523,0
2902,174,78,2026-01-12 01:55:47,0.2554,0
6659,43,110,2026-01-12 02:03:28,0.6901,0
2949,137,4,2026-01-12 02:11:53,0.3877,0
10256,111,34,2026-01-12 02:26:28,0.7258,0
9438,242,17,2026-01-12 02:31:44,0.1379,1
6397,231,66,2026-01-12 02:50:21,0.2814,0
4984,57,94,2026-01-12 03:05:39,0.2186,1
2527,118,75,2026-01-12 03:25:01,0.607,0
11916,13,55,2026-01-12 03:28:33,0.3373,0
5041,105,56,2026-01-12 03:57:26,0.4645,0
9099,64,109,2026-01-12 04:18:14,0.6017,0
4596,196,27,2026-01-12 04:19:09,0.507,0
8613,112,102,2026-01-12 04:24:57,0.469,0
9020,155,45,2026-01-12 04:31:44,0.4725,0
7516,76,38,2026-01-12 04:39:48,0.2292,1
7361,105,38,2026-01-12 04:55:12,0.469,0
5063,48,60,2026-01-12 04:59:16,1.0,0
11640,103,17,2026-01-12 05:02:33,0.7661,0
3861,234,111,2026-01-12 05:03:07,0.3684,0
706,8,85,2026-01-12 05:17:56,0.6391,0
5360,126,100,2026-01-12 05:26:34,0.318,0
3846,48,58,2026-01-12 05:29:30,0.3266,0
11044,149,53,2026-01-12 05:35:30,0.7507,0
9401,57,101,2026-01-12 05:58:09,0.3667,0
7429,230,23,2026-01-12 06:25:18,0.0,1
1031,58,28,2026-01-12 06:32:10,0.6385,0
8625,174,59,2026-01-12 06:42:10,0.4483,0
4681,208,18,2026-01-12 06:59:07,0.3511,0
4001,232,20,2026-01-12 07:09:32,0.1879,1
2985,240,52,2026-01-12 07:20:40,0.7593,0
5860,101,57,2026-01-12 07:37:40,0.3888,0
4047,159,18,2026-01-12 07:43:01,0.2992,0
2897,144,82,2026-01-12 07:45:33,0.3619,0
2291,52,92,2026-01-12 07:53:22,0.0263,1
634,66,15,2026-01-12 07:55:50,0.4622,0
1283,3,71,2026-01-12 07:59:26,0.3627,0
10503,84,99,2026-01-12 08:11:15,0.4966,0
5533,125,93,2026-01-12 08:14:29,1.0,0
7050,144,85,2026-01-12 08:28:33,0.3728,0
1957,199,20,2026-01-12 08:29:13,0.4627,0
11247,49,7,2026-01-12 08:33:55,0.6134,0
7376,64,98,2026-01-12 08:38:16,0.2325,1
4641,69,6,2026-01-12 08:41:15,0.4649,0
6791,178,91,2026-01-12 08:47:44,0.1629,1
10545,13,77,2026-01-12 08:49:24,0.3848,0
6944,114,106,2026-01-12 08:57:13,0.0,1
9569,101,74,2026-01-12 09:02:26,0.4603,0
1480,55,9,2026-01-12 09:09:32,0.4327,0
6322,0,99,2026-01-12 09:37:48,0.1306,1
8851,51,103,2026-01-12 09:38:41,0.1447,1
7148,184,28,2026-01-12 10:01:53,0.5092,0
5276,188,105,2026-01-12 10:24:23,0.2045,1
8340,135,28,2026-01-12 10:42:35,0.3673,0
6869,181,115,2026-01-12 10:53:10,0.6091,0
321,159,95,2026-01-12 11:19:02,0.4394,0
3217,103,82,2026-01-12 11:25:48,0.5599,0
10448,18,60,2026-01-12 11:42:53,0.7587,0
502,30,13,2026-01-12 11:48:43,0.4281,0
9362,54,71,2026-01-12 12:10:09,0.2671,0
4518,230,40,2026-01-12 12:16:19,0.065,1
7489,127,109,2026-01-12 12:20:38,0.5262,0
4131,98,64,2026-01-12 13:02:21,0.4125,0
1340,6,41,2026-01-12 13:06:21,0.8205,0
10594,95,47,2026-01-12 13:16:48,0.0454,1
5709,11,76,2026-01-12 13:30:54,0.4237,0
2115,175,43,2026-01-12 13:33:45,0.4231,0
153,34,98,2026-01-12 13:39:19,0.2058,1
7663,158,30,2026-01-12 13:48:53,0.2784,0
1429,236,62,2026-01-12 13:52:17,0.2596,0
8917,244,4,2026-01-12 13:52:36,0.5297,0
8431,231,95,2026-01-12 13:55:24,0.3943,0
7688,52,77,2026-01-12 13:56:42,0.15,1
11128,155,5,2026-01-12 13:57:44,0.7928,0
55,95,23,2026-01-12 14:05:19,0.4295,0
9703,129,107,2026-01-12 14:29:57,0.2525,0
9715,184,37,2026-01-12 14:43:19,0.4257,0
1630,99,105,2026-01-12 14:46:48,0.2167,1
3960,101,22,2026-01-12 15:12:28,0.5837,0
1241,193,17,2026-01-12 15:46:13,1.0,0
10998,30,102,2026-01-12 16:03:31,0.2541,0
734,21,36,2026-01-12 16:39:09,0.5072,0
9935,57,56,2026-01-12 16:41:22,0.3059,0
3168,235,63,2026-01-12 16:49:54,0.0722,1
4354,124,34,2026-01-12 16:50:33,0.0815,1
6407,59,52,2026-01-12 17:27:30,0.0708,1
1641,113,47,2026-01-12 17:34:00,0.7432,0
3359,186,76,2026-01-12 17:34:30,0.7812,0
11015,49,64,2026-01-12 17:47:36,0.6531,0
3319,26,20,2026-01-12 17:52:49,0.3517,0
522,62,62,2026-01-12 18:41:42,0.4947,0
6408,244,17,2026-01-12 18:44:53,0.2624,0
920,23,28,2026-01-12 18:48:13,0.0,1
3011,7,94,2026-01-12 19:06:30,0.1802,1
6029,124,111,2026-01-12 19:12:55,0.4902,0
5939,117,22,2026-01-12 19:14:17,1.0,0
5184,38,66,2026-01-12 19:23:40,0.0918,1
8619,225,32,2026-01-12 19:59:43,0.6344,0
9409,15,119,2026-01-12 20:01:29,0.7663,0
6896,181,92,2026-01-12 20:01:49,0.2143,1
2441,3,34,2026-01-12 20:34:51,0.6119,0
5968,180,96,2026-01-12 20:35:49,0.6164,0
1323,55,47,2026-01-12 21:29:26,0.0,1
6470,16,33,2026-01-12 21:35:39,0.3816,0
2799,138,72,2026-01-12 21:45:53,0.0469,1
3231,48,73,2026-01-12 21:56:07,0.6311,0
5849,95,112,2026-01-12 22:01:04,0.6903,0
10415,175,117,2026-01-12 22:18:14,0.2042,1
9347,168,2,2026-01-12 22:21:53,0.3628,0
2158,189,10,2026-01-12 22:25:12,0.4947,0
3564,144,22,2026-01-12 22:44:57,0.692,0
4085,40,8,2026-01-12 22:47:22,1.0,0
850,124,77,2026-01-12 23:14:29,0.1563,1
3448,39,75,2026-01-12 23:33:36,0.4778,0
9019,194,47,2026-01-12 23:46:07,0.1076,1
9734,57,58,2026-01-12 23:46:50,0.0244,1
6372,244,63,2026-01-12 23:52:14,0.5587,0
1234,73,14,2026-01-12 23:52:22,0.2869,0
9665,100,58,2026-01-12 23:59:46,0.1981,1
5732,96,58,2026-01-13 00:01:15,0.2619,0
1621,209,52,2026-01-13 00:01:55,0.395,0
162,46,18,2026-01-13 00:03:01,0.0,1
10294,158,33,2026-01-13 00:16:08,0.3758,0
3373,10,52,2026-01-13 00:18:15,0.0032,1
283,211,96,2026-01-13 00:28:24,0.0232,1
5914,175,55,2026-01-13 00:42:51,0.4585,0
11298,119,74,2026-01-13 00:49:09,0.1933,1
10658,241,42,2026-01-13 00:54:17,0.5185,0
9516,133,75,2026-01-13 01:24:25,0.6285,0
8861,94,34,2026-01-13 01:29:01,0.5687,0
11302,220,109,2026-01-13 01:40:08,0.6697,0
10242,121,4,2026-01-13 01:41:42,0.8062,0
987,9,16,2026-01-13 01:43:51,0.4399,0
11888,160,4,2026-01-13 02:06:31,0.6206,0
2186,133,95,2026-01-13 02:16:41,0.7732,0
7624,182,101,2026-01-13 02:41:52,0.7728,0
4537,243,94,2026-01-13 03:13:10,0.7154,0
5824,29,38,2026-01-13 03:14:34,0.0448,1
11430,127,24,2026-01-13 03:22:38,0.6403,0
9214,240,90,2026-01-13 03:27:11,0.2502,0
7687,219,57,2026-01-13 03:45:04,0.5316,0
7075,120,102,2026-01-13 04:04:53,0.2363,1
10537,22,20,2026-01-13 04:04:55,0.1658,1
10960,189,119,2026-01-13 04:14:04,0.3582,0
1769,176,48,2026-01-13 04:15:35,0.7199,0
6043,156,0,2026-01-13 04:20:24,0.5823,0
7541,119,71,2026-01-13 04:50:42,0.7089,0
10445,93,19,2026-01-13 05:03:57,0.5038,0
8245,30,41,2026-01-13 05:05:00,0.8267,0
7210,154,1,2026-01-13 05:05:42,1.0,0
9934,85,117,2026-01-13 05:30:01,0.4434,0
5373,218,54,2026-01-13 05:54:59,0.7792,0
2447,147,104,2026-01-13 06:07:27,0.2709,0
6759,163,116,2026-01-13 06:52:15,0.9682,0
4990,46,78,2026-01-13 07:04:42,0.2056,1
6246,139,56,2026-01-13 07:05:52,0.407,0
10043,127,6,2026-01-13 07:09:07,0.2043,1
11796,1,79,2026-01-13 07:42:58,0.466,0
5334,63,37,2026-01-13 09:00:31,0.2991,0
2937,10,16,2026-01-13 09:14:22,0.0808,1
11062,204,61,2026-01-13 09:16:20,0.7019,0
11504,217,68,2026-01-13 09:18:55,0.4992,0
3382,9,115,2026-01-13 09:36:53,0.7498,0
1295,64,47,2026-01-13 10:38:18,0.8825,0
7258,84,86,2026-01-13 10:53:57,0.4471,0
8451,126,44,2026-01-13 11:02:58,0.4155,0
5611,220,94,2026-01-13 11:11:58,0.5544,0
4002,242,27,2026-01-13 11:14:40,0.7279,0
62,166,99,2026-01-13 11:25:38,0.2922,0
4268,191,73,2026-01-13 11:30:32,0.3092,0
6467,131,6,2026-01-13 11:32:29,0.0,1
2134,73,6,2026-01-13 11:40:03,0.0987,1
10788,138,86,2026-01-13 11:46:42,0.0,1
6721,68,56,2026-01-13 11:47:27,0.1766,1
3182,112,112,2026-01-13 11:54:24,0.5785,0
704,236,56,2026-01-13 12:07:21,0.7654,0
11963,116,72,2026-01-13 12:17:13,0.7391,0
10111,198,16,2026-01-13 12:18:07,0.6843,0
2424,162,8,2026-01-13 12:36:13,0.0212,1
326,125,86,2026-01-13 12:40:16,0.7721,0
11455,230,63,2026-01-13 13:08:24,0.2412,1
6410,88,105,2026-01-13 13:09:10,0.2167,1
8081,181,104,2026-01-13 13:19:36,0.1855,1
6731,229,103,2026-01-13 14:06:15,0.5246,0
3299,150,26,2026-01-13 14:12:44,0.7226,0
8304,166,114,2026-01-13 14:28:52,0.5206,0
6739,36,35,2026-01-13 14:33:01,0.4047,0
7006,124,72,2026-01-13 14:42:09,0.454,0
2193,21,49,2026-01-13 14:52:21,0.0969,1
1129,172,100,2026-01-13 14:56:31,0.383,0
4941,51,111,2026-01-13 15:00:37,0.4647,0
4294,239,37,2026-01-13 15:02:42,0.2677,0
4254,80,47,2026-01-13 15:03:12,0.3437,0
11182,221,82,2026-01-13 15:13:51,0.5977,0
5052,117,8,2026-01-13 15:50:17,0.8193,0
9143,209,49,2026-01-13 16:06:27,0.4409,0
3611,140,10,2026-01-13 16:09:21,0.4673,0
7107,155,95,2026-01-13 16:09:57,0.0,1
8963,73,97,2026-01-13 16:53:29,0.1759,1
11448,0,92,2026-01-13 17:06:33,0.6215,0
10163,140,39,2026-01-13 17:19:39,0.4026,0
1652,229,78,2026-01-13 17:23:48,0.5401,0
5886,98,74,2026-01-13 17:26:26,0.289,0
10378,210,8,2026-01-13 17:59:52,0.6156,0
1795,198,110,2026-01-13 18:08:43,0.2116,1
3334,46,113,2026-01-13 18:31:16,0.6082,0
10967,114,78,2026-01-13 18:40:38,0.3375,0
6895,57,71,2026-01-13 18:46:21,0.3963,0
8217,86,70,2026-01-13 18:46:37,0.268,0
7540,154,5,2026-01-13 18:52:55,0.5276,0
7040,80,9,2026-01-13 19:33:19,0.2493,1
2644,168,58,2026-01-13 19:34:47,0.9986,0
7320,142,106,2026-01-13 19:35:15,0.1625,1
10741,107,105,2026-01-13 19:37:58,0.3599,0
10727,69,80,2026-01-13 19:51:16,0.6203,0
5606,17,111,2026-01-13 19:51:19,0.4961,0
10574,201,72,2026-01-13 20:03:11,0.547,0
3106,63,65,2026-01-13 20:03:46,0.2344,1
10763,113,79,2026-01-13 20:28:37,0.8159,0
4978,92,37,2026-01-13 20:45:44,0.6829,0
10386,33,19,2026-01-13 20:46:40,1.0,0
9,152,31,2026-01-13 20:57:11,0.2554,0
5274,189,73,2026-01-13 20:57:30,0.2103,1
6565,155,36,2026-01-13 21:00:46,0.3777,0
598,1,110,2026-01-13 21:30:15,0.8902,0
1862,146,112,2026-01-13 21:30:45,0.2439,1
5296,143,24,2026-01-13 21:45:30,1.0,0
5141,59,95,2026-01-13 22:15:51,0.0183,1
10786,8,27,2026-01-13 22:19:24,0.3194,0
10726,99,92,2026-01-13 22:27:29,0.0,1
11347,154,66,2026-01-13 22:32:21,0.7148,0
4754,238,13,2026-01-13 22:54:17,0.0754,1
5519,196,34,2026-01-13 23:02:06,0.2772,0
5777,169,86,2026-01-13 23:41:54,0.2276,1
9025,151,57,2026-01-13 23:51:16,0.6154,0
3636,100,30,2026-01-13 23:53:21,0.3422,0
3403,74,15,2026-01-13 23:57:02,0.1754,1
680,35,60,2026-01-14 00:00:46,0.5567,0
8738,40,41,2026-01-14 00:28:34,0.1242,1
6193,247,4,2026-01-14 00:33:27,0.0073,1
6414,62,28,2026-01-14 00:33:40,0.2541,0
2340,222,7,2026-01-14 00:47:55,0.7476,0
10097,206,48,2026-01-14 00:50:41,0.1587,1
1229,39,84,2026-01-14 01:02:55,0.469,0
10100,46,71,2026-01-14 01:07:49,0.498,0
270,246,80,2026-01-14 01:09:56,0.3526,0
1955,142,98,2026-01-14 01:13:23,0.5354,0
11437,70,95,2026-01-14 01:19:06,0.5281,0
5649,8,90,2026-01-14 01:20:11,0.2589,0
4155,206,55,2026-01-14 01:26:01,0.0156,1
9513,232,6,2026-01-14 01:28:36,0.0542,1
11304,223,106,2026-01-14 01:28:58,1.0,0
3044,165,71,2026-01-14 01:31:27,0.1014,1
8885,15,39,2026-01-14 01:33:39,0.4485,0
3354,174,1,2026-01-14 01:34:52,0.7654,0
4113,239,7,2026-01-14 01:38:41,0.571,0
5940,12,57,2026-01-14 01:56:30,0.132,1
11458,87,75,2026-01-14 02:02:14,0.0679,1
7564,164,79,2026-01-14 02:08:58,0.3736,0
8410,131,64,2026-01-14 02:13:30,0.2935,0
541,186,22,2026-01-14 02:14:56,0.9082,0
11699,79,119,2026-01-14 02:17:22,0.2922,0
10858,20,52,2026-01-14 02:27:44,0.7398,0
825,66,76,2026-01-14 02:30:58,0.3612,0
1230,121,36,2026-01-14 02:37:29,0.6562,0
7839,162,108,2026-01-14 02:42:40,0.2667,0
3670,163,39,2026-01-14 02:44:35,0.8758,0
915,51,5,2026-01-14 02:49:45,1.0,0
11898,50,33,2026-01-14 03:07:32,0.6104,0
4346,103,106,2026-01-14 03:08:38,0.2064,1
9723,221,27,2026-01-14 03:32:47,0.1389,1
11358,187,118,2026-01-14 03:48:36,0.072,1
7698,164,97,2026-01-14 03:56:11,0.6285,0
3920,160,8,2026-01-14 04:09:47,0.0978,1
11823,96,7,2026-01-14 04:14:05,0.3834,0
8939,83,50,2026-01-14 04:18:01,0.1839,1
3745,76,56,2026-01-14 04:28:21,0.9305,0
3887,152,10,2026-01-14 04:50:33,0.2097,1
10531,209,0,2026-01-14 04:51:54,0.1826,1
10485,39,98,2026-01-14 05:07:52,0.2504,0
1712,4,38,2026-01-14 05:14:48,0.0201,1
11060,212,48,2026-01-14 05:25:02,0.5707,0
10992,236,62,2026-01-14 05:38:37,0.5375,0
8403,158,36,2026-01-14 05:44:45,0.1409,1
4823,165,10,2026-01-14 06:01:13,0.6918,0
9371,113,52,2026-01-14 06:02:27,0.1225,1
996,9,36,2026-01-14 06:27:53,0.4824,0
7980,183,15,2026-01-14 06:32:20,0.0065,1
4337,49,65,2026-01-14 06:34:35,0.3775,0
269,150,113,2026-01-14 06:37:04,0.5737,0
407,244,14,2026-01-14 06:42:34,0.5583,0
11042,26,96,2026-01-14 06:43:18,0.7002,0
2434,41,20,2026-01-14 06:46:02,0.339,0
9547,122,43,2026-01-14 06:59:52,0.2847,0
11793,219,3,2026-01-14 07:22:55,0.6372,0
7813,25,91,2026-01-14 07:34:07,0.2232,1
4709,64,61,2026-01-14 07:38:54,0.2518,0
622,164,23,2026-01-14 07:59:34,0.6274,0
8008,134,113,2026-01-14 08:13:14,0.2131,1
11118,208,43,2026-01-14 08:14:05,0.8006,0
3916,170,85,2026-01-14 08:24:31,0.5403,0
3251,33,26,2026-01-14 08:43:37,0.1358,1
1774,153,43,2026-01-14 08:46:24,0.7828,0
52,122,91,2026-01-14 09:03:05,0.1847,1
3575,131,87,2026-01-14 09:10:42,0.5828,0
8518,236,67,2026-01-14 09:29:51,0.9589,0
3392,113,69,2026-01-14 09:33:45,0.3145,0
895,220,4,2026-01-14 09:37:09,0.3849,0
8568,172,107,2026-01-14 09:43:44,0.4847,0
11746,240,28,2026-01-14 09:56:59,0.6746,0
10781,17,15,2026-01-14 10:00:06,0.7183,0
1242,190,80,2026-01-14 10:11:11,0.3093,0
4159,166,67,2026-01-14 10:11:13,0.1174,1
7921,230,30,2026-01-14 10:38:44,0.4562,0
7909,11,95,2026-01-14 10:52:10,0.0,1
5369,162,4,2026-01-14 11:23:00,0.7207,0
466,29,97,2026-01-14 11:45:46,0.7104,0
10853,130,85,2026-01-14 11:58:53,0.3854,0
10490,150,2,2026-01-14 12:20:10,0.732,0
10847,22,51,2026-01-14 12:26:24,0.6107,0
9150,151,38,2026-01-14 12:30:55,0.165,1
1404,175,92,2026-01-14 12:34:36,0.2486,1
30,12,119,2026-01-14 12:48:09,0.1719,1
11944,10,61,2026-01-14 12:51:33,0.0,1
5121,100,93,2026-01-14 12:55:44,0.2605,0
3401,89,39,2026-01-14 13:03:55,0.4812,0
8733,53,81,2026-01-14 13:28:53,0.5887,0
5561,41,65,2026-01-14 13:37:23,0.3265,0
1408,110,36,2026-01-14 14:07:41,0.6919,0
5100,18,71,2026-01-14 14:09:34,0.5124,0
9593,68,26,2026-01-14 14:12:20,0.6186,0
6180,4,66,2026-01-14 14:13:26,0.2459,1
1130,46,63,2026-01-14 14:30:11,0.5324,0
6778,186,33,2026-01-14 15:06:14,0.2111,1
3367,147,63,2026-01-14 15:08:15,0.0636,1
3189,176,56,2026-01-14 15:11:58,0.258,0
9745,64,65,2026-01-14 15:31:49,0.0253,1
2953,247,76,2026-01-14 15:42:51,0.4432,0
5148,54,68,2026-01-14 15:45:32,0.3341,0
7023,116,35,2026-01-14 15:49:05,0.2198,1
3341,198,119,2026-01-14 15:55:06,0.074,1
11844,8,0,2026-01-14 16:03:07,1.0,0
11491,197,119,2026-01-14 16:18:28,0.5826,0
6364,101,39,2026-01-14 16:22:52,0.1269,1
6771,30,91,2026-01-14 16:24:02,0.4936,0
11396,144,85,2026-01-14 16:27:31,0.2893,0
3165,94,8,2026-01-14 16:36:22,0.2654,0
3711,42,34,2026-01-14 16:38:36,0.142,1
1602,48,81,2026-01-14 17:06:38,0.5606,0
2502,249,98,2026-01-14 17:14:06,0.1939,1
1706,65,55,2026-01-14 17:16:22,0.6266,0
4134,201,2,2026-01-14 17:24:52,0.4695,0
3328,10,34,2026-01-14 17:31:23,0.0188,1
10801,243,114,2026-01-14 17:32:25,0.5263,0
10260,233,16,2026-01-14 18:14:54,0.2767,0
612,163,65,2026-01-14 18:16:54,0.7332,0
4900,17,22,2026-01-14 18:21:58,0.4456,0
7815,37,100,2026-01-14 18:34:51,0.4509,0
11009,164,107,2026-01-14 18:38:34,0.6621,0
9571,137,75,2026-01-14 18:44:28,0.189,1
6785,170,30,2026-01-14 18:51:21,0.4714,0
11917,37,76,2026-01-14 19:33:08,0.1086,1
4160,145,3,2026-01-14 19:43:16,0.0,1
9491,64,90,2026-01-14 20:06:01,0.3026,0
8898,10,84,2026-01-14 20:07:09,0.2928,0
7172,141,44,2026-01-14 20:18:05,0.306,0
10127,62,12,2026-01-14 20:25:25,0.9378,0
4218,113,72,2026-01-14 20:26:33,0.6307,0
11468,143,29,2026-01-14 20:29:14,0.0425,1
6051,236,42,2026-01-14 20:31:37,0.3066,0
8591,243,55,2026-01-14 20:44:58,0.3972,0
3876,221,32,2026-01-14 20:58:59,0.1327,1
2869,211,4,2026-01-14 21:03:03,0.7085,0
3731,98,118,2026-01-14 21:12:18,0.2302,1
519,56,32,2026-01-14 21:19:08,0.0753,1
5543,168,18,2026-01-14 21:20:29,0.4312,0
5169,19,118,2026-01-14 21:29:50,0.2733,0
1197,15,72,2026-01-14 21:45:37,0.0656,1
7735,172,65,2026-01-14 22:07:51,0.7204,0
7314,227,61,2026-01-14 22:14:51,0.3366,0
11173,126,105,2026-01-14 22:22:08,0.5058,0
6255,63,65,2026-01-14 22:32:23,0.1326,1
267,122,35,2026-01-14 22:40:16,0.2751,0
7047,197,52,2026-01-14 22:40:21,0.6864,0
4865,171,103,2026-01-14 22:46:18,0.3701,0
10881,75,72,2026-01-14 22:58:55,0.4008,0
5327,199,92,2026-01-14 23:00:39,0.1207,1
9034,70,91,2026-01-14 23:07:57,0.4603,0
8906,210,20,2026-01-14 23:41:16,1.0,0
3297,173,21,2026-01-15 00:04:18,0.6545,0
8161,106,61,2026-01-15 00:05:05,0.6525,0
8167,197,95,2026-01-15 00:14:19,0.7334,0
494,79,101,2026-01-15 00:33:02,0.1832,1
3565,212,101,2026-01-15 00:41:49,0.2955,0
10416,204,0,2026-01-15 00:50:09,0.1302,1
7549,83,47,2026-01-15 01:11:01,0.5677,0
1966,122,54,2026-01-15 01:11:32,0.5726,0
7578,165,69,2026-01-15 01:16:35,0.6019,0
11893,44,76,2026-01-15 01:43:03,0.4581,0
9433,78,34,2026-01-15 01:49:21,0.0009,1
1412,118,2,2026-01-15 01:56:22,0.8601,0
2182,20,26,2026-01-15 02:22:34,0.0,1
285,144,63,2026-01-15 02:51:23,0.0044,1
11713,200,0,2026-01-15 02:59:12,0.3288,0
3679,61,54,2026-01-15 04:02:42,0.4754,0
10829,22,56,2026-01-15 04:07:17,0.4222,0
7730,122,52,2026-01-15 04:13:53,0.2796,0
5090,27,107,2026-01-15 04:14:52,0.0857,1
1378,35,96,2026-01-15 04:18:13,0.4535,0
2237,119,30,2026-01-15 04:31:09,0.3081,0
8809,143,106,2026-01-15 04:42:51,0.3295,0
760,232,48,2026-01-15 04:53:52,0.4713,0
5520,124,89,2026-01-15 05:00:43,0.1617,1
1453,150,105,2026-01-15 05:10:32,0.4363,0
9171,8,77,2026-01-15 05:23:31,0.0195,1
3518,126,16,2026-01-15 05:33:34,0.6166,0
7862,162,104,2026-01-15 05:34:55,0.3217,0
389,115,87,2026-01-15 05:49:31,0.4622,0
6437,115,108,2026-01-15 05:50:32,0.1553,1
36,123,52,2026-01-15 06:25:10,0.25,1
10747,179,80,2026-01-15 06:41:47,1.0,0
9860,33,2,2026-01-15 06:56:39,0.6159,0
1614,190,76,2026-01-15 07:22:35,0.4017,0
11113,106,76,2026-01-15 07:51:35,0.651,0
427,139,55,2026-01-15 08:04:33,0.1479,1
9529,52,82,2026-01-15 08:09:49,0.7607,0
5123,173,24,2026-01-15 08:22:19,0.5693,0
6832,187,31,2026-01-15 08:36:59,0.8243,0
2563,53,52,2026-01-15 08:48:16,0.2851,0
1729,72,29,2026-01-15 09:08:30,0.1017,1
1576,211,18,2026-01-15 09:20:29,0.0513,1
9674,170,64,2026-01-15 09:28:15,0.4694,0
2835,128,81,2026-01-15 09:29:30,0.8109,0
1390,241,46,2026-01-15 09:40:02,0.3236,0
2379,137,116,2026-01-15 09:49:03,0.0015,1
428,134,37,2026-01-15 10:05:15,0.1906,1
1941,186,8,2026-01-15 10:06:06,1.0,0
4855,160,59,2026-01-15 10:08:28,0.4971,0
2830,8,110,2026-01-15 10:36:52,0.6958,0
4738,55,39,2026-01-15 10:37:39,0.4815,0
2581,130,60,2026-01-15 10:41:22,0.2904,0
8059,176,68,2026-01-15 10:45:05,0.3122,0
2565,45,27,2026-01-15 11:04:49,0.4318,0
6761,139,97,2026-01-15 11:13:35,0.4385,0
1093,135,6,2026-01-15 11:32:10,0.0734,1
4648,128,93,2026-01-15 11:38:40,0.7475,0
2015,138,105,2026-01-15 11:44:03,0.5016,0
10190,188,91,2026-01-15 11:47:44,0.3147,0
846,136,60,2026-01-15 12:01:47,0.1151,1
10170,80,56,2026-01-15 12:02:17,0.1254,1
6202,151,3,2026-01-15 12:05:21,0.9561,0
5560,38,111,2026-01-15 12:28:50,0.3595,0
7106,84,115,2026-01-15 12:37:13,0.0227,1
7049,153,88,2026-01-15 12:56:46,0.7474,0
6601,63,89,2026-01-15 13:02:24,0.9209,0
298,211,110,2026-01-15 13:24:25,0.3038,0
6595,249,100,2026-01-15 13:30:18,0.3624,0
1995,172,10,2026-01-15 13:43:38,0.8778,0
547,127,94,2026-01-15 13:44:16,0.0,1
8086,109,115,2026-01-15 13:47:57,0.3325,0
3153,235,20,2026-01-15 13:51:37,0.016,1
432,78,61,2026-01-15 14:03:01,0.6545,0
3569,10,61,2026-01-15 14:05:11,0.6461,0
10262,34,64,2026-01-15 14:05:16,0.7134,0
474,173,0,2026-01-15 14:43:26,0.2434,1
7327,94,28,2026-01-15 15:16:02,0.6136,0
6920,191,80,2026-01-15 15:22:21,0.05,1
11637,247,18,2026-01-15 15:34:19,0.5353,0
11335,91,2,2026-01-15 15:34:42,0.641,0
3927,206,92,2026-01-15 15:40:18,0.1469,1
1952,87,40,2026-01-15 15:52:52,0.238,1
2472,132,91,2026-01-15 15:56:22,0.4616,0
2227,226,86,2026-01-15 16:06:33,0.011,1
7659,233,67,2026-01-15 16:30:23,0.1177,1
5645,136,13,2026-01-15 16:31:42,0.4761,0
7841,71,11,2026-01-15 16:49:40,0.8617,0
4566,171,115,2026-01-15 16:50:28,0.381,0
4235,54,56,2026-01-15 17:00:08,0.2777,0
3037,160,76,2026-01-15 17:13:36,0.6774,0
2501,108,117,2026-01-15 17:30:31,0.0,1
1582,176,8,2026-01-15 17:41:11,0.3711,0
2376,17,26,2026-01-15 17:42:37,0.1037,1
675,11,18,2026-01-15 17:51:03,0.1959,1
11922,26,47,2026-01-15 17:57:38,0.5769,0
8061,140,22,2026-01-15 18:16:11,0.4282,0
3888,243,72,2026-01-15 18:22:48,0.5638,0
5620,205,5,2026-01-15 18:30:37,0.0273,1
291,109,88,2026-01-15 18:37:04,0.1905,1
10525,63,42,2026-01-15 18:58:48,1.0,0
2714,52,40,2026-01-15 19:10:42,0.3456,0
1055,77,97,2026-01-15 19:15:20,0.546,0
3819,11,108,2026-01-15 19:20:18,0.4979,0
8350,108,85,2026-01-15 19:30:37,0.1857,1
5565,79,34,2026-01-15 19:42:09,0.1912,1
2616,22,89,2026-01-15 19:43:37,0.2931,0
8553,165,49,2026-01-15 19:43:37,0.4315,0
5662,55,92,2026-01-15 19:49:35,0.0,1
2493,161,73,2026-01-15 20:01:28,0.4222,0
8392,123,93,2026-01-15 20:08:16,0.521,0
6870,8,60,2026-01-15 20:11:17,0.008,1
11795,80,68,2026-01-15 20:26:23,1.0,0
5903,123,101,2026-01-15 20:27:59,0.0,1
7466,88,46,2026-01-15 20:50:21,0.9429,0
731,215,56,2026-01-15 21:02:09,0.9158,0
301,94,73,2026-01-15 21:12:12,0.9137,0
10872,125,33,2026-01-15 21:19:14,0.5358,0
9864,238,97,2026-01-15 21:21:52,0.3242,0
4952,94,82,2026-01-15 21:22:28,0.5509,0
2979,116,93,2026-01-15 22:14:20,0.149,1
3387,242,65,2026-01-15 22:17:10,0.6921,0
11231,190,49,2026-01-15 22:41:21,0.6088,0
4660,2,38,2026-01-15 22:48:50,0.2322,1
5204,20,85,2026-01-15 23:07:55,0.5244,0
6936,126,64,2026-01-15 23:11:21,0.6658,0
11655,223,1,2026-01-15 23:24:05,0.5616,0
2885,225,22,2026-01-15 23:25:56,0.6647,0
9124,79,69,2026-01-15 23:29:49,0.2504,0
4914,54,119,2026-01-15 23:37:27,0.1603,1
1385,82,38,2026-01-15 23:45:19,0.7185,0
11969,153,83,2026-01-15 23:48:46,0.0737,1
10397,133,22,2026-01-15 23:58:23,0.561,0
10770,55,7,2026-01-16 00:18:43,0.6315,0
203,126,5,2026-01-16 00:31:24,0.3628,0
2082,183,11,2026-01-16 00:40:57,0.2899,0
2747,213,77,2026-01-16 00:41:28,0.4685,0
3311,219,3,2026-01-16 01:05:26,0.0,1
4633,194,81,2026-01-16 01:12:07,0.6192,0
7498,61,72,2026-01-16 01:23:36,0.0,1
11411,121,115,2026-01-16 01:25:24,0.4496,0
10557,72,88,2026-01-16 01:32:46,0.2843,0
9991,56,78,2026-01-16 01:43:32,0.166,1
769,224,64,2026-01-16 01:54:00,0.0782,1
7430,23,51,2026-01-16 02:07:32,0.5409,0
3970,208,6,2026-01-16 02:11:53,0.6378,0
8975,73,4,2026-01-16 02:31:32,0.026,1
10578,64,109,2026-01-16 02:42:27,0.1105,1
2754,31,52,2026-01-16 02:43:28,0.5643,0
7475,148,41,2026-01-16 02:53:08,0.7108,0
6515,176,4,2026-01-16 02:55:55,0.4417,0
7943,121,108,2026-01-16 03:11:31,0.1647,1
6830,45,81,2026-01-16 03:17:33,0.2338,1
524,127,89,2026-01-16 03:23:12,0.2611,0
2857,103,45,2026-01-16 03:40:43,0.4548,0
9083,179,96,2026-01-16 03:41:32,0.3796,0
511,123,102,2026-01-16 03:57:53,0.5318,0
11163,147,43,2026-01-16 04:11:38,0.2143,1
1872,160,54,2026-01-16 04:26:16,0.0829,1
8414,149,31,2026-01-16 04:40:13,0.0,1
3969,98,60,2026-01-16 04:56:46,1.0,0
8390,114,115,2026-01-16 05:12:51,0.7949,0
3055,106,117,2026-01-16 05:16:25,0.209,1
6018,176,25,2026-01-16 05:16:33,0.2708,0
3717,114,111,2026-01-16 05:45:20,0.3452,0
11534,85,60,2026-01-16 05:52:11,1.0,0
11457,67,32,2026-01-16 06:04:56,0.5302,0
3882,103,117,2026-01-16 06:28:52,0.3544,0
1844,245,13,2026-01-16 06:30:08,0.4822,0
9408,191,76,2026-01-16 06:30:59,0.7643,0
9611,152,0,2026-01-16 06:42:19,0.0,1
3315,17,18,2026-01-16 06:49:56,0.1704,1
10933,131,53,2026-01-16 06:58:25,0.4303,0
664,226,7,2026-01-16 07:10:36,0.3337,0
8279,54,24,2026-01-16 07:16:01,0.937,0
8852,203,51,2026-01-16 07:20:19,0.2019,1
8711,231,5,2026-01-16 07:39:15,0.5449,0
6369,192,52,2026-01-16 07:52:47,0.5848,0
7876,12,48,2026-01-16 08:03:08,0.3613,0
8892,240,18,2026-01-16 08:26:02,0.1311,1
8512,135,33,2026-01-16 08:49:00,0.2265,1
10756,107,32,2026-01-16 08:57:25,0.9373,0
7204,149,63,2026-01-16 09:08:03,0.5465,0
1445,202,13,2026-01-16 09:15:11,0.5007,0
5931,86,0,2026-01-16 09:25:59,0.445,0
10526,107,88,2026-01-16 09:37:19,0.2238,1
4211,185,116,2026-01-16 09:42:22,1.0,0
9436,91,106,2026-01-16 09:54:15,0.5486,0
5666,155,69,2026-01-16 10:02:29,0.3539,0
4716,242,99,2026-01-16 10:09:41,0.3782,0
10779,201,39,2026-01-16 10:09:54,0.3297,0
10403,35,10,2026-01-16 10:13:33,0.6213,0
1650,134,36,2026-01-16 10:25:17,0.4693,0
3111,126,29,2026-01-16 10:33:15,1.0,0
4565,125,71,2026-01-16 10:41:28,0.7537,0
9981,127,5,2026-01-16 11:03:01,0.2044,1
9701,227,23,2026-01-16 11:12:15,0.6627,0
1160,201,10,2026-01-16 11:35:07,0.6592,0
10765,183,18,2026-01-16 12:14:49,0.1612,1
9957,232,49,2026-01-16 12:18:59,0.7662,0
8609,159,64,2026-01-16 12:23:10,0.5269,0
2443,239,115,2026-01-16 12:30:11,0.3888,0
6749,168,61,2026-01-16 12:32:04,0.2221,1
10584,243,11,2026-01-16 12:33:47,0.1587,1
3631,139,101,2026-01-16 12:34:41,0.8026,0
8371,58,34,2026-01-16 12:47:31,0.3175,0
762,179,95,2026-01-16 13:06:01,0.0,1
10007,55,107,2026-01-16 13:19:55,0.3216,0
6170,62,112,2026-01-16 13:41:35,0.0141,1
2989,243,63,2026-01-16 13:58:43,0.4109,0
4193,148,22,2026-01-16 13:58:58,0.7479,0
4771,156,1,2026-01-16 14:07:06,0.4162,0
5587,179,85,2026-01-16 14:33:24,0.1868,1
91,226,16,2026-01-16 14:41:40,0.1444,1
9041,140,35,2026-01-16 14:49:42,1.0,0
7646,69,49,2026-01-16 14:55:20,0.1999,1
5873,240,39,2026-01-16 15:00:41,0.4502,0
350,141,16,2026-01-16 15:32:51,0.7527,0
11889,217,13,2026-01-16 15:38:31,0.4512,0
10888,92,77,2026-01-16 15:43:07,0.4071,0
1444,208,106,2026-01-16 15:47:41,0.4675,0
11573,56,5,2026-01-16 16:08:54,0.5304,0
11058,182,76,2026-01-16 16:15:33,0.1328,1
10799,216,86,2026-01-16 16:36:01,0.4229,0
6400,187,67,2026-01-16 16:51:53,0.7435,0
313,226,115,2026-01-16 17:07:44,0.3041,0
8481,121,45,2026-01-16 17:11:33,0.4207,0
5346,241,23,2026-01-16 17:38:23,0.3407,0
726,10,100,2026-01-16 17:40:13,0.8354,0
6541,34,93,2026-01-16 18:15:05,0.1886,1
10046,189,18,2026-01-16 18:24:59,0.2268,1
5419,98,118,2026-01-16 18:36:53,0.2808,0
10550,25,76,2026-01-16 18:46:18,0.1918,1
10923,145,69,2026-01-16 18:56:08,0.8567,0
1737,107,16,2026-01-16 18:56:24,0.4481,0
6547,146,2,2026-01-16 19:23:06,0.3282,0
11738,234,31,2026-01-16 19:25:30,0.5104,0
6643,142,59,2026-01-16 19:37:39,0.5608,0
11225,85,108,2026-01-16 20:03:47,0.15,1
5339,136,90,2026-01-16 20:06:05,0.6103,0
9173,75,47,2026-01-16 20:11:35,0.8734,0
11076,60,80,2026-01-16 20:16:13,0.3519,0
5062,92,39,2026-01-16 20:45:46,0.5729,0
271,57,109,2026-01-16 20:58:57,0.3832,0
8055,0,53,2026-01-16 21:06:29,0.3376,0
7819,217,26,2026-01-16 21:07:24,0.2828,0
1851,239,18,2026-01-16 21:14:24,0.2331,1
7180,46,42,2026-01-16 21:19:43,0.6137,0
11217,43,13,2026-01-16 21:20:45,0.1199,1
6981,27,105,2026-01-16 21:45:52,0.7932,0
5828,67,19,2026-01-16 21:59:02,0.365,0
4577,6,62,2026-01-16 22:02:58,1.0,0
7705,155,101,2026-01-16 22:04:54,0.2128,1
2962,199,29,2026-01-16 22:07:36,0.3552,0
5650,172,30,2026-01-16 22:27:09,0.0346,1
24,151,86,2026-01-16 22:54:32,0.2096,1
1308,222,110,2026-01-16 22:58:11,0.3851,0
247,87,31,2026-01-16 23:12:37,0.3387,0
2463,51,65,2026-01-16 23:23:33,0.5082,0
5590,194,20,2026-01-16 23:29:08,0.3116,0
6620,37,68,2026-01-16 23:49:57,0.3031,0
328,184,6,2026-01-16 23:57:55,0.4243,0
1071,98,61,2026-01-16 23:58:02,1.0,0
3744,98,34,2026-01-17 00:02:57,0.0677,1
9729,63,117,2026-01-17 00:08:30,0.748,0
6890,245,24,2026-01-17 00:34:43,0.0387,1
7721,117,31,2026-01-17 00:42:09,0.734,0
5642,203,78,2026-01-17 00:53:25,0.556,0
2112,25,21,2026-01-17 01:11:51,0.1117,1
6988,29,105,2026-01-17 01:15:38,0.1469,1
10453,18,92,2026-01-17 01:32:39,0.1039,1
4034,211,31,2026-01-17 01:52:50,0.1996,1
1810,96,83,2026-01-17 02:04:51,0.572,0
5782,87,78,2026-01-17 02:23:12,0.7966,0
10759,38,111,2026-01-17 02:49:49,0.3754,0
4861,158,59,2026-01-17 02:51:26,0.4299,0
275,216,39,2026-01-17 03:12:06,0.3441,0
129,94,51,2026-01-17 03:28:00,0.3036,0
2998,198,50,2026-01-17 03:28:00,0.8521,0
1928,76,26,2026-01-17 04:01:57,0.0,1
9162,142,64,2026-01-17 04:09:52,0.1824,1
6662,206,109,2026-01-17 04:17:01,0.4501,0
6345,162,57,2026-01-17 04:28:57,0.5607,0
1841,11,92,2026-01-17 05:14:11,0.2423,1
674,89,85,2026-01-17 05:18:14,0.6713,0
405,32,114,2026-01-17 05:42:31,0.8858,0
8687,27,28,2026-01-17 06:01:25,0.0505,1
5616,196,109,2026-01-17 06:04:46,0.3249,0
10121,115,78,2026-01-17 06:15:49,0.4971,0
6574,39,95,2026-01-17 06:27:05,0.104,1
10896,193,18,2026-01-17 06:34:31,0.1087,1
288,17,8,2026-01-17 06:39:19,0.9354,0
989,114,43,2026-01-17 06:46:08,0.5701,0
11176,219,117,2026-01-17 06:57:58,0.5779,0
9826,131,72,2026-01-17 07:03:04,0.9479,0
11998,140,82,2026-01-17 07:08:51,0.6965,0
5764,82,78,2026-01-17 07:17:37,0.4589,0
1391,15,49,2026-01-17 07:33:29,0.4472,0
1909,39,80,2026-01-17 07:55:33,0.2702,0
4490,43,7,2026-01-17 08:10:17,0.0,1
5247,227,22,2026-01-17 08:19:39,0.0072,1
2023,32,26,2026-01-17 08:22:09,0.5383,0
8079,184,26,2026-01-17 08:36:26,1.0,0
7058,169,106,2026-01-17 08:39:20,0.4513,0
11346,95,53,2026-01-17 08:55:42,0.6271,0
1091,201,37,2026-01-17 08:58:50,0.2733,0
11271,196,83,2026-01-17 08:58:53,0.2745,0
5097,120,40,2026-01-17 09:01:46,0.1382,1
2533,78,74,2026-01-17 09:02:23,0.5905,0
6511,140,31,2026-01-17 09:04:53,0.4304,0
299,186,15,2026-01-17 09:12:55,0.3744,0
9758,91,25,2026-01-17 09:24:06,0.5331,0
6451,85,79,2026-01-17 09:34:46,0.449,0
7277,112,3,2026-01-17 09:34:58,0.1713,1
443,240,34,2026-01-17 09:38:01,0.0206,1
8987,24,9,2026-01-17 09:41:48,0.1033,1
5890,8,14,2026-01-17 09:51:06,0.2056,1
7582,128,109,2026-01-17 09:52:07,0.1618,1
8199,49,107,2026-01-17 10:03:51,0.2444,1
11390,115,24,2026-01-17 10:24:45,0.6296,0
11506,121,76,2026-01-17 10:32:57,0.545,0
6102,85,53,2026-01-17 10:57:10,0.675,0
8694,206,73,2026-01-17 11:06:22,0.3466,0
7710,240,107,2026-01-17 11:09:28,0.456,0
4629,1,59,2026-01-17 11:21:33,0.5928,0
10774,176,82,2026-01-17 11:23:59,0.6009,0
6735,157,41,2026-01-17 11:34:49,0.5009,0
6923,107,42,2026-01-17 11:43:47,0.3691,0
11595,112,99,2026-01-17 12:28:52,0.3101,0
4111,14,35,2026-01-17 12:38:07,0.8181,0
3199,94,29,2026-01-17 12:55:26,0.4448,0
11942,73,65,2026-01-17 12:55:37,0.349,0
3277,63,72,2026-01-17 13:09:31,0.0,1
1523,180,85,2026-01-17 13:14:20,0.0,1
277,27,64,2026-01-17 13:20:31,0.0818,1
1549,227,63,2026-01-17 13:24:57,0.4332,0
4819,19,35,2026-01-17 13:25:20,0.6503,0
4639,170,33,2026-01-17 13:40:08,0.8135,0
7974,207,36,2026-01-17 13:48:20,0.3764,0
8673,187,49,2026-01-17 14:14:50,0.5848,0
6656,4,29,2026-01-17 14:15:19,0.06,1
2383,19,78,2026-01-17 14:18:18,0.5363,0
9236,36,37,2026-01-17 14:24:53,0.3327,0
705,146,19,2026-01-17 14:26:11,0.3713,0
10319,174,35,2026-01-17 15:22:12,0.6281,0
2005,81,118,2026-01-17 15:26:53,0.5361,0
9476,117,68,2026-01-17 15:28:36,0.4849,0
5171,25,19,2026-01-17 15:38:59,0.5489,0
700,126,80,2026-01-17 15:41:27,0.4623,0
10586,173,63,2026-01-17 16:01:39,0.0,1
4234,234,25,2026-01-17 16:31:12,1.0,0
5245,197,87,2026-01-17 16:35:48,0.587,0
2392,154,43,2026-01-17 17:05:24,0.3225,0
10436,74,88,2026-01-17 17:21:27,0.0,1
10193,151,36,2026-01-17 17:49:19,0.1559,1
7926,103,94,2026-01-17 18:09:32,0.4171,0
11718,158,93,2026-01-17 18:23:51,0.8549,0
629,146,61,2026-01-17 18:29:57,0.6729,0
1610,233,78,2026-01-17 18:29:57,0.3902,0
11259,121,62,2026-01-17 19:02:17,0.3459,0
9627,135,42,2026-01-17 19:03:08,0.2444,1
9163,62,79,2026-01-17 19:10:39,0.1446,1
1214,18,76,2026-01-17 19:12:20,0.0,1
2722,117,86,2026-01-17 19:14:18,0.5682,0
8396,226,26,2026-01-17 19:14:55,0.3241,0
4766,206,55,2026-01-17 19:27:55,0.3842,0
3347,210,30,2026-01-17 19:28:25,0.9259,0
3917,84,96,2026-01-17 19:40:17,0.1116,1
7394,238,56,2026-01-17 19:49:58,0.9245,0
10730,95,106,2026-01-17 19:50:40,0.5865,0
11139,167,10,2026-01-17 19:53:51,0.5235,0
10663,246,21,2026-01-17 20:06:43,0.4128,0
4571,112,53,2026-01-17 20:12:56,0.504,0
4100,1,48,2026-01-17 20:14:40,0.3088,0
11753,184,48,2026-01-17 21:00:53,0.7838,0
9970,166,76,2026-01-17 21:02:17,0.6871,0
1432,194,54,2026-01-17 21:07:40,0.7274,0
5799,6,91,2026-01-17 21:11:38,0.5737,0
9205,34,89,2026-01-17 21:14:31,1.0,0
4609,177,73,2026-01-17 21:26:58,0.3634,0
11874,73,15,2026-01-17 21:43:59,0.6915,0
9037,167,44,2026-01-17 21:47:31,0.3675,0
7827,34,82,2026-01-17 21:49:38,0.2217,1
2489,232,53,2026-01-17 21:52:05,0.0,1
8426,152,40,2026-01-17 21:59:46,0.3081,0
9671,107,110,2026-01-17 22:00:01,0.5655,0
2435,80,116,2026-01-17 22:54:26,0.5939,0
9542,23,51,2026-01-17 23:08:20,0.0,1
9800,220,9,2026-01-17 23:10:06,0.276,0
11318,102,18,2026-01-17 23:10:51,0.4877,0
9901,232,60,2026-01-17 23:20:16,0.3487,0
10978,119,27,2026-01-17 23:56:03,0.0852,1
3257,62,28,2026-01-18 00:03:58,0.1135,1
11625,101,97,2026-01-18 00:22:31,0.5277,0
3786,129,84,2026-01-18 00:28:08,0.5412,0
5806,6,89,2026-01-18 00:30:40,0.1537,1
9916,22,89,2026-01-18 00:41:55,0.7365,0
810,168,72,2026-01-18 00:42:36,0.6363,0
3351,153,69,2026-01-18 00:44:39,0.0189,1
10555,163,12,2026-01-18 00:45:25,0.401,0
2806,184,73,2026-01-18 01:17:12,0.2132,1
3787,244,36,2026-01-18 01:22:03,0.5047,0
791,205,59,2026-01-18 01:30:10,0.3982,0
10325,14,89,2026-01-18 01:36:34,0.3892,0
578,143,113,2026-01-18 01:37:09,0.2553,0
1431,90,56,2026-01-18 01:42:36,0.2132,1
8829,224,47,2026-01-18 01:53:28,0.133,1
3663,190,33,2026-01-18 01:53:41,0.3075,0
6282,116,111,2026-01-18 02:02:54,0.0304,1
3303,65,0,2026-01-18 02:05:43,0.2047,1
10205,232,66,2026-01-18 02:24:50,0.8026,0
8817,107,24,2026-01-18 02:30:19,0.3031,0
11483,98,98,2026-01-18 02:34:31,0.3381,0
8858,127,97,2026-01-18 02:42:01,0.0,1
1122,91,3,2026-01-18 02:47:59,0.1333,1
8405,150,18,2026-01-18 02:53:41,0.6673,0
11925,193,39,2026-01-18 03:02:23,0.662,0
3936,129,88,2026-01-18 03:07:02,0.7153,0
5641,176,92,2026-01-18 03:13:55,0.7504,0
2479,187,43,2026-01-18 03:16:56,0.4637,0
6465,184,94,2026-01-18 03:35:57,0.0135,1
7504,2,34,2026-01-18 03:37:17,0.2288,1
10408,112,34,2026-01-18 04:18:08,0.6232,0
11971,129,117,2026-01-18 04:31:54,0.4917,0
364,58,24,2026-01-18 04:34:02,0.078,1
127,154,44,2026-01-18 05:06:04,0.215,1
3710,142,108,2026-01-18 05:33:45,0.0,1
8242,33,46,2026-01-18 05:39:20,0.169,1
1382,235,75,2026-01-18 05:40:01,0.291,0
2270,50,28,2026-01-18 05:49:17,0.2892,0
6123,117,41,2026-01-18 06:11:45,0.6298,0
8438,3,92,2026-01-18 06:25:09,0.7777,0
4591,4,60,2026-01-18 06:40:45,0.387,0
962,197,50,2026-01-18 06:45:03,0.3473,0
9837,153,73,2026-01-18 06:45:58,0.5443,0
2198,36,45,2026-01-18 06:47:02,0.2793,0
4530,246,41,2026-01-18 07:03:50,0.3934,0
1123,152,39,2026-01-18 07:10:19,0.2751,0
2000,9,5,2026-01-18 07:21:49,0.038,1
5212,58,85,2026-01-18 07:25:26,0.683,0
5384,12,17,2026-01-18 07:29:30,0.3441,0
8237,137,42,2026-01-18 07:45:14,0.0,1
7496,18,84,2026-01-18 08:14:21,0.419,0
4752,109,73,2026-01-18 08:31:42,0.412,0
2733,167,52,2026-01-18 08:40:51,0.2868,0
9899,195,104,2026-01-18 08:49:44,0.1238,1
26,244,5,2026-01-18 08:59:24,0.144,1
3041,127,118,2026-01-18 09:04:37,0.4837,0
6475,142,79,2026-01-18 09:15:29,0.0,1
6496,161,53,2026-01-18 09:36:44,0.5126,0
10353,115,9,2026-01-18 09:37:43,0.9837,0
647,147,59,2026-01-18 09:47:59,0.6738,0
7170,217,78,2026-01-18 09:50:54,0.0683,1
11716,79,98,2026-01-18 10:08:59,0.1017,1
819,249,0,2026-01-18 10:58:10,0.5174,0
11511,134,83,2026-01-18 11:18:48,0.7036,0
6167,226,114,2026-01-18 11:19:09,0.6357,0
11407,198,101,2026-01-18 11:35:43,0.0989,1
3726,74,64,2026-01-18 11:43:41,0.3247,0
2791,64,106,2026-01-18 11:53:39,0.536,0
5979,225,81,2026-01-18 11:57:16,0.3994,0
5691,84,94,2026-01-18 12:03:08,0.5235,0
5227,33,81,2026-01-18 12:15:22,0.2053,1
1858,194,34,2026-01-18 12:21:25,0.1641,1
5716,176,53,2026-01-18 12:36:32,0.2964,0
8376,13,10,2026-01-18 12:50:35,0.8957,0
3432,175,96,2026-01-18 13:09:40,0.3512,0
8751,84,118,2026-01-18 13:11:56,0.253,0
5508,75,78,2026-01-18 13:13:28,0.208,1
809,128,2,2026-01-18 13:17:36,0.2129,1
1467,70,36,2026-01-18 13:19:13,0.6778,0
5431,47,46,2026-01-18 13:34:21,0.5026,0
6724,224,116,2026-01-18 13:37:15,0.0,1
8725,98,30,2026-01-18 13:44:59,0.5209,0
11351,237,72,2026-01-18 13:59:39,0.3376,0
5842,85,69,2026-01-18 14:03:02,0.3175,0
684,67,9,2026-01-18 14:13:28,0.5862,0
3034,247,47,2026-01-18 14:19:06,1.0,0
7338,118,53,2026-01-18 14:31:15,0.1039,1
6835,172,60,2026-01-18 14:40:47,0.6635,0
10159,15,44,2026-01-18 14:48:23,0.0084,1
7443,136,97,2026-01-18 15:39:23,0.5966,0
3031,40,110,2026-01-18 15:46:13,0.3376,0
5572,214,23,2026-01-18 15:56:24,0.4735,0
8472,165,77,2026-01-18 15:58:03,0.4968,0
8940,216,94,2026-01-18 16:10:07,0.6837,0
4822,245,59,2026-01-18 16:14:41,0.8959,0
11030,249,41,2026-01-18 16:17:45,0.3549,0
3867,99,12,2026-01-18 16:29:32,0.4757,0
7837,201,36,2026-01-18 16:30:29,0.2353,1
8859,146,38,2026-01-18 16:40:12,0.0376,1
10618,100,55,2026-01-18 16:53:47,0.5018,0
10350,218,49,2026-01-18 16:59:03,0.8245,0
8317,238,28,2026-01-18 17:03:39,0.1858,1
740,34,75,2026-01-18 17:05:26,0.2002,1
8036,126,11,2026-01-18 17:23:26,0.4677,0
5537,242,109,2026-01-18 17:30:52,0.0997,1
8850,148,18,2026-01-18 17:35:13,0.4497,0
11293,52,35,2026-01-18 17:44:15,0.1499,1
6152,108,19,2026-01-18 18:00:40,0.0405,1
8831,182,74,2026-01-18 18:18:16,0.6063,0
11836,101,32,2026-01-18 18:35:12,0.3205,0
11845,25,15,2026-01-18 18:41:08,0.2861,0
2739,170,28,2026-01-18 18:53:33,0.8051,0
2410,227,37,2026-01-18 18:58:11,1.0,0
11551,122,1,2026-01-18 19:08:51,0.5075,0
9949,66,36,2026-01-18 19:21:16,0.4853,0
2961,112,102,2026-01-18 19:23:36,0.0643,1
1829,2,20,2026-01-18 19:28:52,0.0607,1
4371,105,55,2026-01-18 19:39:23,0.5308,0
2046,224,74,2026-01-18 20:29:47,0.3129,0
6743,90,59,2026-01-18 20:53:13,0.5309,0
9822,74,1,2026-01-18 20:57:31,0.3707,0
1590,156,100,2026-01-18 21:01:50,0.0,1
9603,29,75,2026-01-18 21:15:08,0.4574,0
5075,181,42,2026-01-18 21:16:30,0.0,1
1359,132,12,2026-01-18 21:35:59,0.2195,1
7954,88,63,2026-01-18 21:37:28,0.5431,0
4416,17,67,2026-01-18 21:42:15,0.1721,1
2215,207,66,2026-01-18 21:51:11,0.2876,0
2346,4,52,2026-01-18 21:52:43,0.142,1
2236,231,63,2026-01-18 21:54:15,0.4295,0
1168,66,84,2026-01-18 22:09:47,0.4733,0
2341,96,2,2026-01-18 22:37:18,1.0,0
11072,7,39,2026-01-18 22:46:28,0.1383,1
1338,82,29,2026-01-18 23:01:37,0.2312,1
11694,107,31,2026-01-18 23:02:09,0.3981,0
22,118,44,2026-01-18 23:11:44,0.1882,1
10935,140,70,2026-01-18 23:15:46,0.3333,0
11477,187,36,2026-01-18 23:17:10,0.4149,0
9629,227,73,2026-01-18 23:23:29,0.5599,0
9746,164,117,2026-01-18 23:42:51,0.1329,1
772,7,111,2026-01-18 23:53:58,0.0417,1
1868,73,57,2026-01-18 23:54:54,0.6202,0
5930,31,40,2026-01-19 00:07:21,0.6508,0
6596,30,108,2026-01-19 00:21:37,0.426,0
8561,215,18,2026-01-19 00:32:49,0.0,1
6380,215,87,2026-01-19 00:36:43,0.912,0
7299,212,34,2026-01-19 00:56:00,0.6301,0
901,65,13,2026-01-19 01:06:40,0.7584,0
255,238,27,2026-01-19 01:10:03,0.7568,0
56,157,103,2026-01-19 01:17:09,0.3573,0
4728,184,112,2026-01-19 01:19:26,0.3231,0
7718,26,90,2026-01-19 01:47:47,0.0962,1
6068,180,8,2026-01-19 01:50:39,0.059,1
4154,187,96,2026-01-19 02:14:39,0.2059,1
540,246,92,2026-01-19 02:28:55,0.4789,0
10809,52,73,2026-01-19 02:29:04,0.343,0
1792,63,48,2026-01-19 02:42:27,0.1116,1
6383,249,1,2026-01-19 02:53:09,0.1353,1
180,98,96,2026-01-19 02:55:00,0.0,1
5202,58,28,2026-01-19 03:09:50,0.3673,0
5562,234,40,2026-01-19 03:17:00,0.3013,0
7872,130,65,2026-01-19 03:25:20,0.327,0
8367,124,17,2026-01-19 03:27:46,0.0969,1
8971,48,18,2026-01-19 03:43:58,0.5009,0
10569,189,11,2026-01-19 03:46:37,0.0,1
11767,21,34,2026-01-19 04:01:00,0.2331,1
6239,3,86,2026-01-19 04:06:00,0.6922,0
6583,136,99,2026-01-19 04:29:27,0.0,1
6859,12,72,2026-01-19 04:51:51,0.1381,1
2654,77,44,2026-01-19 04:58:12,0.7698,0
163,18,34,2026-01-19 05:03:09,0.5145,0
9720,139,18,2026-01-19 05:08:00,0.3474,0
5510,165,18,2026-01-19 05:37:15,0.2141,1
8703,172,79,2026-01-19 05:40:35,0.433,0
3793,153,24,2026-01-19 05:41:58,0.449,0
2731,221,15,2026-01-19 05:47:51,0.5952,0
4281,53,118,2026-01-19 05:56:27,0.4837,0
1303,13,91,2026-01-19 06:01:45,0.4704,0
10317,48,69,2026-01-19 06:13:27,0.4972,0
10662,124,74,2026-01-19 06:14:09,0.5254,0
5250,249,2,2026-01-19 06:18:20,0.0823,1
8560,125,103,2026-01-19 06:39:16,0.4386,0
1210,87,35,2026-01-19 06:46:33,0.4223,0
6247,85,71,2026-01-19 06:49:21,0.0,1
767,154,43,2026-01-19 06:52:23,0.2016,1
7760,160,16,2026-01-19 06:54:35,0.0,1
10116,87,108,2026-01-19 06:59:38,0.3212,0
324,104,10,2026-01-19 07:23:18,1.0,0
11858,239,67,2026-01-19 07:28:49,0.806,0
3256,151,92,2026-01-19 07:33:48,0.3061,0
4224,11,74,2026-01-19 07:45:26,0.7271,0
6930,11,91,2026-01-19 08:05:07,0.5641,0
9271,239,85,2026-01-19 08:06:12,0.6563,0
6187,78,38,2026-01-19 08:22:01,0.8588,0
10979,1,61,2026-01-19 08:25:32,0.4419,0
8813,201,59,2026-01-19 08:27:51,0.0642,1
9895,45,26,2026-01-19 08:28:30,0.5876,0
3267,243,59,2026-01-19 08:54:04,0.7302,0
6338,60,24,2026-01-19 09:07:23,0.5156,0
11921,14,78,2026-01-19 09:11:25,0.3873,0
4740,200,65,2026-01-19 09:19:55,0.0797,1
10908,70,21,2026-01-19 10:08:16,0.3839,0
10712,162,79,2026-01-19 10:18:52,0.2095,1
10559,218,6,2026-01-19 10:40:34,0.1409,1
297,117,103,2026-01-19 10:42:01,0.0,1
3171,13,69,2026-01-19 10:49:30,0.8167,0
6693,159,1,2026-01-19 10:57:01,0.4497,0
11703,126,109,2026-01-19 11:30:01,0.4668,0
11202,4,97,2026-01-19 11:40:49,0.2512,0
4375,51,36,2026-01-19 11:53:59,0.5356,0
11967,69,41,2026-01-19 12:01:35,0.2256,1
11769,162,16,2026-01-19 12:02:02,0.981,0
3043,45,11,2026-01-19 12:14:38,0.5033,0
2418,221,0,2026-01-19 12:23:34,0.0227,1
4714,71,62,2026-01-19 12:30:00,0.1586,1
7395,161,85,2026-01-19 12:44:13,0.1499,1
11465,166,93,2026-01-19 12:47:34,0.3188,0
11650,167,46,2026-01-19 12:56:43,0.5808,0
11120,49,60,2026-01-19 13:08:45,0.0663,1
8326,166,87,2026-01-19 13:19:27,0.9639,0
6023,141,66,2026-01-19 13:22:11,0.5291,0
352,34,101,2026-01-19 13:25:56,0.6697,0
7207,54,41,2026-01-19 13:32:27,0.2803,0
6209,19,52,2026-01-19 13:38:18,0.3276,0
8040,25,109,2026-01-19 13:44:18,0.8001,0
4493,6,86,2026-01-19 13:46:25,0.4548,0
8507,229,35,2026-01-19 13:54:38,0.4438,0
4675,241,44,2026-01-19 14:05:28,0.7617,0
2649,145,89,2026-01-19 14:08:09,0.0936,1
2781,245,27,2026-01-19 14:09:32,0.3192,0
9557,172,29,2026-01-19 14:10:38,0.4672,0
5486,206,56,2026-01-19 14:11:38,0.2939,0
11570,202,35,2026-01-19 14:18:30,0.0627,1
3301,84,11,2026-01-19 14:23:27,0.166,1
8469,181,61,2026-01-19 14:30:49,0.0,1
5006,41,20,2026-01-19 14:45:09,0.2838,0
9113,197,27,2026-01-19 14:51:39,0.4016,0
1587,196,63,2026-01-19 14:57:31,0.4867,0
2575,88,12,2026-01-19 15:19:55,0.2504,0
5627,243,117,2026-01-19 15:58:09,0.258,0
9196,248,26,2026-01-19 15:59:25,0.3618,0
3364,226,38,2026-01-19 16:15:49,0.4101,0
966,18,76,2026-01-19 16:18:09,0.1432,1
7619,88,28,2026-01-19 16:23:51,0.0887,1
3815,66,68,2026-01-19 16:50:03,0.9752,0
102,155,51,2026-01-19 16:50:11,0.5506,0
11973,210,50,2026-01-19 17:00:08,1.0,0
8801,170,92,2026-01-19 17:02:52,0.2624,0
999,55,76,2026-01-19 17:07:45,0.2399,1
3999,99,63,2026-01-19 17:15:19,0.431,0
9297,171,88,2026-01-19 17:50:00,0.0,1
789,239,40,2026-01-19 17:58:03,0.5222,0
3991,63,94,2026-01-19 18:04:02,0.7738,0
5251,205,5,2026-01-19 18:04:49,0.6561,0
8337,185,6,2026-01-19 18:15:38,0.0,1
5079,126,20,2026-01-19 18:15:45,0.4098,0
1667,6,4,2026-01-19 18:33:55,0.2879,0
4099,223,89,2026-01-19 18:41:26,0.7335,0
5172,67,35,2026-01-19 18:47:54,0.5847,0
7118,186,1,2026-01-19 18:54:37,0.0981,1
6609,226,59,2026-01-19 19:12:05,0.0,1
668,85,52,2026-01-19 19:28:18,0.4223,0
11802,35,62,2026-01-19 19:43:32,1.0,0
1533,241,29,2026-01-19 19:52:34,0.5504,0
8120,140,50,2026-01-19 20:02:01,0.6047,0
9183,221,51,2026-01-19 20:10:12,0.499,0
311,218,16,2026-01-19 20:15:27,0.7306,0
2030,22,0,2026-01-19 20:38:52,0.9111,0
8094,105,56,2026-01-19 21:17:34,0.5494,0
10102,228,87,2026-01-19 21:34:18,0.0,1
11305,230,61,2026-01-19 21:35:10,0.4008,0
10575,9,113,2026-01-19 22:05:38,0.6,0
10402,82,79,2026-01-19 22:06:15,0.3934,0
1439,119,115,2026-01-19 22:19:24,0.5944,0
5404,66,59,2026-01-19 22:23:07,0.1778,1
9844,60,98,2026-01-19 22:31:59,0.4329,0
2872,80,107,2026-01-19 22:32:31,0.9487,0
6006,96,17,2026-01-19 22:42:56,0.1146,1
2287,69,32,2026-01-19 22:54:27,0.5162,0
343,82,91,2026-01-19 22:55:25,0.6238,0
3699,0,12,2026-01-19 22:57:01,0.6298,0
1304,58,86,2026-01-19 23:04:26,0.0639,1
2240,200,116,2026-01-19 23:26:19,0.3353,0
10899,121,13,2026-01-19 23:54:06,0.3867,0
4150,126,118,2026-01-19 23:56:08,0.7327,0
9221,139,21,2026-01-20 00:05:09,0.2587,0
10719,90,66,2026-01-20 00:08:45,0.6693,0
10783,83,117,2026-01-20 00:08:45,0.2491,1
9656,195,116,2026-01-20 00:20:26,0.6384,0
1507,16,107,2026-01-20 00:23:45,0.22,1
1976,47,39,2026-01-20 00:35:09,0.3427,0
323,238,113,2026-01-20 00:38:33,0.5996,0
9361,66,13,2026-01-20 00:41:34,1.0,0
1985,243,44,2026-01-20 00:45:53,0.4294,0
4690,149,64,2026-01-20 00:53:15,0.213,1
11831,36,66,2026-01-20 00:53:25,0.447,0
1668,8,118,2026-01-20 01:08:13,0.4495,0
4322,76,118,2026-01-20 01:12:27,0.3566,0
4549,137,63,2026-01-20 01:14:06,0.7229,0
2682,142,90,2026-01-20 01:19:26,0.3876,0
11740,190,43,2026-01-20 01:22:43,0.291,0
1397,200,56,2026-01-20 01:39:14,0.8414,0
9520,71,66,2026-01-20 01:50:07,0.6393,0
11878,111,118,2026-01-20 02:02:48,0.0595,1
7883,2,62,2026-01-20 02:13:31,0.1414,1
7809,124,21,2026-01-20 02:15:10,0.2887,0
10432,247,31,2026-01-20 02:24:56,0.8664,0
11442,55,67,2026-01-20 02:25:39,0.1692,1
1217,145,9,2026-01-20 02:52:03,0.0,1
5944,40,102,2026-01-20 02:55:07,0.0,1
11979,237,51,2026-01-20 03:48:59,0.1744,1
8212,14,31,2026-01-20 03:54:06,0.5544,0
8391,170,62,2026-01-20 03:58:58,1.0,0
10165,170,104,2026-01-20 04:08:44,0.2657,0
11914,231,93,2026-01-20 04:28:12,0.0509,1
6144,50,97,2026-01-20 04:37:51,0.0,1
4969,222,56,2026-01-20 04:49:18,0.2939,0
6373,21,4,2026-01-20 04:54:29,0.357,0
4176,179,70,2026-01-20 04:54:38,0.1958,1
7908,238,20,2026-01-20 05:08:13,0.6307,0
9532,246,34,2026-01-20 05:10:40,0.4452,0
918,183,12,2026-01-20 05:20:30,0.3997,0
6654,33,14,2026-01-20 06:01:51,0.7198,0
2595,137,71,2026-01-20 06:08:05,0.6944,0
9646,195,100,2026-01-20 06:17:49,0.3359,0
2314,157,60,2026-01-20 06:27:00,0.6756,0
10422,227,37,2026-01-20 06:50:22,1.0,0
1125,131,51,2026-01-20 07:40:59,0.2341,1
11161,17,49,2026-01-20 07:49:33,0.4278,0
10634,249,73,2026-01-20 07:55:47,0.2742,0
4188,197,90,2026-01-20 08:02:47,0.3587,0
11011,50,65,2026-01-20 08:10:19,0.1621,1
536,109,49,2026-01-20 08:11:42,0.3445,0
33,124,116,2026-01-20 08:38:50,0.216,1
8394,202,35,2026-01-20 09:01:04,0.5401,0
5912,7,71,2026-01-20 09:13:55,0.0,1
5509,233,1,2026-01-20 09:23:09,0.477,0
7772,139,48,2026-01-20 09:50:40,0.1036,1
4056,208,30,2026-01-20 09:53:03,0.6659,0
7045,231,80,2026-01-20 09:58:56,0.3719,0
3754,46,94,2026-01-20 10:07:27,0.2196,1
2925,96,95,2026-01-20 10:45:43,0.6194,0
2851,192,30,2026-01-20 10:58:00,0.0379,1
717,129,118,2026-01-20 11:03:21,0.5152,0
6145,225,37,2026-01-20 11:21:35,0.263,0
8799,107,80,2026-01-20 11:26:33,0.148,1
4971,16,73,2026-01-20 11:29:09,0.0,1
6816,73,56,2026-01-20 11:49:20,0.5386,0
2355,224,74,2026-01-20 12:00:08,0.5303,0
6162,54,59,2026-01-20 12:05:49,0.5023,0
11088,29,37,2026-01-20 12:08:55,0.0771,1
5833,130,23,2026-01-20 12:10:40,0.3638,0
11222,85,79,2026-01-20 12:20:46,0.599,0
3090,195,49,2026-01-20 12:27:27,0.5549,0
3907,192,91,2026-01-20 12:32:44,0.4145,0
10862,226,18,2026-01-20 12:33:46,0.4037,0
1224,244,84,2026-01-20 12:41:41,0.5619,0
10008,141,37,2026-01-20 12:55:26,0.5278,0
7346,87,80,2026-01-20 12:59:44,0.296,0
8257,249,98,2026-01-20 13:12:05,0.682,0
8380,222,25,2026-01-20 13:27:48,0.3272,0
9771,241,35,2026-01-20 13:34:20,0.0,1
11509,180,100,2026-01-20 13:52:24,0.1477,1
1702,44,48,2026-01-20 13:54:36,0.1355,1
5071,200,61,2026-01-20 13:55:47,0.213,1
9278,186,117,2026-01-20 14:06:43,0.1903,1
5626,27,102,2026-01-20 14:16:48,0.1501,1
6444,178,44,2026-01-20 14:18:59,0.166,1
9574,193,20,2026-01-20 14:29:14,1.0,0
9567,150,3,2026-01-20 14:52:44,0.6905,0
6307,144,35,2026-01-20 14:53:49,0.7391,0
3080,237,56,2026-01-20 14:57:31,0.7246,0
5187,216,31,2026-01-20 15:22:54,0.4276,0
9274,44,56,2026-01-20 15:27:36,0.0927,1
1240,68,93,2026-01-20 15:32:04,0.1201,1
8218,204,62,2026-01-20 15:43:50,0.1802,1
7313,53,77,2026-01-20 15:51:30,0.1381,1
10651,67,12,2026-01-20 16:23:42,0.9559,0
10514,146,19,2026-01-20 16:31:46,0.2898,0
2277,232,94,2026-01-20 16:39:02,0.0,1
8224,214,20,2026-01-20 16:42:41,0.1935,1
10919,147,74,2026-01-20 16:56:50,0.3183,0
1916,100,108,2026-01-20 17:04:12,0.4339,0
11471,185,55,2026-01-20 17:24:35,0.032,1
8219,15,97,2026-01-20 17:52:52,0.3088,0
3208,246,105,2026-01-20 17:56:47,0.0,1
2408,124,46,2026-01-20 18:00:05,1.0,0
6238,107,10,2026-01-20 18:05:18,0.5711,0
6585,188,109,2026-01-20 18:10:53,0.2546,0
5309,173,5,2026-01-20 18:12:51,0.5232,0
11619,36,68,2026-01-20 18:38:59,0.5216,0
4379,158,43,2026-01-20 18:59:42,0.1418,1
3560,35,85,2026-01-20 19:05:20,0.4344,0
11910,105,82,2026-01-20 19:27:28,0.5372,0
9191,116,37,2026-01-20 19:44:05,0.2957,0
6976,138,4,2026-01-20 20:05:28,0.1522,1
1565,43,19,2026-01-20 20:20:35,0.1606,1
7714,84,83,2026-01-20 20:28:08,0.3083,0
7649,79,73,2026-01-20 20:46:10,0.0389,1
6915,223,97,2026-01-20 20:53:55,0.28,0
1698,132,39,2026-01-20 21:06:24,0.5663,0
290,112,21,2026-01-20 21:43:13,0.0,1
9698,32,37,2026-01-20 21:47:26,0.7467,0
5829,242,20,2026-01-20 21:47:37,0.1086,1
508,61,65,2026-01-20 21:47:46,1.0,0
5410,73,23,2026-01-20 21:58:37,0.1349,1
6032,136,37,2026-01-20 22:08:21,0.9626,0
11692,103,5,2026-01-20 22:11:46,0.4283,0
7713,124,90,2026-01-20 22:20:57,0.0161,1
9721,201,119,2026-01-20 22:29:30,0.3017,0
8432,234,93,2026-01-20 22:41:19,0.1611,1
6854,219,62,2026-01-20 22:43:04,0.374,0
11212,248,13,2026-01-20 22:57:02,0.5709,0
4799,212,0,2026-01-20 22:59:18,0.2993,0
2800,240,75,2026-01-20 23:04:13,1.0,0
4479,85,108,2026-01-20 23:11:49,0.2281,1
11345,136,61,2026-01-20 23:35:28,0.3175,0
10831,212,63,2026-01-20 23:37:30,0.324,0
3397,177,89,2026-01-20 23:38:26,0.0,1
7191,45,10,2026-01-20 23:44:17,0.1903,1
6856,106,1,2026-01-20 23:45:43,0.6842,0
9233,62,25,2026-01-20 23:55:30,0.4115,0
10910,94,20,2026-01-21 00:11:06,0.057,1
4078,50,66,2026-01-21 00:11:46,0.5652,0
264,87,21,2026-01-21 00:16:19,0.161,1
9179,37,0,2026-01-21 00:50:22,0.1345,1
5451,92,84,2026-01-21 00:52:23,0.0974,1
6191,237,79,2026-01-21 00:58:19,0.7986,0
6840,142,92,2026-01-21 01:01:43,0.4374,0
8104,17,96,2026-01-21 01:32:51,0.4843,0
61,38,88,2026-01-21 01:37:48,0.0,1
4851,38,106,2026-01-21 01:39:40,0.2903,0
2608,31,33,2026-01-21 01:50:09,0.3611,0
6844,38,29,2026-01-21 02:03:19,0.0,1
9880,122,69,2026-01-21 02:18:57,0.3185,0
6009,164,34,2026-01-21 02:43:01,0.7453,0
6433,165,100,2026-01-21 02:44:23,0.2443,1
8385,63,23,2026-01-21 02:56:49,1.0,0
4216,186,25,2026-01-21 03:51:03,0.7319,0
6906,158,31,2026-01-21 03:58:50,0.1202,1
9551,54,19,2026-01-21 04:12:01,0.2119,1
6950,159,26,2026-01-21 04:20:53,0.511,0
9790,48,101,2026-01-21 04:37:48,0.1888,1
2323,84,50,2026-01-21 04:42:20,0.2713,0
7804,223,2,2026-01-21 04:45:51,1.0,0
1780,98,39,2026-01-21 04:53:36,0.6458,0
9365,12,28,2026-01-21 04:53:53,0.2696,0
619,211,94,2026-01-21 05:04:12,0.4506,0
1393,163,72,2026-01-21 05:35:58,0.223,1
4570,76,87,2026-01-21 05:42:55,0.5143,0
468,153,1,2026-01-21 05:43:39,0.3582,0
9301,19,99,2026-01-21 05:43:53,0.1965,1
5501,239,56,2026-01-21 05:47:55,0.352,0
2603,66,117,2026-01-21 06:18:44,0.4481,0
5954,2,113,2026-01-21 06:26:49,0.6269,0
6092,160,28,2026-01-21 06:51:44,0.0965,1
4631,4,4,2026-01-21 07:16:14,0.1346,1
8594,99,104,2026-01-21 07:23:36,0.5332,0
9536,130,105,2026-01-21 07:25:32,0.2075,1
10155,135,18,2026-01-21 07:37:31,0.5513,0
1886,210,95,2026-01-21 07:59:57,1.0,0
58,225,3,2026-01-21 08:37:24,0.5986,0
798,85,119,2026-01-21 09:46:29,0.2842,0
7227,14,49,2026-01-21 09:55:36,0.0703,1
5244,6,68,2026-01-21 10:03:38,0.1313,1
11672,87,62,2026-01-21 10:24:11,0.1286,1
7356,105,0,2026-01-21 10:24:40,0.5467,0
7904,109,9,2026-01-21 10:27:08,0.0,1
8491,0,36,2026-01-21 10:31:56,0.1324,1
6728,128,29,2026-01-21 10:45:16,0.7837,0
7094,199,53,2026-01-21 10:54:01,0.7631,0
813,173,53,2026-01-21 11:02:04,0.5951,0
5381,76,26,2026-01-21 11:24:21,0.3642,0
5710,226,107,2026-01-21 11:32:32,0.557,0
4770,87,45,2026-01-21 11:35:32,0.7651,0
2282,41,118,2026-01-21 12:02:56,0.8014,0
11815,73,73,2026-01-21 12:21:46,0.3748,0
7200,12,82,2026-01-21 12:27:57,0.8017,0
8718,169,17,2026-01-21 12:53:30,0.1076,1
7178,114,56,2026-01-21 13:12:55,0.3471,0
3653,179,34,2026-01-21 13:20:26,0.7958,0
6381,54,50,2026-01-21 13:22:16,0.5815,0
4469,23,111,2026-01-21 13:22:17,0.5911,0
1950,247,11,2026-01-21 13:26:10,0.3491,0
1522,212,105,2026-01-21 13:46:18,0.4266,0
8,195,45,2026-01-21 13:55:18,0.2279,1
10424,69,35,2026-01-21 14:22:45,0.4465,0
4616,0,115,2026-01-21 14:33:03,0.5748,0
10404,174,23,2026-01-21 14:42:47,0.2514,0
6607,239,25,2026-01-21 14:50:29,0.3621,0
9813,59,91,2026-01-21 15:13:07,0.4278,0
8466,236,34,2026-01-21 15:20:31,0.4554,0
10348,196,34,2026-01-21 15:44:23,0.1947,1
4912,128,99,2026-01-21 16:00:53,0.0643,1
3365,46,24,2026-01-21 16:08:26,1.0,0
9067,4,60,2026-01-21 16:26:55,0.7825,0
8447,161,105,2026-01-21 16:44:30,0.4967,0
834,249,78,2026-01-21 16:50:20,0.2743,0
7598,247,1,2026-01-21 16:52:25,1.0,0
6940,109,104,2026-01-21 17:17:48,0.1878,1
3202,113,82,2026-01-21 17:22:13,0.6169,0
9447,202,81,2026-01-21 17:25:27,0.2535,0
3689,147,71,2026-01-21 17:46:49,0.3823,0
983,108,109,2026-01-21 17:55:11,0.7195,0
7825,242,74,2026-01-21 17:56:27,0.3597,0
10497,211,51,2026-01-21 18:01:15,0.3452,0
701,42,25,2026-01-21 18:17:48,0.07,1
2956,173,19,2026-01-21 18:37:26,0.1337,1
3395,82,48,2026-01-21 18:50:18,0.0399,1
4368,77,41,2026-01-21 19:07:00,0.0298,1
11183,0,84,2026-01-21 19:12:06,0.1907,1
10543,55,21,2026-01-21 19:18:28,0.7164,0
4917,79,103,2026-01-21 19:20:44,0.5335,0
11283,117,82,2026-01-21 19:25:52,0.7097,0
10203,240,94,2026-01-21 19:53:30,0.6716,0
8611,63,62,2026-01-21 20:03:27,0.2177,1
3998,133,111,2026-01-21 20:07:14,0.2931,0
1029,139,35,2026-01-21 20:07:56,0.4007,0
5179,168,90,2026-01-21 20:11:31,0.4606,0
10564,191,55,2026-01-21 20:13:47,0.5903,0
5228,74,90,2026-01-21 20:18:06,0.7773,0
11029,203,6,2026-01-21 20:18:32,0.5034,0
1170,9,57,2026-01-21 20:26:45,0.4106,0
4148,2,85,2026-01-21 20:39:00,0.0895,1
3821,214,41,2026-01-21 20:39:52,0.0,1
8908,225,117,2026-01-21 21:01:40,0.54,0
2335,238,34,2026-01-21 21:01:52,0.1767,1
3883,104,40,2026-01-21 21:08:35,0.5881,0
7575,246,62,2026-01-21 21:31:03,0.3047,0
6420,50,103,2026-01-21 21:41:45,0.7209,0
8201,46,18,2026-01-21 21:42:49,0.1055,1
4922,158,40,2026-01-21 21:44:41,0.6081,0
8275,55,74,2026-01-21 22:03:36,0.4713,0
2674,8,22,2026-01-21 22:30:39,0.8845,0
7600,188,26,2026-01-21 22:33:24,0.3681,0
4646,61,6,2026-01-21 22:41:30,0.3853,0
2486,77,68,2026-01-21 22:50:46,0.676,0
8677,120,102,2026-01-21 23:18:10,0.6534,0
8624,58,2,2026-01-21 23:24:11,0.0613,1
8177,88,103,2026-01-21 23:32:06,0.343,0
8652,103,93,2026-01-21 23:44:56,0.5399,0
4796,75,86,2026-01-21 23:45:07,0.1698,1
9841,43,54,2026-01-21 23:54:30,0.3265,0
632,16,66,2026-01-21 23:57:13,0.7406,0
6034,186,97,2026-01-22 00:00:52,0.2607,0
6378,135,43,2026-01-22 00:37:10,1.0,0
2621,185,76,2026-01-22 00:39:32,0.12,1
9232,200,18,2026-01-22 00:56:46,0.4219,0
6264,202,104,2026-01-22 01:01:34,0.167,1
7759,143,14,2026-01-22 01:05:49,0.4724,0
3473,98,36,2026-01-22 01:20:03,0.7048,0
9756,138,52,2026-01-22 02:17:41,0.0686,1
784,234,36,2026-01-22 02:38:30,0.4504,0
4600,173,102,2026-01-22 02:51:37,0.5452,0
3748,141,24,2026-01-22 03:13:51,0.0,1
4538,125,95,2026-01-22 03:19:21,0.4083,0
10459,236,87,2026-01-22 03:20:52,0.6999,0
9172,111,31,2026-01-22 03:38:04,0.645,0
5607,7,19,2026-01-22 03:45:06,0.6902,0
1419,38,90,2026-01-22 03:57:54,0.3045,0
2152,122,25,2026-01-22 04:00:16,0.5584,0
6151,246,9,2026-01-22 04:05:51,0.6691,0
5382,244,14,2026-01-22 04:09:09,0.1596,1
10995,216,20,2026-01-22 04:15:45,0.4833,0
3326,113,36,2026-01-22 04:31:59,0.7253,0
10541,5,63,2026-01-22 04:37:31,0.4537,0
9820,230,2,2026-01-22 04:56:59,0.4806,0
1364,174,103,2026-01-22 04:59:58,0.2642,0
7780,172,97,2026-01-22 05:02:43,0.5821,0
1857,132,111,2026-01-22 05:04:40,0.3391,0
1339,34,25,2026-01-22 05:05:49,0.7336,0
10112,213,116,2026-01-22 05:08:03,0.8886,0
3329,175,91,2026-01-22 05:08:43,0.1292,1
4888,207,80,2026-01-22 05:10:04,0.502,0
1330,86,31,2026-01-22 05:15:47,0.4104,0
1607,1,41,2026-01-22 05:19:07,0.3407,0
5574,241,30,2026-01-22 05:28:21,0.3424,0
6425,215,13,2026-01-22 05:43:05,0.4202,0
8844,238,107,2026-01-22 05:48:07,0.3584,0
4013,212,67,2026-01-22 05:53:46,0.7186,0
66,94,68,2026-01-22 06:06:43,0.9117,0
4051,107,119,2026-01-22 06:07:05,0.2427,1
5852,2,81,2026-01-22 06:13:20,0.3647,0
9339,223,10,2026-01-22 06:25:04,0.656,0
10152,177,39,2026-01-22 06:45:42,0.3951,0
4348,6,48,2026-01-22 07:04:49,0.2718,0
3701,216,93,2026-01-22 07:16:13,0.1163,1
9465,154,80,2026-01-22 07:30:40,0.7805,0
11923,102,92,2026-01-22 07:36:29,0.3917,0
11717,13,119,2026-01-22 08:08:33,1.0,0
2678,73,20,2026-01-22 08:22:58,0.171,1
10994,3,103,2026-01-22 08:46:07,0.8797,0
1103,3,24,2026-01-22 08:56:45,0.5285,0
11137,141,90,2026-01-22 08:58:54,0.5002,0
9335,151,96,2026-01-22 09:07:49,0.3893,0
827,23,117,2026-01-22 09:23:05,0.2646,0
2677,41,91,2026-01-22 09:43:11,0.2478,1
11543,189,65,2026-01-22 09:49:18,0.2915,0
10930,144,118,2026-01-22 10:02:49,0.4246,0
790,88,69,2026-01-22 10:16:56,0.5493,0
5787,7,73,2026-01-22 10:19:34,0.5042,0
3167,244,15,2026-01-22 10:19:38,0.6278,0
2431,134,53,2026-01-22 10:33:14,0.4739,0
4356,107,11,2026-01-22 10:53:24,0.4251,0
10530,85,7,2026-01-22 11:04:13,0.7622,0
5145,41,83,2026-01-22 11:28:09,0.5872,0
10627,133,2,2026-01-22 11:36:51,0.6456,0
8743,98,92,2026-01-22 11:46:07,0.7586,0
5887,70,82,2026-01-22 11:49:27,0.2582,0
11187,90,86,2026-01-22 11:58:31,0.3058,0
105,167,94,2026-01-22 12:31:50,0.6154,0
11013,186,12,2026-01-22 12:33:26,0.4787,0
7353,125,3,2026-01-22 12:36:20,0.1404,1
7679,53,95,2026-01-22 12:36:32,0.2272,1
9768,151,28,2026-01-22 12:36:33,0.3337,0
4980,117,27,2026-01-22 12:37:14,0.1897,1
3356,224,13,2026-01-22 13:02:28,0.0,1
8761,107,79,2026-01-22 13:04:49,0.1593,1
4845,186,27,2026-01-22 13:15:09,0.3175,0
8236,230,38,2026-01-22 13:19:40,0.0575,1
259,172,43,2026-01-22 13:32:55,0.3782,0
444,27,93,2026-01-22 13:47:39,0.2303,1
3276,108,77,2026-01-22 14:07:43,0.4508,0
5363,22,49,2026-01-22 14:09:07,0.5649,0
3764,111,118,2026-01-22 14:11:13,0.4713,0
10029,24,65,2026-01-22 14:13:55,0.2065,1
7747,184,47,2026-01-22 14:14:25,0.8539,0
7274,175,12,2026-01-22 14:24:12,0.5851,0
5425,75,24,2026-01-22 14:28:37,0.5518,0
4255,7,46,2026-01-22 14:35:39,0.4881,0
6448,223,86,2026-01-22 14:38:54,0.7409,0
4115,248,44,2026-01-22 14:45:19,0.2068,1
7962,209,85,2026-01-22 15:11:42,0.8435,0
4695,49,82,2026-01-22 15:19:18,0.0063,1
7289,128,74,2026-01-22 15:57:37,0.2712,0
8580,224,13,2026-01-22 16:16:40,0.5614,0
8621,217,42,2026-01-22 16:29:50,0.5419,0
1415,15,29,2026-01-22 16:37:42,0.4727,0
6488,91,51,2026-01-22 17:07:23,1.0,0
11810,29,82,2026-01-22 17:10:20,0.7405,0
7224,39,58,2026-01-22 17:19:07,0.1124,1
1672,126,89,2026-01-22 17:33:32,0.0,1
3529,226,110,2026-01-22 17:35:50,0.8587,0
10147,121,51,2026-01-22 17:38:11,0.7364,0
10621,90,30,2026-01-22 17:54:27,0.519,0
2154,232,7,2026-01-22 18:02:44,0.7734,0
6974,125,88,2026-01-22 18:04:56,0.1825,1
10446,79,90,2026-01-22 18:06:47,0.722,0
10639,221,104,2026-01-22 18:14:41,0.3485,0
3330,64,18,2026-01-22 18:18:37,0.7832,0
6641,156,68,2026-01-22 18:28:01,0.1622,1
5736,128,3,2026-01-22 18:37:59,0.673,0
11214,240,40,2026-01-22 18:55:45,0.3189,0
3719,232,117,2026-01-22 19:03:17,0.3637,0
7553,112,15,2026-01-22 19:04:15,1.0,0
11443,154,76,2026-01-22 19:05:45,0.7425,0
7550,60,40,2026-01-22 19:08:51,0.7673,0
4547,163,32,2026-01-22 19:32:15,0.0,1
7625,41,54,2026-01-22 19:51:29,0.1891,1
5396,29,37,2026-01-22 19:59:37,0.3622,0
5269,224,110,2026-01-22 20:00:18,0.6397,0
4087,237,4,2026-01-22 20:12:31,0.0176,1
4132,32,119,2026-01-22 20:25:08,0.367,0
7802,136,35,2026-01-22 20:31:53,0.664,0
8693,16,38,2026-01-22 20:50:37,1.0,0
4539,49,74,2026-01-22 21:10:04,0.3128,0
7666,121,115,2026-01-22 21:17:31,0.245,1
1314,23,43,2026-01-22 21:22:32,0.5705,0
11938,160,101,2026-01-22 21:33:00,0.6002,0
6855,158,73,2026-01-22 21:51:27,0.1082,1
7547,111,12,2026-01-22 22:18:17,0.0,1
1720,245,106,2026-01-22 22:29:24,0.2268,1
4927,115,79,2026-01-22 22:32:59,0.6147,0
1961,104,103,2026-01-22 22:35:27,0.2076,1
5749,208,32,2026-01-22 22:39:36,0.004,1
7444,249,55,2026-01-22 22:46:48,0.0068,1
659,37,40,2026-01-22 22:48:55,0.4894,0
642,224,29,2026-01-22 22:56:38,0.6722,0
10079,24,57,2026-01-22 23:43:08,0.3483,0
2825,175,21,2026-01-23 00:01:16,0.5537,0
5699,115,118,2026-01-23 00:02:05,0.258,0
10358,117,57,2026-01-23 00:14:55,0.0955,1
5258,147,53,2026-01-23 00:21:48,0.0845,1
1711,165,11,2026-01-23 00:30:10,0.5236,0
8265,127,94,2026-01-23 00:34:35,0.1133,1
7359,14,113,2026-01-23 00:37:53,0.0,1
7853,74,99,2026-01-23 00:52:12,0.0051,1
15,48,14,2026-01-23 00:55:21,0.6759,0
9634,180,31,2026-01-23 01:02:46,0.2891,0
5528,109,77,2026-01-23 01:05:20,0.6047,0
46,231,116,2026-01-23 01:13:39,0.6336,0
7259,241,51,2026-01-23 01:24:45,0.6053,0
29,247,37,2026-01-23 01:26:25,0.1529,1
8618,203,0,2026-01-23 01:28:34,0.1053,1
5634,9,56,2026-01-23 01:30:12,0.5448,0
1143,199,39,2026-01-23 01:45:54,0.0,1
3007,93,69,2026-01-23 02:02:18,0.5302,0
10027,41,90,2026-01-23 02:05:55,0.0233,1
6927,50,29,2026-01-23 02:51:41,0.2043,1
149,61,71,2026-01-23 03:13:04,0.2825,0
6296,5,9,2026-01-23 03:13:20,0.3824,0
1967,133,98,2026-01-23 03:25:34,0.2948,0
2220,156,8,2026-01-23 03:35:05,1.0,0
8595,198,94,2026-01-23 03:53:10,0.0,1
10797,95,86,2026-01-23 04:10:54,0.4826,0
5841,182,81,2026-01-23 04:22:32,0.7811,0
5600,243,89,2026-01-23 04:27:03,0.0,1
4942,37,25,2026-01-23 04:45:30,0.2527,0
8263,86,112,2026-01-23 04:47:55,0.0346,1
9317,201,51,2026-01-23 05:05:50,0.6746,0
11813,59,13,2026-01-23 05:11:43,0.2445,1
4317,88,34,2026-01-23 05:14:13,0.0476,1
3803,234,42,2026-01-23 05:17:16,0.1614,1
11745,227,68,2026-01-23 05:37:23,0.5376,0
4386,106,68,2026-01-23 06:06:10,0.549,0
10174,37,71,2026-01-23 06:30:37,0.6318,0
3688,216,24,2026-01-23 06:41:47,0.7802,0
4710,17,37,2026-01-23 07:13:12,0.0328,1
1911,105,42,2026-01-23 07:15:18,0.0176,1
4765,113,11,2026-01-23 07:15:19,0.616,0
143,162,97,2026-01-23 07:29:33,0.5154,0
3454,174,71,2026-01-23 07:38:27,0.3102,0
9420,195,24,2026-01-23 07:45:31,0.0676,1
8915,196,56,2026-01-23 07:48:25,1.0,0
7076,12,17,2026-01-23 07:53:05,0.0581,1
4295,20,99,2026-01-23 08:10:37,0.6223,0
6885,90,80,2026-01-23 08:20:30,0.3701,0
2378,74,49,2026-01-23 08:38:10,0.6027,0
5851,246,36,2026-01-23 08:38:16,0.0,1
573,151,56,2026-01-23 08:56:18,0.5947,0
2929,175,96,2026-01-23 09:24:56,0.6559,0
11523,35,6,2026-01-23 09:31:14,0.3806,0
3523,233,24,2026-01-23 09:41:19,0.0907,1
5368,124,26,2026-01-23 09:53:50,0.4563,0
2325,119,44,2026-01-23 10:11:08,0.3834,0
3547,26,101,2026-01-23 10:23:26,0.5248,0
4951,68,100,2026-01-23 10:29:51,0.3193,0
11679,164,100,2026-01-23 10:30:10,0.0,1
10192,62,39,2026-01-23 10:36:36,0.5812,0
7868,110,62,2026-01-23 10:37:09,0.3834,0
5008,22,58,2026-01-23 10:42:11,0.123,1
11435,114,16,2026-01-23 10:52:53,0.4886,0
9315,61,32,2026-01-23 11:36:36,1.0,0
7590,104,44,2026-01-23 11:40:28,0.1417,1
9897,243,57,2026-01-23 11:44:49,0.4239,0
8075,165,40,2026-01-23 11:47:20,0.9665,0
8902,168,102,2026-01-23 11:54:27,1.0,0
7764,68,88,2026-01-23 12:27:25,0.1694,1
10055,78,115,2026-01-23 12:29:47,0.8593,0
5776,32,64,2026-01-23 12:36:15,0.1123,1
1186,50,107,2026-01-23 12:37:42,0.3165,0
3047,93,105,2026-01-23 12:51:43,0.5903,0
6251,56,112,2026-01-23 12:54:57,0.1413,1
7132,228,89,2026-01-23 13:00:51,0.2657,0
6078,95,22,2026-01-23 13:02:24,0.0,1
7965,206,48,2026-01-23 13:05:30,0.3092,0
9177,146,53,2026-01-23 13:23:06,0.1128,1
3201,241,101,2026-01-23 13:33:56,0.095,1
5362,99,101,2026-01-23 13:39:14,0.2006,1
1856,15,105,2026-01-23 13:46:38,0.3971,0
2804,150,119,2026-01-23 13:59:12,0.6283,0
1272,245,53,2026-01-23 14:25:49,0.0985,1
5717,151,53,2026-01-23 14:52:36,0.1186,1
5185,199,61,2026-01-23 15:15:06,0.1696,1
6235,61,30,2026-01-23 15:19:33,0.4657,0
9404,189,12,2026-01-23 15:23:38,1.0,0
3527,71,2,2026-01-23 15:40:04,0.802,0
4893,129,59,2026-01-23 15:42:15,0.7765,0
7462,98,48,2026-01-23 15:43:21,0.3682,0
3384,12,4,2026-01-23 15:44:53,1.0,0
10718,160,4,2026-01-23 15:55:55,0.7198,0
9033,101,53,2026-01-23 16:15:38,0.814,0
10758,100,110,2026-01-23 16:40:15,0.5445,0
1319,150,11,2026-01-23 17:04:12,0.1488,1
6279,117,72,2026-01-23 17:13:37,0.1667,1
4405,145,5,2026-01-23 17:13:57,0.5129,0
10418,204,14,2026-01-23 17:20:53,0.1317,1
136,78,63,2026-01-23 17:36:39,0.0599,1
10709,201,0,2026-01-23 17:37:23,0.0,1
10078,36,51,2026-01-23 17:48:46,1.0,0
1433,131,31,2026-01-23 17:55:31,0.6655,0
2903,124,48,2026-01-23 18:04:45,0.6688,0
11526,145,63,2026-01-23 18:14:12,0.121,1
11929,135,87,2026-01-23 18:34:16,0.8926,0
9437,119,105,2026-01-23 18:37:43,0.4275,0
10937,140,43,2026-01-23 18:38:59,0.2117,1
5307,43,44,2026-01-23 18:40:17,0.7133,0
3790,150,48,2026-01-23 18:56:56,0.1563,1
9010,183,0,2026-01-23 19:30:12,0.4304,0
9003,206,34,2026-01-23 19:30:14,0.3712,0
11899,217,39,2026-01-23 19:31:41,0.2309,1
5821,149,5,2026-01-23 20:34:36,0.217,1
9672,102,44,2026-01-23 20:45:13,0.5982,0
8496,46,12,2026-01-23 20:59:02,0.475,0
6274,108,95,2026-01-23 21:06:14,0.2456,1
8612,174,104,2026-01-23 21:07:14,0.2546,0
5663,162,113,2026-01-23 21:09:24,0.0,1
7775,77,50,2026-01-23 21:10:53,0.6908,0
5139,34,105,2026-01-23 21:13:50,1.0,0
11838,47,86,2026-01-23 21:17:51,0.6302,0
2132,127,90,2026-01-23 21:23:10,0.3077,0
10258,219,83,2026-01-23 21:28:56,0.1538,1
5367,100,111,2026-01-23 21:35:51,0.2058,1
9075,8,32,2026-01-23 21:36:12,0.6362,0
41,169,27,2026-01-23 21:56:36,0.1582,1
7377,62,14,2026-01-23 22:00:13,0.1336,1
2076,198,92,2026-01-23 22:06:16,0.4482,0
6063,245,42,2026-01-23 22:09:33,0.6176,0
5352,197,82,2026-01-23 22:10:18,0.7719,0
1880,243,60,2026-01-23 22:16:50,0.8588,0
3484,180,57,2026-01-23 22:29:05,0.4851,0
5397,6,39,2026-01-23 23:02:32,0.0,1
10700,66,45,2026-01-23 23:10:38,0.2925,0
9459,232,38,2026-01-23 23:12:23,0.2112,1
10070,131,59,2026-01-23 23:19:16,0.1721,1
7168,100,35,2026-01-23 23:24:47,0.2154,1
9794,175,52,2026-01-23 23:45:12,0.2133,1
11706,176,88,2026-01-23 23:49:57,0.2972,0
1220,49,88,2026-01-23 23:51:23,0.3077,0
11560,102,26,2026-01-24 00:17:51,0.357,0
7910,224,76,2026-01-24 00:26:16,0.4937,0
9804,125,118,2026-01-24 01:09:52,0.5255,0
260,2,88,2026-01-24 01:11:21,0.0562,1
5054,96,36,2026-01-24 01:26:45,1.0,0
5102,188,95,2026-01-24 01:29:42,0.5911,0
1082,80,6,2026-01-24 01:41:36,0.5057,0
1982,90,85,2026-01-24 01:48:02,0.3326,0
1161,160,1,2026-01-24 01:54:52,0.5013,0
1060,95,56,2026-01-24 02:00:31,0.8316,0
8807,34,77,2026-01-24 02:13:32,0.3351,0
7744,223,37,2026-01-24 02:19:00,0.2641,0
7992,78,92,2026-01-24 02:28:38,0.9325,0
7336,188,101,2026-01-24 03:03:49,0.3651,0
9479,73,56,2026-01-24 03:07:07,0.1086,1
10825,119,49,2026-01-24 03:32:43,0.7505,0
2094,192,55,2026-01-24 03:34:18,0.2028,1
10785,54,81,2026-01-24 03:40:40,0.0851,1
3287,201,110,2026-01-24 03:44:16,0.3443,0
11153,118,109,2026-01-24 03:44:24,0.4254,0
5946,72,93,2026-01-24 03:52:54,0.207,1
135,107,54,2026-01-24 04:22:43,0.3164,0
4803,35,40,2026-01-24 04:27:54,0.6055,0
1927,182,58,2026-01-24 04:33:05,0.0119,1
11191,11,119,2026-01-24 04:44:57,0.1138,1
4302,74,25,2026-01-24 05:34:20,0.0,1
7855,81,92,2026-01-24 05:34:48,0.5625,0
2025,220,78,2026-01-24 05:44:30,0.6413,0
8653,195,61,2026-01-24 05:56:26,0.6161,0
972,61,14,2026-01-24 06:07:15,0.5375,0
10553,105,13,2026-01-24 06:09:56,0.4846,0
1244,21,7,2026-01-24 06:15:57,0.0533,1
7751,220,116,2026-01-24 06:18:40,0.2681,0
526,2,61,2026-01-24 06:25:57,0.8282,0
10898,7,102,2026-01-24 06:40:28,0.7397,0
5154,203,73,2026-01-24 07:12:59,0.2899,0
7494,100,28,2026-01-24 07:55:57,0.2181,1
4726,229,73,2026-01-24 08:00:43,0.5725,0
2638,245,75,2026-01-24 08:07:35,0.0092,1
8348,224,75,2026-01-24 08:10:16,0.6987,0
308,145,62,2026-01-24 08:10:32,0.033,1
4153,20,118,2026-01-24 08:12:44,0.3268,0
7781,186,48,2026-01-24 08:21:57,0.7197,0
7495,124,61,2026-01-24 08:45:11,0.0191,1
4226,234,107,2026-01-24 08:47:11,0.6186,0
3981,223,67,2026-01-24 08:55:55,0.3287,0
2792,170,19,2026-01-24 09:01:40,0.1704,1
2403,137,84,2026-01-24 09:12:06,0.0,1
8157,60,98,2026-01-24 09:24:55,0.1567,1
9385,124,81,2026-01-24 09:38:34,0.4365,0
194,189,106,2026-01-24 10:01:32,0.7024,0
8640,128,55,2026-01-24 10:24:06,0.3345,0
6876,222,17,2026-01-24 10:47:52,0.2359,1
5176,123,18,2026-01-24 10:54:52,0.5804,0
4061,15,10,2026-01-24 10:57:09,1.0,0
10241,144,75,2026-01-24 11:01:01,0.4352,0
9180,18,94,2026-01-24 11:01:25,0.3458,0
2230,52,103,2026-01-24 11:15:15,0.3278,0
7114,31,3,2026-01-24 11:25:21,0.611,0
4092,135,70,2026-01-24 11:27:33,1.0,0
9718,227,50,2026-01-24 11:38:46,0.2025,1
8123,11,102,2026-01-24 11:53:57,0.2231,1
8519,136,13,2026-01-24 12:09:38,0.5696,0
8377,61,19,2026-01-24 12:16:14,0.1699,1
8408,233,17,2026-01-24 12:34:35,0.1954,1
3018,98,34,2026-01-24 12:35:00,0.7494,0
5444,19,71,2026-01-24 12:38:07,0.2645,0
6066,3,98,2026-01-24 13:10:52,0.5529,0
10955,75,63,2026-01-24 13:58:08,0.1319,1
6002,120,112,2026-01-24 14:28:55,0.4597,0
4459,22,58,2026-01-24 14:34:55,0.0,1
6225,233,59,2026-01-24 14:51:48,0.1027,1
2500,106,33,2026-01-24 15:10:59,0.2446,1
1148,224,59,2026-01-24 15:12:42,0.6035,0
2757,109,109,2026-01-24 15:24:14,0.7148,0
8331,66,21,2026-01-24 15:36:43,0.4874,0
8353,135,65,2026-01-24 15:39:04,0.4,0
2245,196,80,2026-01-24 15:59:34,0.2122,1
5281,218,88,2026-01-24 16:02:02,0.3111,0
8623,86,57,2026-01-24 16:25:55,0.0,1
4966,73,88,2026-01-24 16:38:42,0.8244,0
7128,154,69,2026-01-24 16:41:30,0.2959,0
1732,82,20,2026-01-24 16:51:04,0.6903,0
6016,159,58,2026-01-24 16:52:11,0.6902,0
4238,190,104,2026-01-24 17:08:44,0.6468,0
11681,153,104,2026-01-24 17:36:09,0.3555,0
4340,160,34,2026-01-24 17:37:00,0.3376,0
414,246,57,2026-01-24 17:43:03,0.2701,0
8002,173,78,2026-01-24 18:06:01,0.604,0
11378,154,9,2026-01-24 18:46:26,0.6944,0
7928,180,9,2026-01-24 19:06:15,0.0086,1
11941,25,11,2026-01-24 19:10:36,0.1195,1
4923,171,87,2026-01-24 19:10:43,0.7048,0
6877,185,100,2026-01-24 19:16:21,0.0,1
10865,36,100,2026-01-24 19:19:32,0.5517,0
8598,202,47,2026-01-24 19:26:45,0.8772,0
2055,164,67,2026-01-24 19:38:55,0.0,1
8614,71,25,2026-01-24 19:40:09,0.4985,0
11105,202,80,2026-01-24 19:49:05,0.4035,0
11957,179,68,2026-01-24 19:53:53,0.3133,0
11805,38,28,2026-01-24 20:03:14,0.0131,1
5459,107,54,2026-01-24 20:09:07,0.3238,0
10217,137,80,2026-01-24 20:18:18,0.6159,0
852,102,115,2026-01-24 20:24:58,0.1588,1
7894,122,6,2026-01-24 20:34:40,1.0,0
3722,170,43,2026-01-24 20:46:16,0.762,0
11365,196,85,2026-01-24 20:59:09,0.6852,0
7196,181,50,2026-01-24 21:17:02,0.4685,0
9780,106,73,2026-01-24 21:18:03,0.1963,1
2914,13,49,2026-01-24 21:20:50,0.2181,1
2895,221,77,2026-01-24 21:25:16,0.1951,1
2820,236,0,2026-01-24 21:26:12,0.0,1
5163,199,53,2026-01-24 21:39:57,0.8763,0
3604,165,11,2026-01-24 21:45:57,0.5075,0
1494,239,100,2026-01-24 21:51:03,0.2473,1
177,6,70,2026-01-24 22:22:51,0.2192,1
2495,178,4,2026-01-24 22:46:04,0.0,1
2473,49,57,2026-01-24 22:46:51,0.5659,0
10582,189,110,2026-01-24 22:58:50,0.2812,0
7177,136,98,2026-01-24 23:21:49,0.2467,1
3340,198,43,2026-01-24 23:30:05,1.0,0
7501,72,31,2026-01-24 23:33:40,0.793,0
5443,101,116,2026-01-24 23:34:17,0.4748,0
10298,41,48,2026-01-24 23:52:35,0.7535,0
8128,156,72,2026-01-25 00:23:30,0.3989,0
3177,238,105,2026-01-25 00:27:03,0.2343,1
9500,224,77,2026-01-25 00:33:04,0.3792,0
10721,173,34,2026-01-25 01:05:45,0.5723,0
2653,136,23,2026-01-25 01:08:23,0.4701,0
10945,163,95,2026-01-25 01:15:50,0.447,0
1080,7,35,2026-01-25 01:27:56,0.4979,0
785,189,70,2026-01-25 01:35:18,0.6641,0
9572,63,97,2026-01-25 01:37:20,1.0,0
5883,64,65,2026-01-25 01:41:33,0.1688,1
1374,79,25,2026-01-25 01:59:00,0.4273,0
13,34,28,2026-01-25 02:25:53,0.4209,0
3005,168,60,2026-01-25 02:28:04,0.1374,1
3857,181,73,2026-01-25 02:41:25,0.5768,0
160,92,71,2026-01-25 02:52:37,0.5495,0
8924,127,23,2026-01-25 03:09:55,0.2147,1
1124,21,49,2026-01-25 03:28:38,0.2072,1
4483,197,8,2026-01-25 03:42:32,0.0,1
5012,142,46,2026-01-25 03:50:47,0.3576,0
9478,192,79,2026-01-25 04:06:47,0.6012,0
8072,64,36,2026-01-25 04:09:29,0.2483,1
5681,131,16,2026-01-25 04:10:21,0.1964,1
7807,40,8,2026-01-25 04:10:38,1.0,0
5502,235,88,2026-01-25 04:15:56,0.5722,0
1366,119,60,2026-01-25 04:43:05,0.6678,0
10703,124,35,2026-01-25 04:43:43,0.4739,0
9158,11,19,2026-01-25 05:19:50,0.4919,0
9604,109,66,2026-01-25 05:21:32,0.6549,0
11389,155,33,2026-01-25 05:40:09,0.333,0
907,198,92,2026-01-25 05:49:35,0.3512,0
1293,154,66,2026-01-25 05:56:11,0.6303,0
10176,12,102,2026-01-25 06:27:35,0.5277,0
1347,53,45,2026-01-25 06:42:26,0.2716,0
5687,5,72,2026-01-25 06:53:17,0.4531,0
1877,217,21,2026-01-25 06:56:47,1.0,0
8028,12,107,2026-01-25 07:09:12,0.0,1
1906,67,25,2026-01-25 07:16:24,0.0,1
10570,78,44,2026-01-25 07:39:15,0.9484,0
534,230,55,2026-01-25 08:04:09,0.5187,0
4879,85,68,2026-01-25 08:06:42,0.2555,0
2307,33,105,2026-01-25 08:19:05,0.4534,0
3588,97,11,2026-01-25 08:39:13,0.423,0
5282,11,6,2026-01-25 09:05:07,0.4105,0
5755,119,29,2026-01-25 09:17:07,0.4773,0
9277,107,84,2026-01-25 09:55:35,0.5661,0
2339,122,104,2026-01-25 09:56:41,0.231,1
3729,173,40,2026-01-25 10:00:22,0.3011,0
4428,221,46,2026-01-25 10:00:32,0.4408,0
9013,127,29,2026-01-25 10:03:55,0.4985,0
6775,104,36,2026-01-25 10:17:05,0.2044,1
3884,194,41,2026-01-25 10:22:08,0.3965,0
1518,240,7,2026-01-25 10:40:12,0.2902,0
11532,225,28,2026-01-25 10:58:29,0.3281,0
5292,165,103,2026-01-25 10:59:12,0.5424,0
7186,204,97,2026-01-25 11:07:22,0.2449,1
10257,43,76,2026-01-25 11:07:45,0.1544,1
11647,190,93,2026-01-25 11:31:53,0.4683,0
1166,121,18,2026-01-25 12:08:24,0.3997,0
10964,158,71,2026-01-25 12:22:19,0.3596,0
10440,233,47,2026-01-25 12:51:18,0.241,1
7569,133,17,2026-01-25 12:55:31,0.0256,1
6130,57,14,2026-01-25 13:03:11,0.0,1
7388,69,97,2026-01-25 13:10:25,0.215,1
7119,200,10,2026-01-25 13:16:32,0.4112,0
3307,185,92,2026-01-25 13:18:07,0.1825,1
6813,24,39,2026-01-25 13:18:32,0.5749,0
9890,235,21,2026-01-25 13:31:30,0.2626,0
11311,228,45,2026-01-25 13:40:52,1.0,0
10038,89,44,2026-01-25 13:42:14,0.2039,1
9057,43,108,2026-01-25 13:58:50,0.2403,1
729,69,52,2026-01-25 14:27:19,0.4679,0
2990,95,118,2026-01-25 14:38:51,0.0231,1
3196,229,50,2026-01-25 14:40:22,0.1421,1
1353,226,87,2026-01-25 15:08:00,0.6346,0
4999,61,34,2026-01-25 15:23:48,0.7042,0
8668,113,117,2026-01-25 15:56:01,0.1384,1
1033,155,38,2026-01-25 15:59:23,0.3615,0
10744,75,67,2026-01-25 16:01:12,0.1836,1
2924,85,23,2026-01-25 16:03:02,0.1945,1
9475,179,33,2026-01-25 16:05:31,0.6303,0
8845,233,26,2026-01-25 16:28:18,0.1522,1
7983,22,73,2026-01-25 16:34:06,0.1426,1
3637,6,78,2026-01-25 16:36:32,0.3716,0
6484,60,104,2026-01-25 16:37:28,0.7859,0
11209,47,55,2026-01-25 16:43:38,0.6662,0
11048,195,74,2026-01-25 17:00:18,0.2493,1
11093,94,106,2026-01-25 17:00:47,0.3687,0
1183,98,74,2026-01-25 17:21:23,0.3819,0
4509,43,90,2026-01-25 17:30:38,0.6416,0
4293,159,45,2026-01-25 17:33:19,0.2115,1
488,231,80,2026-01-25 17:35:37,0.4402,0
10796,217,114,2026-01-25 17:48:19,0.572,0
4199,26,24,2026-01-25 17:51:42,0.6605,0
7643,98,59,2026-01-25 17:53:36,0.004,1
9383,58,26,2026-01-25 18:02:04,0.3159,0
1870,190,26,2026-01-25 18:23:58,0.546,0
9450,65,95,2026-01-25 18:28:00,0.9891,0
1813,143,77,2026-01-25 18:49:35,0.0922,1
1648,143,86,2026-01-25 18:57:58,0.7646,0
557,66,36,2026-01-25 18:59:23,0.1516,1
4919,80,34,2026-01-25 19:05:21,0.4013,0
2467,115,107,2026-01-25 19:08:33,0.3736,0
3947,60,49,2026-01-25 19:15:43,0.5262,0
4142,134,14,2026-01-25 19:44:14,0.7365,0
10736,226,74,2026-01-25 20:09:26,0.2865,0
10003,235,2,2026-01-25 20:10:55,0.709,0
6748,120,51,2026-01-25 20:11:16,0.2677,0
8654,55,103,2026-01-25 20:11:43,0.4643,0
8421,110,52,2026-01-25 20:22:59,0.3182,0
2795,40,48,2026-01-25 20:40:57,0.52,0
2679,47,84,2026-01-25 20:44:48,0.5332,0
6514,130,5,2026-01-25 21:22:36,0.457,0
509,143,75,2026-01-25 21:26:03,0.2726,0
1069,112,114,2026-01-25 21:32:30,0.0549,1
7264,195,9,2026-01-25 21:33:28,0.094,1
2741,229,91,2026-01-25 21:39:08,0.0,1
8997,212,88,2026-01-25 21:49:41,0.7658,0
11975,72,47,2026-01-25 21:56:22,0.8693,0
9618,103,79,2026-01-25 22:01:24,0.2999,0
2648,7,71,2026-01-25 22:03:48,0.4443,0
4151,91,83,2026-01-25 22:05:29,0.8905,0
3284,110,80,2026-01-25 22:14:25,0.5868,0
11868,146,55,2026-01-25 22:15:32,0.3837,0
10776,48,41,2026-01-25 22:29:46,0.1085,1
7087,151,85,2026-01-25 22:40:03,0.5931,0
3534,70,104,2026-01-25 22:42:00,0.2978,0
2492,143,100,2026-01-25 22:43:19,0.3193,0
4449,170,111,2026-01-25 22:50:04,0.2684,0
7879,40,119,2026-01-25 22:51:39,0.536,0
10953,104,1,2026-01-25 23:08:18,0.0994,1
5990,113,74,2026-01-25 23:28:19,0.3164,0
4006,124,37,2026-01-25 23:32:37,0.6316,0
2052,244,12,2026-01-25 23:37:07,0.3926,0
5210,200,64,2026-01-25 23:45:29,0.0657,1
4327,5,10,2026-01-25 23:52:39,0.8598,0
10299,26,42,2026-01-25 23:55:49,0.5138,0
4204,97,85,2026-01-25 23:56:55,0.0898,1
12,53,113,2026-01-26 00:28:34,0.1161,1
7263,6,51,2026-01-26 00:46:34,0.0,1
8475,105,73,2026-01-26 00:51:51,0.2513,0
4992,95,69,2026-01-26 01:00:38,0.4956,0
11045,19,100,2026-01-26 01:34:33,0.2089,1
8550,232,87,2026-01-26 03:01:44,0.2163,1
8722,73,84,2026-01-26 03:17:06,0.6988,0
7161,132,94,2026-01-26 03:22:51,0.6401,0
5675,227,56,2026-01-26 03:38:29,0.2254,1
10023,4,53,2026-01-26 03:45:06,0.1623,1
11199,159,29,2026-01-26 03:54:38,0.445,0
7419,135,110,2026-01-26 03:55:33,0.493,0
5366,117,35,2026-01-26 03:58:50,0.0594,1
6402,217,115,2026-01-26 04:01:17,0.2481,1
10259,26,41,2026-01-26 04:02:20,0.459,0
1064,101,38,2026-01-26 04:10:20,0.19,1
7392,173,62,2026-01-26 04:18:14,0.0521,1
11613,64,82,2026-01-26 04:20:43,0.6874,0
3029,144,86,2026-01-26 04:21:04,0.6352,0
8839,107,83,2026-01-26 04:31:34,0.4899,0
11303,131,104,2026-01-26 05:04:14,0.4611,0
7999,11,110,2026-01-26 05:25:14,0.5178,0
11254,221,77,2026-01-26 05:40:19,0.0166,1
5671,75,47,2026-01-26 05:52:31,0.7116,0
8706,17,84,2026-01-26 05:58:35,0.1817,1
9667,34,72,2026-01-26 06:42:33,0.3281,0
10312,68,83,2026-01-26 06:42:44,0.3185,0
8215,211,8,2026-01-26 06:44:03,0.2266,1
9914,88,67,2026-01-26 06:45:13,0.7763,0
3736,188,12,2026-01-26 07:15:31,0.4433,0
11530,188,109,2026-01-26 07:16:17,0.3087,0
7449,214,98,2026-01-26 07:17:58,0.1857,1
2442,5,23,2026-01-26 07:33:35,0.1058,1
10566,48,112,2026-01-26 07:37:05,0.3995,0
10483,208,114,2026-01-26 07:45:49,0.6475,0
3543,89,66,2026-01-26 08:01:25,0.5972,0
11253,116,8,2026-01-26 08:12:00,0.4726,0
9161,73,32,2026-01-26 08:15:28,0.6288,0
8707,129,16,2026-01-26 08:18:59,0.0022,1
6305,137,105,2026-01-26 08:21:30,0.3027,0
3060,190,29,2026-01-26 08:35:42,0.2194,1
7406,192,99,2026-01-26 08:43:10,0.3211,0
39,36,1,2026-01-26 09:12:13,0.3982,0
9678,138,38,2026-01-26 09:50:36,0.2692,0
2422,113,86,2026-01-26 09:56:00,0.6153,0
10434,189,74,2026-01-26 09:56:52,0.2827,0
292,20,4,2026-01-26 10:18:00,0.3466,0
9089,224,49,2026-01-26 10:19:02,0.419,0
6134,145,49,2026-01-26 10:25:14,0.1622,1
9675,241,105,2026-01-26 10:27:06,0.5416,0
8658,121,70,2026-01-26 10:34:06,0.704,0
7982,101,41,2026-01-26 10:39:00,0.5681,0
11377,0,18,2026-01-26 10:41:10,0.0,1
9192,195,78,2026-01-26 10:48:46,0.2758,0
4388,97,54,2026-01-26 11:25:45,0.0722,1
3905,11,92,2026-01-26 11:38:08,0.845,0
3450,235,15,2026-01-26 11:41:33,0.1518,1
11257,249,85,2026-01-26 11:50:13,0.0854,1
9517,113,118,2026-01-26 11:52:32,0.617,0
9391,26,17,2026-01-26 12:05:04,0.2703,0
9704,109,92,2026-01-26 12:23:52,0.5852,0
4177,181,101,2026-01-26 12:51:19,0.5554,0
2188,119,3,2026-01-26 12:58:07,0.1726,1
3442,94,80,2026-01-26 12:58:19,0.4148,0
3443,154,53,2026-01-26 13:28:48,0.0082,1
11324,86,105,2026-01-26 13:35:18,0.0437,1
1156,239,38,2026-01-26 14:05:19,0.811,0
746,146,119,2026-01-26 14:06:48,0.3012,0
2859,100,100,2026-01-26 14:12:39,0.308,0
10220,130,118,2026-01-26 14:28:34,0.697,0
7276,174,66,2026-01-26 14:32:43,1.0,0
2350,143,75,2026-01-26 14:38:20,0.0575,1
10420,130,74,2026-01-26 14:43:35,0.6491,0
8686,27,100,2026-01-26 15:17:24,0.0,1
1815,209,34,2026-01-26 15:37:13,0.693,0
6571,167,52,2026-01-26 15:40:55,0.2648,0
1395,99,112,2026-01-26 15:43:40,1.0,0
865,212,41,2026-01-26 15:52:04,0.4533,0
4790,113,45,2026-01-26 16:25:43,0.0978,1
6360,8,82,2026-01-26 16:53:28,0.2621,0
8617,109,12,2026-01-26 17:02:30,0.3864,0
7953,140,33,2026-01-26 17:04:57,0.0,1
418,94,65,2026-01-26 17:19:47,0.6601,0
9308,236,98,2026-01-26 17:22:59,0.5246,0
1660,205,66,2026-01-26 17:24:59,0.4488,0
5958,97,9,2026-01-26 17:29:47,0.1148,1
8921,80,119,2026-01-26 17:38:15,0.4418,0
9375,204,83,2026-01-26 17:39:03,0.4945,0
3325,71,76,2026-01-26 17:41:47,0.9652,0
572,15,109,2026-01-26 17:47:39,0.1022,1
4753,60,81,2026-01-26 18:02:13,0.2199,1
10642,75,3,2026-01-26 18:10:06,0.466,0
9886,45,93,2026-01-26 18:19:23,0.3214,0
4972,9,68,2026-01-26 18:35:47,0.3564,0
8767,81,66,2026-01-26 18:37:53,0.0427,1
8900,110,115,2026-01-26 18:47:43,0.2927,0
9208,208,16,2026-01-26 18:48:26,0.5184,0
1190,69,34,2026-01-26 18:49:08,1.0,0
5272,22,80,2026-01-26 18:52:50,0.0636,1
6138,80,80,2026-01-26 19:02:12,0.5382,0
3221,183,35,2026-01-26 19:10:29,0.6783,0
5267,193,52,2026-01-26 19:21:10,0.0432,1
896,162,6,2026-01-26 19:37:14,0.2434,1
10983,74,19,2026-01-26 20:12:06,0.188,1
5794,213,29,2026-01-26 20:15:20,0.5758,0
1509,67,12,2026-01-26 20:16:16,0.6455,0
10875,123,76,2026-01-26 20:19:23,0.3865,0
4761,91,47,2026-01-26 20:29:09,0.4969,0
673,112,44,2026-01-26 20:34:23,0.6613,0
2724,67,109,2026-01-26 20:51:32,0.0342,1
5596,235,86,2026-01-26 20:55:06,0.0004,1
8605,17,13,2026-01-26 21:07:39,0.0147,1
5538,169,95,2026-01-26 21:26:12,0.3484,0
23,197,71,2026-01-26 21:35:16,0.7892,0
2934,105,14,2026-01-26 21:46:14,0.2441,1
7470,123,58,2026-01-26 21:59:23,0.6367,0
6049,186,11,2026-01-26 22:01:19,0.6607,0
4072,237,81,2026-01-26 22:14:14,0.1971,1
9792,247,49,2026-01-26 22:17:21,0.6294,0
6986,115,35,2026-01-26 22:24:39,0.0479,1
1920,140,47,2026-01-26 22:27:10,0.3534,0
3900,16,95,2026-01-26 22:32:42,0.1115,1
11239,168,61,2026-01-26 22:36:02,0.3844,0
1691,0,67,2026-01-26 22:43:05,0.5468,0
3984,59,57,2026-01-26 22:43:40,0.338,0
10426,111,44,2026-01-26 22:43:40,0.2635,0
9065,191,70,2026-01-26 22:47:47,0.8017,0
1036,14,41,2026-01-26 22:48:20,0.3893,0
9443,169,105,2026-01-26 22:57:06,0.2064,1
3107,22,63,2026-01-26 23:00:46,0.3578,0
4372,103,51,2026-01-26 23:04:10,0.2372,1
11800,41,82,2026-01-26 23:15:53,0.1025,1
7915,80,4,2026-01-26 23:34:20,0.3547,0
3536,8,85,2026-01-26 23:40:53,0.1314,1
7181,26,58,2026-01-26 23:42:32,0.4612,0
3622,85,16,2026-01-26 23:45:22,0.2242,1
4444,74,89,2026-01-26 23:56:39,0.1127,1
7184,60,74,2026-01-27 00:05:21,0.9818,0
6889,165,22,2026-01-27 00:06:56,0.4648,0
3413,227,91,2026-01-27 00:13:24,0.0887,1
4165,48,60,2026-01-27 00:30:23,0.7949,0
10883,52,88,2026-01-27 00:31:08,0.5905,0
206,67,111,2026-01-27 00:37:01,0.0855,1
10303,61,83,2026-01-27 01:13:44,0.4445,0
6676,204,71,2026-01-27 02:07:54,0.6577,0
11571,193,46,2026-01-27 02:09:10,0.1458,1
747,218,70,2026-01-27 02:38:56,0.2266,1
6695,240,56,2026-01-27 02:41:10,0.5384,0
5739,209,73,2026-01-27 02:51:01,0.1734,1
8947,114,68,2026-01-27 03:07:03,0.0,1
1531,148,63,2026-01-27 03:14:50,0.0,1
7518,100,99,2026-01-27 03:16:26,0.0,1
1656,98,73,2026-01-27 03:24:33,0.201,1
3160,73,45,2026-01-27 03:41:02,0.5775,0
8417,141,78,2026-01-27 03:57:59,0.5597,0
7202,109,23,2026-01-27 04:04:04,0.5961,0
8559,62,20,2026-01-27 04:10:53,1.0,0
430,219,1,2026-01-27 04:11:03,0.4998,0
2919,173,22,2026-01-27 04:11:03,0.5041,0
4890,58,119,2026-01-27 04:44:07,0.3773,0
3784,201,27,2026-01-27 05:12:01,0.5432,0
9256,9,46,2026-01-27 05:23:57,0.5055,0
11854,173,57,2026-01-27 05:37:39,0.7935,0
10871,196,53,2026-01-27 05:58:45,0.592,0
409,50,102,2026-01-27 06:09:01,0.0,1
3824,208,67,2026-01-27 06:39:15,0.0739,1
2204,234,92,2026-01-27 06:39:41,0.2911,0
463,112,17,2026-01-27 06:43:56,0.4512,0
10085,179,0,2026-01-27 06:44:01,0.233,1
4110,222,56,2026-01-27 06:47:58,0.3488,0
3293,171,115,2026-01-27 06:53:14,0.52,0
9070,0,50,2026-01-27 07:04:18,0.2346,1
9937,187,26,2026-01-27 07:10:14,0.4273,0
2622,231,23,2026-01-27 07:55:06,0.55,0
10804,144,8,2026-01-27 07:55:18,0.4688,0
9224,48,53,2026-01-27 08:05:18,0.477,0
9398,93,84,2026-01-27 08:12:04,0.7862,0
2178,211,56,2026-01-27 08:14:33,0.543,0
11956,198,23,2026-01-27 08:18:55,0.0391,1
2954,226,52,2026-01-27 08:27:06,0.1396,1
6826,171,37,2026-01-27 08:36:37,0.536,0
3489,173,52,2026-01-27 08:41:59,0.1214,1
2878,246,16,2026-01-27 08:55:16,0.7339,0
11227,41,79,2026-01-27 09:00:48,0.0531,1
11413,38,70,2026-01-27 09:01:08,0.7096,0
5403,11,2,2026-01-27 09:03:52,0.0156,1
7676,15,50,2026-01-27 09:06:03,0.0984,1
7183,29,84,2026-01-27 09:14:04,1.0,0
964,238,64,2026-01-27 09:14:44,0.6849,0
11095,241,81,2026-01-27 09:33:37,0.5346,0
1733,55,15,2026-01-27 10:02:48,0.1554,1
2879,104,47,2026-01-27 10:07:12,0.4603,0
6288,218,69,2026-01-27 10:12:28,0.7283,0
8071,200,21,2026-01-27 10:15:49,0.4878,0
7881,75,18,2026-01-27 10:19:21,0.5555,0
9980,84,106,2026-01-27 10:28:41,0.473,0
9006,175,50,2026-01-27 10:29:18,0.121,1
9494,153,79,2026-01-27 10:40:58,0.7759,0
11315,158,32,2026-01-27 10:42:11,0.5017,0
3577,3,44,2026-01-27 10:50:54,0.0798,1
11079,11,96,2026-01-27 10:52:18,0.7112,0
7343,164,96,2026-01-27 10:53:54,0.568,0
4970,21,36,2026-01-27 10:55:37,0.7497,0
5591,133,73,2026-01-27 11:07:37,0.0708,1
2470,38,52,2026-01-27 11:09:47,0.6262,0
6998,150,10,2026-01-27 11:11:04,0.658,0
855,127,116,2026-01-27 11:34:09,0.0906,1
3675,236,1,2026-01-27 11:50:30,0.4308,0
11850,197,73,2026-01-27 12:18:59,0.0934,1
9766,71,46,2026-01-27 12:56:17,0.2663,0
2536,25,74,2026-01-27 13:25:33,0.0,1
5446,217,48,2026-01-27 13:26:18,0.2008,1
2389,87,51,2026-01-27 13:45:40,0.3941,0
4938,53,8,2026-01-27 14:14:58,0.0054,1
6401,128,82,2026-01-27 14:19:30,0.4998,0
5085,89,16,2026-01-27 14:46:49,0.0912,1
7691,144,61,2026-01-27 14:57:03,0.4846,0
10088,112,10,2026-01-27 15:07:07,0.5351,0
2911,7,90,2026-01-27 15:19:39,0.6908,0
2045,10,58,2026-01-27 15:27:03,0.2524,0
3723,178,53,2026-01-27 15:34:42,0.9131,0
10406,169,48,2026-01-27 15:59:29,0.1438,1
6880,37,40,2026-01-27 16:04:48,1.0,0
3681,121,47,2026-01-27 16:07:52,0.6366,0
11422,90,35,2026-01-27 16:15:04,0.1257,1
8455,32,89,2026-01-27 16:24:23,0.3581,0
1105,149,36,2026-01-27 16:26:33,0.2051,1
11171,94,96,2026-01-27 16:50:39,0.4044,0
8270,225,70,2026-01-27 16:56:33,0.8507,0
723,8,47,2026-01-27 17:02:46,0.6019,0
5652,212,38,2026-01-27 17:26:24,0.4808,0
6663,221,73,2026-01-27 17:31:52,0.0983,1
10927,84,52,2026-01-27 17:43:31,0.4343,0
8842,124,112,2026-01-27 17:45:54,0.5925,0
9964,8,35,2026-01-27 17:55:45,0.2612,0
1261,48,107,2026-01-27 18:10:42,0.4762,0
1482,85,54,2026-01-27 18:24:46,0.6866,0
7427,173,16,2026-01-27 19:03:57,0.3602,0
9134,249,3,2026-01-27 19:04:24,0.4184,0
8000,186,116,2026-01-27 19:06:57,0.1029,1
10867,71,72,2026-01-27 19:11:17,0.6022,0
1875,238,99,2026-01-27 19:16:42,0.2407,1
4896,231,65,2026-01-27 19:23:02,0.6051,0
7123,166,30,2026-01-27 19:33:56,0.5979,0
1613,64,90,2026-01-27 19:40:34,0.6884,0
11078,104,119,2026-01-27 19:59:56,0.8802,0
10494,122,97,2026-01-27 20:26:29,0.1637,1
7012,12,28,2026-01-27 20:38:08,0.5295,0
11269,113,49,2026-01-27 20:38:19,0.5382,0
5206,106,69,2026-01-27 20:44:07,0.45,0
6965,248,15,2026-01-27 20:47:43,0.4,0
5789,83,32,2026-01-27 20:49:41,0.5678,0
5074,209,30,2026-01-27 20:51:23,0.0,1
3280,152,14,2026-01-27 20:52:59,1.0,0
11126,149,49,2026-01-27 21:10:32,0.6998,0
8477,66,27,2026-01-27 21:21:33,0.1234,1
1117,2,0,2026-01-27 21:27:53,0.0224,1
3870,92,40,2026-01-27 21:28:11,0.9254,0
1617,129,25,2026-01-27 21:54:29,0.0,1
7249,191,95,2026-01-27 21:55:24,0.3967,0
1965,49,64,2026-01-27 22:00:50,0.3397,0
8878,246,60,2026-01-27 22:02:09,0.3158,0
597,183,38,2026-01-27 22:19:41,0.1169,1
2175,5,47,2026-01-27 22:44:15,0.5204,0
6313,1,98,2026-01-27 22:44:55,0.5566,0
3383,162,32,2026-01-27 22:52:42,0.6379,0
8588,222,50,2026-01-27 23:01:45,0.4069,0
9610,136,54,2026-01-27 23:12:01,0.6889,0
703,30,63,2026-01-27 23:16:59,0.703,0
6843,126,17,2026-01-27 23:34:41,0.6252,0
633,81,106,2026-01-28 00:06:07,0.3279,0
5835,120,115,2026-01-28 00:07:48,0.3125,0
9810,167,98,2026-01-28 00:12:59,0.5384,0
6528,94,112,2026-01-28 00:22:57,0.8109,0
9360,178,109,2026-01-28 00:39:05,0.3411,0
8193,211,42,2026-01-28 00:43:30,0.5913,0
2628,117,52,2026-01-28 00:53:35,0.5249,0
4275,15,48,2026-01-28 00:57:34,0.7682,0
3258,201,101,2026-01-28 01:05:15,0.1346,1
620,22,41,2026-01-28 01:16:58,0.4818,0
543,118,117,2026-01-28 01:21:20,0.5615,0
3583,209,55,2026-01-28 02:08:00,0.2921,0
10808,202,112,2026-01-28 02:25:54,0.0302,1
1245,237,20,2026-01-28 02:27:14,0.3993,0
10600,192,31,2026-01-28 02:32:01,0.6634,0
4066,30,78,2026-01-28 02:33:47,0.6882,0
5854,184,45,2026-01-28 02:45:36,0.384,0
9176,217,2,2026-01-28 02:53:10,0.1374,1
11900,44,100,2026-01-28 02:55:47,0.3825,0
4458,74,110,2026-01-28 03:03:39,0.2343,1
6095,149,62,2026-01-28 03:09:55,0.7541,0
5974,104,20,2026-01-28 03:18:08,0.1681,1
9878,39,95,2026-01-28 03:20:37,0.1261,1
917,84,28,2026-01-28 03:36:02,0.4374,0
3691,147,2,2026-01-28 03:45:17,1.0,0
10022,13,80,2026-01-28 03:49:16,0.0944,1
10876,235,19,2026-01-28 04:04:02,0.0974,1
11645,226,102,2026-01-28 04:05:40,0.7399,0
2627,165,41,2026-01-28 04:05:44,0.1954,1
11201,2,88,2026-01-28 04:18:24,0.0,1
5455,155,64,2026-01-28 04:23:32,0.5835,0
5394,200,37,2026-01-28 04:50:04,0.3612,0
5705,140,0,2026-01-28 04:50:31,0.1632,1
111,160,99,2026-01-28 04:57:33,0.6919,0
5050,153,96,2026-01-28 05:00:02,0.4563,0
3140,11,116,2026-01-28 05:01:50,0.0727,1
11576,12,57,2026-01-28 05:02:28,0.1819,1
10412,103,52,2026-01-28 05:14:59,1.0,0
10619,173,103,2026-01-28 05:16:44,0.7238,0
4779,237,65,2026-01-28 05:28:40,0.1748,1
3310,231,85,2026-01-28 05:32:25,0.5462,0
376,80,63,2026-01-28 05:40:36,0.2238,1
756,132,102,2026-01-28 05:56:42,0.2236,1
8307,77,61,2026-01-28 06:05:12,0.3276,0
8102,155,58,2026-01-28 06:30:41,0.5652,0
8538,26,39,2026-01-28 06:50:24,0.5622,0
9342,60,62,2026-01-28 07:04:10,0.3447,0
6454,13,64,2026-01-28 07:16:43,0.0,1
2602,99,71,2026-01-28 07:24:44,0.1832,1
4273,136,8,2026-01-28 07:27:47,0.5848,0
5379,5,14,2026-01-28 07:29:08,0.1863,1
10878,6,111,2026-01-28 07:38:19,0.4923,0
845,55,13,2026-01-28 07:54:14,0.5505,0
2019,198,104,2026-01-28 07:54:14,0.6711,0
3469,107,114,2026-01-28 08:02:59,0.5077,0
7810,164,57,2026-01-28 08:14:22,0.5214,0
2840,4,115,2026-01-28 08:18:22,0.0842,1
6905,202,25,2026-01-28 08:19:54,0.5449,0
7360,234,66,2026-01-28 08:21:14,0.0,1
3581,224,26,2026-01-28 08:22:28,0.3293,0
3145,6,116,2026-01-28 08:30:29,0.4746,0
11531,213,41,2026-01-28 09:01:11,0.4124,0
687,128,92,2026-01-28 09:07:53,0.4823,0
4071,77,42,2026-01-28 09:40:29,0.6585,0
11895,81,87,2026-01-28 09:59:43,0.4779,0
10179,15,45,2026-01-28 10:02:58,0.455,0
1882,219,29,2026-01-28 10:03:40,0.4102,0
2833,246,16,2026-01-28 10:24:08,0.3738,0
5478,170,72,2026-01-28 10:25:46,0.1165,1
1563,134,114,2026-01-28 10:33:08,0.157,1
9078,110,92,2026-01-28 10:33:31,0.5026,0
528,91,8,2026-01-28 10:38:38,0.0972,1
3505,57,72,2026-01-28 10:39:19,0.0,1
9039,45,16,2026-01-28 11:08:22,0.3239,0
1258,181,46,2026-01-28 11:13:25,0.2658,0
9757,70,17,2026-01-28 11:15:47,0.4664,0
666,189,108,2026-01-28 11:23:00,0.6068,0
9552,236,84,2026-01-28 11:24:13,0.3113,0
4778,110,44,2026-01-28 11:30:28,0.215,1
7425,199,48,2026-01-28 11:32:28,0.7448,0
3500,12,5,2026-01-28 11:36:23,0.4078,0
6955,65,106,2026-01-28 11:39:47,0.4265,0
2960,151,73,2026-01-28 11:42:38,0.2148,1
11391,147,37,2026-01-28 11:52:06,0.6675,0
9151,46,60,2026-01-28 12:04:10,0.6386,0
3008,101,102,2026-01-28 12:11:13,0.43,0
8258,62,33,2026-01-28 12:21:17,0.2325,1
9253,146,81,2026-01-28 12:21:19,0.6209,0
10450,10,107,2026-01-28 12:25:20,0.3152,0
10231,125,66,2026-01-28 12:39:55,0.4283,0
5816,237,46,2026-01-28 12:49:24,0.0264,1
7638,175,36,2026-01-28 13:04:56,0.1315,1
45,72,81,2026-01-28 13:21:54,0.1218,1
6815,228,96,2026-01-28 13:27:39,0.0,1
9581,69,49,2026-01-28 13:43:16,0.3402,0
5105,83,63,2026-01-28 13:55:49,0.1941,1
9509,229,22,2026-01-28 14:05:29,1.0,0
7657,40,5,2026-01-28 14:23:35,0.6574,0
8644,228,103,2026-01-28 14:25:43,0.6255,0
2821,221,81,2026-01-28 14:27:38,0.2333,1
5766,178,17,2026-01-28 14:49:24,0.4194,0
8372,200,105,2026-01-28 14:55:20,0.2735,0
7681,32,113,2026-01-28 15:03:47,0.5849,0
147,120,7,2026-01-28 15:06:04,0.4767,0
1588,0,79,2026-01-28 15:08:45,0.5407,0
3910,41,57,2026-01-28 15:14:49,0.2914,0
5170,237,34,2026-01-28 15:27:01,0.7668,0
5375,4,2,2026-01-28 15:35:06,0.2801,0
9817,93,43,2026-01-28 15:43:22,0.2033,1
11603,27,5,2026-01-28 15:57:01,0.2806,0
3285,36,57,2026-01-28 16:09:51,0.6466,0
8882,173,33,2026-01-28 16:10:24,0.0515,1
5266,53,30,2026-01-28 16:11:12,0.0,1
3394,25,49,2026-01-28 16:14:42,0.5739,0
10161,34,5,2026-01-28 16:19:22,0.2087,1
8855,219,81,2026-01-28 17:00:27,0.3364,0
7706,176,63,2026-01-28 17:05:39,0.6503,0
651,196,8,2026-01-28 17:05:45,0.2557,0
7756,113,53,2026-01-28 17:12:03,0.2864,0
7173,186,115,2026-01-28 17:13:26,0.6215,0
7560,141,40,2026-01-28 17:17:21,0.4812,0
2256,180,117,2026-01-28 17:32:53,0.3156,0
3255,175,89,2026-01-28 17:34:08,0.1358,1
3742,8,18,2026-01-28 17:44:14,0.3924,0
804,7,1,2026-01-28 18:05:55,0.4383,0
10710,228,11,2026-01-28 18:08:17,0.5697,0
4380,135,4,2026-01-28 18:09:55,0.216,1
4719,85,63,2026-01-28 18:12:34,0.1285,1
6481,195,63,2026-01-28 18:22:21,0.646,0
4325,35,100,2026-01-28 18:24:05,0.0972,1
9363,8,35,2026-01-28 18:24:59,0.3425,0
4682,9,115,2026-01-28 18:26:57,0.2619,0
4643,142,112,2026-01-28 18:29:41,0.685,0
4404,77,32,2026-01-28 18:33:46,0.2297,1
7776,93,119,2026-01-28 18:41:42,0.3144,0
7865,135,103,2026-01-28 19:04:17,0.2084,1
2538,183,15,2026-01-28 19:05:29,0.5277,0
10119,205,55,2026-01-28 19:12:33,0.7986,0
11629,154,98,2026-01-28 19:14:39,0.0,1
7138,224,75,2026-01-28 19:17:37,0.5948,0
8806,160,8,2026-01-28 19:20:52,0.0484,1
10141,12,105,2026-01-28 19:42:25,0.0,1
8899,159,77,2026-01-28 19:58:53,0.0215,1
8153,241,106,2026-01-28 20:18:07,0.4359,0
9805,147,49,2026-01-28 20:21:32,0.0016,1
4579,70,44,2026-01-28 20:34:09,0.1895,1
2790,35,14,2026-01-28 21:34:01,0.1376,1
11175,85,29,2026-01-28 21:37:13,0.4396,0
7055,214,119,2026-01-28 21:39:43,0.2169,1
3687,240,63,2026-01-28 22:02:03,0.492,0
4551,229,104,2026-01-28 22:20:17,0.6562,0
1714,101,15,2026-01-28 22:43:20,0.1001,1
4569,90,40,2026-01-28 22:59:21,0.2963,0
10114,145,13,2026-01-28 23:00:37,0.4536,0
7339,26,72,2026-01-28 23:08:07,0.5735,0
8793,103,94,2026-01-28 23:11:59,0.662,0
7984,130,66,2026-01-28 23:17:06,0.5068,0
8701,87,10,2026-01-28 23:25:31,0.0629,1
11357,201,88,2026-01-28 23:26:24,0.1381,1
3850,139,13,2026-01-28 23:46:07,0.3079,0
4124,197,36,2026-01-29 00:03:08,0.3842,0
5676,108,13,2026-01-29 00:46:47,0.752,0
10401,62,93,2026-01-29 00:48:26,0.1911,1
2776,53,77,2026-01-29 00:55:10,0.3137,0
697,12,76,2026-01-29 01:21:00,0.1066,1
3040,192,8,2026-01-29 01:47:53,0.3384,0
2101,195,11,2026-01-29 01:55:10,0.564,0
10096,243,39,2026-01-29 01:56:49,0.2909,0
1356,21,113,2026-01-29 02:24:08,0.1044,1
6736,7,17,2026-01-29 02:38:13,0.3013,0
7458,249,66,2026-01-29 03:06:45,0.3376,0
6017,64,83,2026-01-29 03:18:18,0.1014,1
3532,173,61,2026-01-29 03:26:40,1.0,0
6234,26,53,2026-01-29 03:49:42,0.6807,0
2041,100,5,2026-01-29 04:03:15,0.5825,0
11727,134,31,2026-01-29 04:04:16,0.185,1
3795,19,81,2026-01-29 04:49:34,0.1901,1
752,118,32,2026-01-29 04:52:12,0.3339,0
1171,87,28,2026-01-29 05:10:51,0.3737,0
6266,237,11,2026-01-29 05:11:06,0.4153,0
10339,115,108,2026-01-29 05:20:58,0.4473,0
932,145,83,2026-01-29 06:03:54,1.0,0
2892,142,88,2026-01-29 06:10:07,0.6824,0
7297,177,56,2026-01-29 06:14:44,0.6505,0
6970,136,105,2026-01-29 06:17:09,0.1552,1
10644,122,57,2026-01-29 06:27:21,0.2091,1
2066,231,76,2026-01-29 06:33:04,0.1595,1
11515,59,17,2026-01-29 06:34:01,0.1302,1
6999,35,22,2026-01-29 06:44:59,0.6771,0
286,65,91,2026-01-29 07:09:10,1.0,0
43,98,15,2026-01-29 07:26:33,0.3977,0
7699,249,14,2026-01-29 07:28:23,0.3282,0
8980,47,81,2026-01-29 07:43:23,0.4446,0
1981,1,90,2026-01-29 07:48:57,0.6584,0
5602,125,59,2026-01-29 07:50:09,0.4562,0
10755,110,12,2026-01-29 08:02:12,0.8725,0
1707,221,52,2026-01-29 08:08:42,0.0,1
10456,45,71,2026-01-29 08:42:13,0.2191,1
1460,202,42,2026-01-29 08:46:44,0.2876,0
4960,122,67,2026-01-29 09:18:43,0.5625,0
11991,76,4,2026-01-29 09:26:22,0.2565,0
11842,17,28,2026-01-29 09:31:17,0.1421,1
161,209,19,2026-01-29 09:59:24,0.2141,1
1239,221,15,2026-01-29 10:14:23,0.3909,0
4931,80,119,2026-01-29 10:16:31,0.2329,1
2952,41,94,2026-01-29 10:16:35,0.235,1
4415,111,43,2026-01-29 10:23:18,0.0,1
448,32,79,2026-01-29 10:26:55,0.6359,0
1907,177,6,2026-01-29 10:42:22,0.366,0
6294,244,83,2026-01-29 11:05:00,0.3926,0
10961,163,83,2026-01-29 11:07:09,0.2452,1
9016,176,95,2026-01-29 11:08:38,0.6364,0
3598,150,70,2026-01-29 11:34:21,0.2535,0
2908,121,119,2026-01-29 11:38:02,0.3921,0
8558,186,79,2026-01-29 11:56:20,0.3824,0
7907,90,85,2026-01-29 12:10:36,0.4535,0
10524,214,48,2026-01-29 12:30:30,0.4801,0
11670,246,55,2026-01-29 12:31:51,0.0884,1
2414,33,109,2026-01-29 13:07:22,0.3121,0
8520,173,108,2026-01-29 13:37:59,0.4863,0
7318,129,5,2026-01-29 13:39:41,0.2348,1
9092,142,48,2026-01-29 13:54:08,1.0,0
2737,55,44,2026-01-29 13:58:47,0.0671,1
441,181,105,2026-01-29 14:23:01,0.701,0
7537,121,85,2026-01-29 14:32:00,0.4125,0
3013,105,109,2026-01-29 14:38:10,0.4218,0
11501,160,66,2026-01-29 14:39:46,0.4103,0
7769,26,21,2026-01-29 14:41:30,0.7577,0
8586,186,77,2026-01-29 14:45:20,0.1019,1
3477,143,43,2026-01-29 15:02:51,0.3878,0
1930,52,32,2026-01-29 15:05:42,0.7161,0
1900,115,38,2026-01-29 15:16:56,0.6934,0
7464,73,110,2026-01-29 15:24:28,0.6981,0
6575,4,66,2026-01-29 15:48:44,0.6067,0
3512,182,69,2026-01-29 15:55:43,0.2069,1
8490,74,115,2026-01-29 15:55:48,0.0,1
11065,179,119,2026-01-29 16:18:56,0.2393,1
6897,80,49,2026-01-29 16:21:44,0.0303,1
3363,4,111,2026-01-29 16:34:31,0.2554,0
9797,177,6,2026-01-29 17:32:15,0.5026,0
4117,91,30,2026-01-29 17:33:35,0.0,1
4705,237,45,2026-01-29 17:39:03,0.4747,0
11822,155,51,2026-01-29 17:55:03,0.218,1
3430,89,110,2026-01-29 17:58:32,1.0,0
8309,179,97,2026-01-29 18:06:16,0.6113,0
893,15,98,2026-01-29 19:11:42,0.302,0
5004,192,89,2026-01-29 19:16:13,0.2545,0
11724,186,68,2026-01-29 19:31:12,0.6771,0
6790,57,5,2026-01-29 19:33:17,0.4329,0
8680,81,3,2026-01-29 19:33:33,0.0099,1
10413,113,46,2026-01-29 20:05:25,0.6994,0
2984,140,117,2026-01-29 20:22:46,0.4803,0
4310,119,38,2026-01-29 20:28:00,0.3218,0
3812,184,12,2026-01-29 20:43:56,0.65,0
4527,27,69,2026-01-29 20:46:41,0.8071,0
3909,80,101,2026-01-29 20:48:22,0.2393,1
11037,125,91,2026-01-29 20:49:36,0.8206,0
4024,194,61,2026-01-29 21:04:10,0.3298,0
1420,25,70,2026-01-29 21:06:34,0.53,0
10201,71,13,2026-01-29 21:06:56,0.0025,1
11316,157,77,2026-01-29 21:09:03,0.3139,0
1735,92,33,2026-01-29 21:38:43,0.2802,0
7044,146,28,2026-01-29 21:40:41,0.5632,0
184,164,118,2026-01-29 21:44:46,0.5035,0
8493,156,108,2026-01-29 21:54:41,0.4684,0
5580,190,48,2026-01-29 21:58:49,0.0471,1
7063,66,87,2026-01-29 22:16:56,0.23,1
2702,153,28,2026-01-29 22:21:45,0.4752,0
7934,73,39,2026-01-29 22:28:48,0.0168,1
5143,67,104,2026-01-29 22:36:53,0.4697,0
6692,0,117,2026-01-29 22:38:05,0.209,1
2738,158,108,2026-01-29 22:57:56,0.6997,0
6406,60,62,2026-01-29 23:02:07,0.3465,0
1180,132,33,2026-01-29 23:39:43,0.6377,0
4983,194,56,2026-01-29 23:46:48,0.5142,0
11427,95,63,2026-01-29 23:48:35,0.8716,0
4025,53,61,2026-01-29 23:55:51,0.3231,0
5124,194,92,2026-01-30 00:09:19,0.6439,0
10138,170,53,2026-01-30 00:41:08,0.2241,1
3415,25,66,2026-01-30 00:50:49,0.8177,0
770,73,105,2026-01-30 00:52:19,0.1495,1
584,65,94,2026-01-30 00:52:40,0.1208,1
3135,225,106,2026-01-30 01:07:31,0.2293,1
230,204,73,2026-01-30 01:13:41,0.7441,0
6582,180,96,2026-01-30 01:15:31,1.0,0
10467,203,17,2026-01-30 01:55:48,0.6352,0
9649,221,48,2026-01-30 01:56:14,0.2638,0
10075,19,11,2026-01-30 02:00:24,0.6304,0
7099,19,20,2026-01-30 02:29:22,0.6707,0
9819,10,119,2026-01-30 02:33:04,0.5745,0
4852,46,110,2026-01-30 02:45:01,0.341,0
6457,240,6,2026-01-30 02:50:32,0.7391,0
8720,204,62,2026-01-30 02:52:12,0.1474,1
9299,82,39,2026-01-30 03:20:46,0.6087,0
9076,222,115,2026-01-30 03:46:32,0.5155,0
4763,224,4,2026-01-30 03:53:30,0.9233,0
5815,32,102,2026-01-30 04:00:18,0.4259,0
4512,169,59,2026-01-30 04:26:42,0.8901,0
6084,3,55,2026-01-30 04:32:15,0.1227,1
9929,172,33,2026-01-30 04:33:57,0.0395,1
1977,162,90,2026-01-30 04:50:36,0.5513,0
4318,137,0,2026-01-30 04:52:52,0.5932,0
9384,191,68,2026-01-30 04:57:31,0.2231,1
4606,73,68,2026-01-30 04:57:35,0.5525,0
2906,138,8,2026-01-30 04:59:30,0.2815,0
9908,15,40,2026-01-30 05:01:46,0.7519,0
10457,138,22,2026-01-30 06:03:19,0.6399,0
9925,12,58,2026-01-30 06:12:32,0.4751,0
858,45,18,2026-01-30 06:21:26,0.5292,0
4277,234,9,2026-01-30 06:22:08,0.5147,0
4924,32,110,2026-01-30 06:24:39,0.2813,0
1448,165,16,2026-01-30 06:58:48,0.3826,0
3762,9,87,2026-01-30 07:07:05,0.2148,1
8643,145,49,2026-01-30 07:14:58,0.5944,0
844,27,8,2026-01-30 07:42:15,0.2304,1
5497,240,105,2026-01-30 07:45:10,0.3749,0
8904,20,7,2026-01-30 07:49:21,0.3544,0
3650,77,15,2026-01-30 07:50:53,0.4175,0
3768,65,105,2026-01-30 07:58:10,0.7686,0
3811,84,43,2026-01-30 08:04:01,0.3359,0
265,176,82,2026-01-30 08:05:23,0.2436,1
6740,17,4,2026-01-30 08:10:34,0.5339,0
3379,135,108,2026-01-30 08:19:02,0.0,1
6520,99,17,2026-01-30 08:22:57,0.2392,1
5783,204,40,2026-01-30 08:27:41,0.3457,0
8723,146,117,2026-01-30 08:56:15,0.1589,1
8889,151,31,2026-01-30 09:00:54,0.1312,1
4544,74,93,2026-01-30 09:03:43,0.3039,0
9962,207,60,2026-01-30 09:10:30,0.4956,0
170,203,85,2026-01-30 09:43:25,0.252,0
2233,164,67,2026-01-30 09:49:51,0.4522,0
2108,93,9,2026-01-30 09:55:38,0.7474,0
10050,62,107,2026-01-30 09:57:15,0.5289,0
11166,167,77,2026-01-30 10:04:24,0.3318,0
7938,110,86,2026-01-30 10:40:08,0.0,1
4052,33,91,2026-01-30 10:41:05,0.4838,0
8291,96,12,2026-01-30 10:53:09,0.1025,1
8332,93,119,2026-01-30 10:54:08,0.324,0
6010,153,34,2026-01-30 10:58:00,0.1735,1
8502,54,96,2026-01-30 11:15:15,0.3283,0
1361,88,108,2026-01-30 11:30:56,0.0,1
4776,126,57,2026-01-30 11:44:16,0.1219,1
7924,21,11,2026-01-30 11:51:19,0.1798,1
3372,247,112,2026-01-30 11:51:33,0.5597,0
8796,192,89,2026-01-30 12:08:09,0.685,0
310,131,86,2026-01-30 12:09:39,0.6685,0
11131,214,4,2026-01-30 12:22:49,0.6116,0
1306,87,17,2026-01-30 12:27:19,0.4097,0
4733,162,59,2026-01-30 12:32:46,0.3246,0
4032,37,47,2026-01-30 13:04:07,0.1867,1
6094,199,15,2026-01-30 13:09:37,0.7483,0
5674,152,71,2026-01-30 13:16:56,0.1682,1
7555,35,83,2026-01-30 13:24:23,0.4821,0
9978,223,89,2026-01-30 13:33:00,0.2078,1
9783,20,58,2026-01-30 13:33:28,0.2395,1
3837,181,112,2026-01-30 13:40:54,0.9426,0
10884,235,74,2026-01-30 13:52:38,0.4656,0
4659,98,27,2026-01-30 13:59:10,0.3967,0
334,25,15,2026-01-30 14:01:29,0.4355,0
8261,212,74,2026-01-30 14:03:46,0.3809,0
1430,102,6,2026-01-30 14:04:11,0.254,0
2506,24,79,2026-01-30 14:22:48,0.5828,0
2063,172,37,2026-01-30 14:25:24,0.3004,0
4019,225,71,2026-01-30 15:19:40,0.4903,0
4758,138,81,2026-01-30 15:23:56,1.0,0
3613,236,80,2026-01-30 15:28:34,0.1838,1
7597,149,28,2026-01-30 15:33:14,0.8726,0
6933,200,25,2026-01-30 15:37:40,0.4807,0
2838,108,50,2026-01-30 15:37:44,0.7382,0
195,97,28,2026-01-30 15:41:37,0.4937,0
8787,65,58,2026-01-30 15:42:44,0.7119,0
9737,104,14,2026-01-30 15:58:06,0.1422,1
2455,23,101,2026-01-30 15:59:42,0.5401,0
7542,48,24,2026-01-30 16:02:49,0.5769,0
10187,101,21,2026-01-30 16:04:44,0.3029,0
2969,127,104,2026-01-30 16:10:11,0.2242,1
9677,191,75,2026-01-30 16:14:27,0.319,0
10813,59,94,2026-01-30 16:17:46,0.3833,0
10738,234,27,2026-01-30 16:24:15,0.4774,0
7660,226,30,2026-01-30 16:28:12,0.3225,0
309,178,112,2026-01-30 17:13:25,0.0056,1
3466,204,23,2026-01-30 17:30:01,0.5317,0
1355,21,93,2026-01-30 17:30:33,0.3805,0
6342,195,67,2026-01-30 17:33:07,0.3073,0
11218,14,107,2026-01-30 17:35:09,0.0,1
1373,141,2,2026-01-30 17:40:14,1.0,0
9082,4,85,2026-01-30 17:41:58,0.1314,1
5805,204,54,2026-01-30 17:45:04,0.6077,0
48,36,35,2026-01-30 17:57:52,0.551,0
4950,79,37,2026-01-30 17:58:39,0.3782,0
1673,244,89,2026-01-30 17:59:48,0.3708,0
5208,215,54,2026-01-30 18:16:22,0.0,1
4094,153,53,2026-01-30 18:30:52,0.1784,1
5436,174,51,2026-01-30 18:56:29,0.5916,0
11615,214,115,2026-01-30 18:57:13,0.0,1
736,231,29,2026-01-30 19:07:33,0.1095,1
7561,2,10,2026-01-30 19:21:30,0.5169,0
5325,147,7,2026-01-30 19:37:52,0.5193,0
2390,135,16,2026-01-30 19:40:03,0.0,1
4662,155,43,2026-01-30 19:43:45,0.1498,1
4075,81,49,2026-01-30 20:18:16,0.6703,0
4536,67,34,2026-01-30 20:47:31,0.6869,0
5175,169,106,2026-01-30 20:48:18,0.4419,0
641,10,95,2026-01-30 20:54:28,0.8167,0
3457,218,65,2026-01-30 21:01:08,0.1223,1
8769,233,69,2026-01-30 21:11:35,1.0,0
6549,243,95,2026-01-30 21:16:52,0.0089,1
9288,233,94,2026-01-30 21:31:34,0.0902,1
1007,139,90,2026-01-30 21:37:53,0.4687,0
11866,179,63,2026-01-30 21:50:18,0.4948,0
10857,194,78,2026-01-30 22:02:38,0.0783,1
10625,247,36,2026-01-30 22:17:56,0.511,0
2375,134,48,2026-01-30 22:22:25,0.2552,0
4232,36,37,2026-01-30 22:38:27,0.588,0
11524,200,64,2026-01-30 22:43:18,0.112,1
8620,195,1,2026-01-30 22:47:07,0.1914,1
8824,76,25,2026-01-30 22:51:23,0.2935,0
7702,87,78,2026-01-30 23:17:17,0.649,0
9029,211,93,2026-01-30 23:23:19,0.6584,0
11300,151,27,2026-01-30 23:40:56,0.5445,0
8498,189,89,2026-01-30 23:43:27,0.4855,0
1595,68,88,2026-01-30 23:49:29,0.5232,0
7932,196,58,2026-01-30 23:58:12,0.6956,0
2576,203,70,2026-01-31 00:07:57,0.4185,0
3056,65,57,2026-01-31 00:11:18,0.2689,0
9046,147,52,2026-01-31 01:01:38,0.2751,0
8573,143,33,2026-01-31 01:16:17,0.526,0
4314,83,62,2026-01-31 01:28:42,0.6037,0
5358,6,49,2026-01-31 01:31:02,0.4751,0
8626,200,26,2026-01-31 01:55:52,0.3397,0
1664,131,118,2026-01-31 01:57:36,0.1645,1
6412,103,47,2026-01-31 02:03:34,0.1371,1
8934,55,54,2026-01-31 02:11:41,0.1142,1
5066,22,48,2026-01-31 03:04:51,0.1603,1
4407,107,89,2026-01-31 03:16:41,0.5408,0
8846,195,86,2026-01-31 03:20:23,0.1689,1
2140,152,23,2026-01-31 03:33:45,0.8584,0
2589,227,57,2026-01-31 03:42:40,0.6747,0
6384,5,79,2026-01-31 03:53:16,0.5469,0
11779,139,97,2026-01-31 04:09:30,0.3548,0
6188,245,114,2026-01-31 04:20:14,0.5129,0
10154,117,48,2026-01-31 04:27:27,0.4035,0
1504,220,49,2026-01-31 04:31:28,0.0,1
7623,77,11,2026-01-31 05:15:20,0.7532,0
3006,165,60,2026-01-31 05:48:07,0.6954,0
3986,187,115,2026-01-31 06:00:11,0.3564,0
1969,5,11,2026-01-31 06:00:59,0.2505,0
11439,69,55,2026-01-31 06:08:20,0.4175,0
7329,9,33,2026-01-31 06:25:06,0.128,1
8669,238,29,2026-01-31 06:36:11,0.129,1
1802,42,119,2026-01-31 07:07:19,0.5784,0
5623,209,78,2026-01-31 07:17:20,0.7455,0
10261,55,47,2026-01-31 07:23:17,0.3538,0
6615,221,102,2026-01-31 07:23:52,0.1958,1
8488,227,34,2026-01-31 07:40:54,0.2792,0
11518,75,107,2026-01-31 07:46:13,0.032,1
1188,125,119,2026-01-31 08:10:08,0.6059,0
655,44,6,2026-01-31 08:17:54,0.4591,0
2636,91,71,2026-01-31 08:32:38,0.3271,0
6679,21,60,2026-01-31 08:49:00,0.4499,0
4987,194,89,2026-01-31 08:55:12,0.983,0
910,162,88,2026-01-31 09:00:25,0.3638,0
9996,58,29,2026-01-31 09:09:47,0.0778,1
9700,64,28,2026-01-31 09:14:35,0.0748,1
3896,47,42,2026-01-31 09:16:47,0.8261,0
8968,163,83,2026-01-31 09:30:00,0.6543,0
11507,89,78,2026-01-31 09:36:57,0.5149,0
4947,140,12,2026-01-31 09:47:38,0.1721,1
5703,225,74,2026-01-31 10:15:15,0.2178,1
822,195,20,2026-01-31 10:19:44,0.3404,0
4713,1,52,2026-01-31 10:23:06,0.5408,0
8836,92,44,2026-01-31 10:25:07,0.6135,0
1917,23,98,2026-01-31 10:25:54,0.2938,0
7473,133,104,2026-01-31 10:31:46,0.5159,0
2522,189,43,2026-01-31 10:58:43,0.8056,0
9215,130,32,2026-01-31 11:15:22,0.1791,1
2330,20,105,2026-01-31 11:38:49,0.6503,0
8647,4,90,2026-01-31 11:53:00,0.33,0
7723,159,28,2026-01-31 11:55:07,0.5929,0
2423,97,64,2026-01-31 11:55:38,0.206,1
3497,42,97,2026-01-31 11:55:41,0.3974,0
11023,183,14,2026-01-31 11:56:07,0.645,0
3164,30,10,2026-01-31 12:00:25,0.5572,0
6591,241,53,2026-01-31 12:08:12,0.3913,0
9390,235,71,2026-01-31 12:08:48,0.6291,0
7734,79,21,2026-01-31 12:34:41,0.5313,0
11132,7,90,2026-01-31 12:51:05,0.9411,0
480,228,117,2026-01-31 13:01:46,0.3141,0
9907,119,27,2026-01-31 13:04:55,0.6328,0
5341,46,112,2026-01-31 13:06:15,0.1245,1
5305,182,32,2026-01-31 13:15:02,0.2229,1
662,159,87,2026-01-31 13:23:59,0.4682,0
2756,13,99,2026-01-31 13:26:49,0.5949,0
5364,209,78,2026-01-31 13:26:56,0.6129,0
4985,168,98,2026-01-31 13:29:12,0.4249,0
9989,149,63,2026-01-31 14:13:14,0.5031,0
5856,197,71,2026-01-31 14:19:00,0.7992,0
3122,0,44,2026-01-31 14:40:55,0.3938,0
9550,84,26,2026-01-31 14:41:22,0.2687,0
9330,58,4,2026-01-31 15:08:51,0.6895,0
4276,194,89,2026-01-31 15:09:29,0.9252,0
7580,232,75,2026-01-31 15:16:36,0.4389,0
3584,127,71,2026-01-31 15:19:39,0.1888,1
8101,62,20,2026-01-31 15:25:13,0.8375,0
4994,154,32,2026-01-31 15:45:01,0.4278,0
6137,194,58,2026-01-31 16:07:37,0.5953,0
10620,211,42,2026-01-31 16:08:17,0.5209,0
11648,19,11,2026-01-31 16:16:14,0.6135,0
3509,155,5,2026-01-31 16:33:29,0.0519,1
2765,158,1,2026-01-31 16:34:39,0.3693,0
5918,136,32,2026-01-31 16:41:05,0.5616,0
10791,123,83,2026-01-31 16:51:44,0.5601,0
11361,144,39,2026-01-31 17:07:52,0.5589,0
3121,145,76,2026-01-31 17:09:59,0.7532,0
11395,148,94,2026-01-31 17:39:31,0.277,0
8259,178,0,2026-01-31 17:52:51,0.699,0
7991,218,87,2026-01-31 17:59:26,0.702,0
4118,6,79,2026-01-31 18:13:40,0.3585,0
2782,134,23,2026-01-31 18:27:52,0.5189,0
9063,126,41,2026-01-31 18:30:22,0.5088,0
610,90,70,2026-01-31 18:36:21,0.5599,0
5480,154,20,2026-01-31 18:38:21,0.5764,0
10880,48,105,2026-01-31 18:49:31,0.2378,1
6686,132,45,2026-01-31 18:55:31,0.3975,0
11127,77,116,2026-01-31 18:55:57,0.5456,0
11092,205,71,2026-01-31 19:01:00,0.1927,1
2426,150,104,2026-01-31 19:05:30,0.3723,0
8479,154,71,2026-01-31 19:09:33,0.2656,0
8503,57,99,2026-01-31 19:15:37,1.0,0
3662,128,32,2026-01-31 19:37:18,0.3319,0
6581,243,51,2026-01-31 20:20:10,0.5999,0
2276,241,68,2026-01-31 20:21:44,0.3909,0
8948,40,54,2026-01-31 20:30:45,0.2056,1
6259,42,35,2026-01-31 20:44:13,0.5195,0
9153,171,60,2026-01-31 21:26:14,0.8147,0
333,229,20,2026-01-31 21:32:03,0.1607,1
5759,48,44,2026-01-31 21:57:19,0.693,0
457,236,107,2026-01-31 22:32:36,0.1889,1
9732,15,107,2026-01-31 22:35:29,0.1241,1
8814,116,116,2026-01-31 22:44:38,0.0629,1
5735,229,77,2026-01-31 23:04:41,0.4813,0
6186,101,17,2026-01-31 23:17:15,0.1222,1
4915,14,68,2026-01-31 23:44:10,0.291,0
3142,145,15,2026-01-31 23:57:57,0.4801,0
7973,79,84,2026-01-31 23:59:07,0.7143,0
11145,86,59,2026-02-01 00:04:56,0.6962,0
103,105,56,2026-02-01 00:06:43,0.3899,0
5470,118,93,2026-02-01 00:10:22,0.2155,1
2117,205,6,2026-02-01 00:12:48,0.3029,0
626,45,63,2026-02-01 00:18:22,0.4902,0
5082,218,101,2026-02-01 00:33:13,0.1496,1
7481,242,67,2026-02-01 00:37:58,0.1694,1
78,141,62,2026-02-01 00:40:30,0.2612,0
9454,83,4,2026-02-01 01:30:12,0.0759,1
3204,229,114,2026-02-01 01:40:34,0.7854,0
3616,83,37,2026-02-01 02:00:08,0.4085,0
604,3,17,2026-02-01 02:06:31,0.3003,0
4385,209,72,2026-02-01 02:11:25,0.4659,0
5564,104,100,2026-02-01 02:30:10,0.4691,0
1683,149,113,2026-02-01 02:31:48,0.0808,1
11818,88,21,2026-02-01 02:33:03,0.4946,0
10235,239,87,2026-02-01 02:41:17,0.7543,0
3872,236,98,2026-02-01 02:43:04,0.1256,1
9623,87,20,2026-02-01 02:43:52,1.0,0
4965,172,8,2026-02-01 02:58:10,0.2791,0
5236,243,54,2026-02-01 02:59:36,0.2112,1
11783,107,75,2026-02-01 03:17:07,0.3628,0
10941,149,24,2026-02-01 03:28:53,0.5338,0
2600,14,73,2026-02-01 04:03:37,0.231,1
1701,156,77,2026-02-01 04:04:10,0.44,0
10552,170,75,2026-02-01 05:01:11,0.3047,0
5563,126,38,2026-02-01 05:15:37,0.7129,0
6480,237,42,2026-02-01 05:43:24,0.77,0
8914,219,1,2026-02-01 05:45:09,0.2371,1
7467,26,79,2026-02-01 05:57:44,0.2552,0
9048,112,8,2026-02-01 06:23:13,0.1137,1
1951,146,4,2026-02-01 06:28:03,0.3072,0
9697,132,62,2026-02-01 06:46:44,0.7326,0
340,220,81,2026-02-01 06:49:44,0.6143,0
3605,236,83,2026-02-01 06:54:36,0.2113,1
2909,93,87,2026-02-01 07:19:23,0.0,1
8446,249,44,2026-02-01 07:32:29,0.4788,0
773,133,101,2026-02-01 07:40:28,0.0,1
2263,217,67,2026-02-01 07:45:24,0.753,0
1461,221,114,2026-02-01 08:07:47,0.0078,1
6640,215,3,2026-02-01 08:18:40,1.0,0
7707,130,45,2026-02-01 08:24:16,0.6941,0
3030,239,97,2026-02-01 08:28:57,0.5446,0
3856,41,53,2026-02-01 08:49:08,0.0973,1
1262,192,10,2026-02-01 08:53:22,0.4636,0
943,149,102,2026-02-01 08:55:29,0.3839,0
2669,4,23,2026-02-01 09:08:11,0.7048,0
4453,125,116,2026-02-01 09:52:34,0.0,1
3556,223,60,2026-02-01 09:58:03,0.442,0
4503,105,70,2026-02-01 10:06:59,0.3494,0
7036,1,118,2026-02-01 10:08:56,0.1159,1
1238,5,28,2026-02-01 10:12:57,0.6813,0
10329,241,24,2026-02-01 10:19:37,0.6721,0
6751,168,85,2026-02-01 10:19:58,0.0,1
3278,142,119,2026-02-01 10:36:34,0.581,0
6460,194,74,2026-02-01 10:39:12,0.737,0
6987,100,33,2026-02-01 10:39:22,0.5184,0
107,209,2,2026-02-01 10:43:08,0.3082,0
1822,154,34,2026-02-01 10:53:03,0.5993,0
3555,172,68,2026-02-01 11:27:47,0.0,1
10002,55,39,2026-02-01 11:33:48,0.419,0
7701,235,47,2026-02-01 11:40:45,0.5951,0
7169,21,75,2026-02-01 11:44:13,0.685,0
10532,157,4,2026-02-01 11:45:59,0.039,1
2861,202,25,2026-02-01 11:56:22,1.0,0
650,190,6,2026-02-01 12:00:16,0.827,0
8342,189,103,2026-02-01 12:29:52,0.5288,0
10076,192,52,2026-02-01 13:11:11,0.4971,0
5718,3,46,2026-02-01 13:12:33,0.4905,0
6492,178,21,2026-02-01 13:18:02,0.5216,0
110,241,34,2026-02-01 13:20:41,0.0,1
4908,45,45,2026-02-01 13:24:25,0.1355,1
8441,50,71,2026-02-01 13:28:57,0.673,0
4439,233,96,2026-02-01 13:29:07,0.7201,0
9867,110,6,2026-02-01 13:31:16,0.4054,0
4343,168,58,2026-02-01 13:35:02,0.8743,0
10928,100,33,2026-02-01 13:47:49,0.0546,1
146,237,105,2026-02-01 14:04:26,0.5812,0
8584,111,107,2026-02-01 14:04:39,0.1151,1
8531,118,101,2026-02-01 14:09:56,0.6587,0
9833,23,35,2026-02-01 14:18:10,0.59,0
11685,119,14,2026-02-01 14:20:45,0.4739,0
8077,176,18,2026-02-01 14:24:56,0.2358,1
2124,1,50,2026-02-01 14:40:16,0.429,0
3032,10,18,2026-02-01 14:42:57,0.9593,0
2927,79,108,2026-02-01 14:48:07,0.679,0
3799,31,80,2026-02-01 15:12:47,0.2061,1
8666,63,74,2026-02-01 15:19:09,1.0,0
5658,54,63,2026-02-01 15:29:24,0.0,1
10944,126,95,2026-02-01 15:36:16,0.3284,0
4963,114,107,2026-02-01 16:03:24,0.0771,1
8283,58,7,2026-02-01 16:23:55,0.1087,1
1427,150,22,2026-02-01 16:38:34,0.0553,1
6198,48,19,2026-02-01 17:14:45,0.0771,1
5525,180,95,2026-02-01 17:26:00,0.3472,0
1195,154,54,2026-02-01 17:26:56,0.0,1
3805,43,41,2026-02-01 17:29:07,1.0,0
9510,25,47,2026-02-01 17:33:01,0.2452,1
10666,103,53,2026-02-01 17:52:11,0.5637,0
7700,133,7,2026-02-01 18:13:42,0.5383,0
1598,249,100,2026-02-01 18:29:07,0.0694,1
5137,207,9,2026-02-01 18:44:03,0.6106,0
7665,198,54,2026-02-01 18:49:20,0.3186,0
11469,110,35,2026-02-01 19:32:40,0.3962,0
5526,96,2,2026-02-01 19:43:46,0.6475,0
3595,231,102,2026-02-01 19:50:59,0.1646,1
11476,237,98,2026-02-01 20:02:05,0.0,1
5506,148,109,2026-02-01 20:07:39,0.0632,1
8073,179,1,2026-02-01 20:07:50,0.7343,0
7790,94,20,2026-02-01 20:18:31,0.0282,1
7613,86,50,2026-02-01 20:39:13,0.491,0
2449,52,84,2026-02-01 20:49:28,0.2249,1
1215,178,38,2026-02-01 20:50:54,0.1803,1
2783,225,95,2026-02-01 20:59:35,0.928,0
8288,46,27,2026-02-01 21:07:21,0.3984,0
9856,187,40,2026-02-01 21:19:47,0.5271,0
4041,92,70,2026-02-01 21:19:56,0.6248,0
1370,131,51,2026-02-01 21:23:14,0.3311,0
11519,46,4,2026-02-01 21:24:35,0.6194,0
9585,54,24,2026-02-01 21:49:47,1.0,0
3488,54,39,2026-02-01 21:51:25,0.6012,0
2308,166,69,2026-02-01 21:54:11,0.0,1
3163,181,118,2026-02-01 21:54:50,0.4359,0
4911,71,85,2026-02-01 22:06:12,0.7794,0
11734,52,6,2026-02-01 22:07:10,0.5031,0
9167,200,25,2026-02-01 22:21:36,0.0925,1
10214,212,65,2026-02-01 22:27:41,0.0608,1
4759,103,72,2026-02-01 22:32:53,0.2265,1
4500,162,22,2026-02-01 22:55:12,0.4378,0
4519,215,57,2026-02-01 23:12:47,0.7461,0
229,241,77,2026-02-01 23:27:38,0.0,1
11673,112,107,2026-02-01 23:37:51,0.2223,1
3954,49,116,2026-02-01 23:40:12,0.3036,0
2974,199,64,2026-02-02 00:08:57,0.3567,0
5168,155,97,2026-02-02 00:14:44,0.2261,1
9333,105,87,2026-02-02 00:18:02,0.1031,1
10868,148,117,2026-02-02 00:22:02,0.3001,0
4993,152,102,2026-02-02 00:47:08,0.3732,0
11192,8,103,2026-02-02 00:58:52,0.5801,0
6184,44,49,2026-02-02 01:24:02,0.8176,0
11785,247,42,2026-02-02 01:26:23,0.3783,0
2165,157,117,2026-02-02 01:35:06,0.1442,1
8464,167,112,2026-02-02 01:41:04,0.7883,0
10972,41,69,2026-02-02 01:46:49,0.9654,0
1151,10,85,2026-02-02 01:47:53,0.0,1
9203,184,38,2026-02-02 01:49:48,0.4798,0
10803,194,68,2026-02-02 01:54:24,1.0,0
4602,128,100,2026-02-02 02:03:33,1.0,0
3000,173,118,2026-02-02 02:11:59,0.5929,0
8828,62,1,2026-02-02 02:14:50,0.0809,1
11589,221,79,2026-02-02 02:16:09,0.3444,0
6839,45,112,2026-02-02 02:37:58,0.0,1
5695,99,30,2026-02-02 02:38:56,0.1311,1
375,243,43,2026-02-02 02:44:30,0.4773,0
6286,128,106,2026-02-02 02:49:02,0.5673,0
7056,108,69,2026-02-02 03:10:13,0.5518,0
272,59,102,2026-02-02 03:22:41,0.5732,0
2659,179,107,2026-02-02 03:32:13,0.2969,0
7918,167,61,2026-02-02 03:50:18,0.2305,1
8194,196,15,2026-02-02 03:57:24,0.5477,0
4824,207,44,2026-02-02 04:09:08,0.1118,1
870,145,60,2026-02-02 04:18:36,0.5021,0
3853,65,63,2026-02-02 04:19:21,1.0,0
6443,122,61,2026-02-02 04:21:20,0.8186,0
7330,187,63,2026-02-02 04:31:13,0.5464,0
385,218,52,2026-02-02 04:41:57,0.0923,1
6054,175,116,2026-02-02 04:55:43,0.9373,0
1689,224,48,2026-02-02 05:04:33,0.2731,0
6374,24,104,2026-02-02 05:04:38,0.3267,0
1449,92,35,2026-02-02 05:07:07,0.1212,1
8755,202,32,2026-02-02 05:09:38,0.5313,0
7004,181,44,2026-02-02 05:17:59,0.2014,1
2577,115,59,2026-02-02 05:25:20,0.1022,1
8430,144,81,2026-02-02 05:45:30,0.5731,0
8830,55,54,2026-02-02 05:50:44,0.4697,0
5570,118,30,2026-02-02 06:05:25,0.4274,0
2087,47,112,2026-02-02 06:13:33,0.2158,1
8713,118,3,2026-02-02 06:18:06,0.3213,0
2975,233,91,2026-02-02 06:24:20,0.3153,0
8178,109,11,2026-02-02 06:24:33,0.2965,0
10177,50,103,2026-02-02 06:26:19,0.4177,0
10342,210,75,2026-02-02 06:29:19,0.5047,0
5193,39,12,2026-02-02 06:40:58,0.1954,1
9382,12,95,2026-02-02 06:45:50,0.5081,0
1934,7,109,2026-02-02 06:56:34,0.9336,0
9109,94,76,2026-02-02 07:09:11,0.0989,1
424,115,51,2026-02-02 07:09:51,0.1771,1
6811,181,96,2026-02-02 07:14:51,0.4817,0
10554,218,4,2026-02-02 07:16:22,0.0926,1
130,43,13,2026-02-02 07:24:27,0.1831,1
2798,102,98,2026-02-02 07:24:51,0.6741,0
8151,209,115,2026-02-02 07:36:06,0.1419,1
10897,35,8,2026-02-02 07:37:09,0.2369,1
8589,224,116,2026-02-02 07:44:23,0.2766,0
8524,229,59,2026-02-02 07:46:26,0.5849,0
8913,208,0,2026-02-02 07:50:11,0.2077,1
9488,204,43,2026-02-02 07:51:29,0.147,1
10538,155,114,2026-02-02 07:55:52,0.7103,0
9660,58,7,2026-02-02 07:58:50,0.6601,0
7037,69,82,2026-02-02 08:25:57,0.3007,0
7048,107,105,2026-02-02 08:46:37,0.3623,0
8114,61,16,2026-02-02 08:57:40,0.484,0
8604,66,21,2026-02-02 09:13:54,0.5766,0
1994,96,91,2026-02-02 09:16:34,0.549,0
1785,248,58,2026-02-02 09:17:34,0.6259,0
8692,235,76,2026-02-02 09:37:32,0.0649,1
10680,5,102,2026-02-02 09:38:46,0.302,0
7188,79,12,2026-02-02 09:47:24,0.0964,1
475,167,0,2026-02-02 09:51:29,0.6568,0
4729,165,35,2026-02-02 10:17:04,0.502,0
3429,76,6,2026-02-02 10:24:12,0.0334,1
1209,211,72,2026-02-02 10:32:57,0.1943,1
10963,175,30,2026-02-02 10:36:42,0.2072,1
2981,132,112,2026-02-02 11:08:05,0.5139,0
2615,190,77,2026-02-02 11:12:37,0.2644,0
682,47,60,2026-02-02 11:13:24,0.3388,0
8556,136,25,2026-02-02 11:40:56,0.2444,1
2460,93,110,2026-02-02 11:41:37,0.6832,0
4624,35,77,2026-02-02 12:06:19,1.0,0
6517,74,43,2026-02-02 12:15:31,0.1567,1
140,145,119,2026-02-02 12:16:57,0.444,0
7018,225,28,2026-02-02 12:41:34,0.0294,1
10455,204,39,2026-02-02 12:49:59,0.6718,0
4398,148,13,2026-02-02 13:37:21,0.6518,0
2064,224,54,2026-02-02 13:46:30,0.3697,0
757,236,76,2026-02-02 13:52:11,0.2441,1
3400,164,50,2026-02-02 13:59:12,0.1272,1
11103,205,73,2026-02-02 14:19:56,0.4081,0
11600,138,81,2026-02-02 14:33:57,1.0,0
490,231,116,2026-02-02 14:38:14,0.1501,1
11148,53,2,2026-02-02 14:40:14,0.4266,0
6914,219,13,2026-02-02 14:42:13,0.6611,0
1073,94,51,2026-02-02 14:54:36,0.4227,0
2736,158,103,2026-02-02 14:57:36,0.2051,1
3230,241,53,2026-02-02 14:58:08,0.6379,0
6365,204,77,2026-02-02 15:00:32,0.3449,0
8995,203,91,2026-02-02 15:12:30,0.0,1
4895,1,106,2026-02-02 15:20:03,0.3775,0
4848,216,6,2026-02-02 15:35:05,0.0,1
4206,16,9,2026-02-02 15:37:07,0.934,0
11787,31,8,2026-02-02 15:47:18,0.7615,0
231,51,93,2026-02-02 16:01:17,0.8044,0
11154,116,41,2026-02-02 16:02:47,0.0,1
1752,216,69,2026-02-02 16:07:55,0.5495,0
10444,141,19,2026-02-02 16:11:54,0.4405,0
3456,108,40,2026-02-02 16:13:33,0.7556,0
7857,215,60,2026-02-02 16:17:46,0.6078,0
1030,228,102,2026-02-02 16:37:04,0.4155,0
4288,192,50,2026-02-02 16:37:11,0.6386,0
867,61,14,2026-02-02 16:48:57,0.2806,0
11349,133,30,2026-02-02 16:49:01,0.3361,0
5067,132,1,2026-02-02 16:49:08,0.1386,1
6329,5,47,2026-02-02 17:13:08,0.1645,1
1047,151,52,2026-02-02 17:24:53,0.0,1
7121,198,86,2026-02-02 17:33:29,0.4466,0
11466,209,95,2026-02-02 18:04:15,0.655,0
5495,35,67,2026-02-02 18:12:26,0.1368,1
10158,181,100,2026-02-02 18:21:20,0.2182,1
10954,12,34,2026-02-02 18:23:10,0.148,1
8135,227,22,2026-02-02 18:45:15,0.3433,0
9230,13,68,2026-02-02 18:49:26,0.6457,0
5604,226,115,2026-02-02 18:53:21,0.0,1
11017,65,102,2026-02-02 18:57:48,0.6396,0
1499,160,92,2026-02-02 19:02:36,0.3387,0
2650,32,41,2026-02-02 19:07:53,0.3562,0
6214,200,87,2026-02-02 19:16:09,0.7104,0
5637,7,89,2026-02-02 19:17:08,0.2021,1
11447,101,35,2026-02-02 19:33:58,0.3955,0
1009,118,64,2026-02-02 19:41:07,1.0,0
327,123,70,2026-02-02 19:52:47,0.3239,0
9287,152,94,2026-02-02 20:08:21,0.7796,0
937,131,28,2026-02-02 20:10:30,0.0796,1
2515,178,18,2026-02-02 20:13:05,0.0162,1
7002,117,71,2026-02-02 20:36:34,0.0458,1
9085,152,31,2026-02-02 20:50:40,0.1131,1
4910,32,85,2026-02-02 21:02:31,0.4069,0
2717,244,21,2026-02-02 21:05:06,0.4509,0
6657,201,116,2026-02-02 21:07:11,0.4366,0
11774,127,50,2026-02-02 21:20:00,0.2475,1
7508,94,95,2026-02-02 21:39:53,0.5927,0
10040,105,76,2026-02-02 21:41:22,0.0113,1
2448,130,15,2026-02-02 21:44:10,0.8242,0
5115,42,20,2026-02-02 21:45:52,0.205,1
7952,0,76,2026-02-02 22:03:15,0.2945,0
7828,98,61,2026-02-02 22:06:46,1.0,0
4607,199,13,2026-02-02 22:09:37,0.5004,0
125,240,49,2026-02-02 22:15:28,0.4758,0
3661,60,62,2026-02-02 22:44:48,0.3228,0
7500,28,8,2026-02-02 23:00:03,0.3681,0
2327,66,50,2026-02-02 23:08:20,0.7732,0
6681,143,51,2026-02-02 23:13:22,0.5026,0
995,148,2,2026-02-02 23:17:21,0.1348,1
899,198,5,2026-02-02 23:30:08,0.0909,1
2689,43,32,2026-02-02 23:35:00,0.051,1
3308,77,64,2026-02-02 23:42:06,0.5327,0
11791,225,23,2026-02-02 23:43:55,0.6163,0
1204,160,17,2026-02-02 23:48:00,0.4149,0
8437,146,32,2026-02-02 23:52:02,0.4885,0
7792,245,40,2026-02-02 23:52:22,0.3848,0
8009,54,59,2026-02-02 23:59:25,0.2147,1
1525,178,102,2026-02-03 00:00:10,0.303,0
5855,124,85,2026-02-03 00:14:18,0.6471,0
2561,0,80,2026-02-03 00:27:31,0.2703,0
2214,32,42,2026-02-03 00:39:46,0.4517,0
5293,138,54,2026-02-03 00:41:26,0.2964,0
10255,140,41,2026-02-03 00:41:56,0.4423,0
5240,50,33,2026-02-03 00:52:04,0.2257,1
7090,175,65,2026-02-03 01:02:53,0.0902,1
2964,117,8,2026-02-03 01:12:24,1.0,0
484,57,34,2026-02-03 01:19:03,0.0625,1
1221,138,41,2026-02-03 01:22:18,0.8718,0
3292,111,116,2026-02-03 01:29:02,0.6208,0
4650,82,105,2026-02-03 01:47:55,0.1139,1
8744,138,62,2026-02-03 02:13:14,0.3444,0
11122,247,0,2026-02-03 02:16:38,0.0361,1
11287,61,63,2026-02-03 02:57:59,0.1029,1
5356,100,62,2026-02-03 03:19:02,0.016,1
2729,1,32,2026-02-03 03:27:30,0.4047,0
4957,230,29,2026-02-03 03:33:51,0.4982,0
5913,235,20,2026-02-03 03:35:07,0.1684,1
3418,227,117,2026-02-03 03:36:44,0.5807,0
4894,94,99,2026-02-03 03:57:16,0.2958,0
11855,183,31,2026-02-03 04:18:00,0.2373,1
4657,240,11,2026-02-03 04:20:49,0.7709,0
9941,8,0,2026-02-03 04:36:36,1.0,0
4692,106,73,2026-02-03 04:37:56,0.6549,0
3924,245,111,2026-02-03 04:43:59,0.4947,0
2624,180,92,2026-02-03 05:01:31,0.0397,1
5153,25,110,2026-02-03 05:05:03,0.4174,0
7281,11,65,2026-02-03 05:07:10,0.1788,1
10186,57,89,2026-02-03 05:16:09,0.222,1
2357,205,4,2026-02-03 05:20:29,0.5922,0
6330,15,106,2026-02-03 05:29:20,0.5982,0
2723,132,28,2026-02-03 06:40:51,0.9862,0
6159,37,40,2026-02-03 06:52:04,0.4831,0
7964,115,118,2026-02-03 06:59:51,0.3983,0
11147,74,28,2026-02-03 07:41:15,0.1929,1
2084,59,99,2026-02-03 07:48:42,0.2438,1
6767,18,100,2026-02-03 08:15:52,0.3785,0
3061,11,92,2026-02-03 08:16:20,0.794,0
1491,60,35,2026-02-03 08:35:52,1.0,0
9558,199,25,2026-02-03 08:37:56,0.4046,0
2476,174,103,2026-02-03 08:51:30,0.5554,0
5458,195,14,2026-02-03 09:05:31,0.0677,1
10720,196,69,2026-02-03 09:15:25,0.6859,0
357,32,10,2026-02-03 09:15:55,0.2063,1
6919,215,6,2026-02-03 09:24:01,0.465,0
9526,122,96,2026-02-03 09:33:52,0.4801,0
10717,211,71,2026-02-03 09:35:26,0.4883,0
969,211,48,2026-02-03 09:52:39,0.6084,0
11828,115,45,2026-02-03 10:05:22,1.0,0
4414,91,101,2026-02-03 10:06:48,0.0,1
601,222,50,2026-02-03 10:40:14,0.2256,1
1631,185,7,2026-02-03 11:23:56,0.4515,0
465,50,93,2026-02-03 11:30:09,0.3548,0
5498,156,110,2026-02-03 11:30:17,0.4832,0
5998,56,3,2026-02-03 11:32:13,0.0624,1
5659,243,33,2026-02-03 11:35:27,0.0908,1
4352,175,113,2026-02-03 11:37:07,0.1947,1
6224,181,114,2026-02-03 11:39:34,0.6641,0
10968,140,83,2026-02-03 11:44:27,0.0357,1
5885,152,15,2026-02-03 12:18:59,0.5239,0
5733,145,11,2026-02-03 12:30:52,0.2193,1
3465,12,86,2026-02-03 12:48:15,0.0731,1
7737,103,53,2026-02-03 12:58:58,0.421,0
2273,9,55,2026-02-03 13:07:59,0.0586,1
6352,38,21,2026-02-03 13:11:23,0.1046,1
8386,236,87,2026-02-03 13:12:03,0.4103,0
5216,138,26,2026-02-03 13:33:24,0.3424,0
832,211,118,2026-02-03 13:35:10,0.3762,0
3881,89,46,2026-02-03 13:56:36,1.0,0
11775,91,1,2026-02-03 14:06:42,0.2938,0
10394,116,108,2026-02-03 14:27:10,1.0,0
4283,174,25,2026-02-03 14:39:02,0.5776,0
2260,145,112,2026-02-03 14:40:27,0.3651,0
6543,51,112,2026-02-03 15:00:01,0.9123,0
73,53,58,2026-02-03 15:18:24,0.3952,0
10841,25,66,2026-02-03 15:26:57,0.5904,0
5400,195,39,2026-02-03 15:30:00,0.6079,0
6436,162,59,2026-02-03 15:44:38,0.1482,1
4292,22,18,2026-02-03 15:59:10,0.0,1
6261,235,7,2026-02-03 16:20:51,0.7776,0
10508,220,91,2026-02-03 17:42:00,0.2482,1
11851,113,10,2026-02-03 17:42:50,0.6224,0
1830,209,43,2026-02-03 17:58:50,0.4003,0
5475,1,19,2026-02-03 18:19:24,0.0822,1
10585,214,54,2026-02-03 18:34:18,0.1127,1
4884,155,41,2026-02-03 18:36:03,0.1952,1
10219,122,91,2026-02-03 18:37:33,0.0422,1
5029,28,104,2026-02-03 18:43:38,0.0247,1
4328,3,36,2026-02-03 18:46:15,0.0,1
2704,84,69,2026-02-03 18:57:17,0.1414,1
5055,196,29,2026-02-03 18:57:20,0.1279,1
8344,78,61,2026-02-03 19:07:49,0.4225,0
7539,170,8,2026-02-03 19:15:48,0.2311,1
8819,200,25,2026-02-03 19:26:06,0.6817,0
10705,41,72,2026-02-03 19:41:07,0.4459,0
10683,18,36,2026-02-03 19:42:21,0.0,1
8792,218,79,2026-02-03 19:57:30,0.2395,1
9811,138,49,2026-02-03 20:12:45,0.6359,0
862,75,116,2026-02-03 20:26:12,1.0,0
2102,238,49,2026-02-03 20:28:48,0.266,0
4383,180,104,2026-02-03 20:50:46,0.758,0
10870,223,75,2026-02-03 21:07:49,0.8253,0
1006,88,115,2026-02-03 21:18:27,0.1529,1
576,170,116,2026-02-03 21:34:49,0.2177,1
1255,84,119,2026-02-03 21:42:14,0.6123,0
10400,195,6,2026-02-03 21:43:05,0.2538,0
2926,244,25,2026-02-03 21:48:47,0.2301,1
8535,197,78,2026-02-03 21:50:24,0.6698,0
7520,49,25,2026-02-03 22:24:15,0.122,1
2059,203,32,2026-02-03 22:24:34,0.549,0
11256,27,60,2026-02-03 22:45:10,0.0,1
4976,113,59,2026-02-03 23:06:07,0.3408,0
7570,217,75,2026-02-03 23:44:27,0.5253,0
9521,239,96,2026-02-04 00:17:44,0.4155,0
5820,205,108,2026-02-04 00:19:19,0.5075,0
9888,242,60,2026-02-04 00:21:33,0.3336,0
1545,137,62,2026-02-04 00:46:21,0.4633,0
8395,5,27,2026-02-04 00:48:54,0.857,0
7069,1,57,2026-02-04 00:50:08,0.5328,0
7847,215,109,2026-02-04 01:28:11,0.261,0
7409,228,30,2026-02-04 01:40:28,0.5889,0
7935,11,52,2026-02-04 01:48:50,0.7153,0
2726,70,20,2026-02-04 01:52:19,0.0278,1
10882,109,41,2026-02-04 02:01:21,0.2082,1
7159,113,7,2026-02-04 02:01:22,0.4754,0
6646,115,73,2026-02-04 02:10:42,0.2183,1
274,184,92,2026-02-04 02:14:16,0.3486,0
2262,208,109,2026-02-04 02:23:03,0.0398,1
7213,30,38,2026-02-04 02:24:35,0.1987,1
2409,56,5,2026-02-04 02:33:11,0.0546,1
8113,0,99,2026-02-04 02:39:24,0.6525,0
2503,22,26,2026-02-04 02:45:34,0.3524,0
4945,122,67,2026-02-04 02:47:50,0.7452,0
1414,243,87,2026-02-04 02:54:19,0.3409,0
5673,248,89,2026-02-04 03:11:58,0.2662,0
6782,150,16,2026-02-04 03:13:47,0.3396,0
10697,181,41,2026-02-04 03:17:48,0.5849,0
1679,25,79,2026-02-04 03:21:16,0.1296,1
2815,205,113,2026-02-04 03:29:24,0.4528,0
9060,173,7,2026-02-04 03:59:22,0.3661,0
11660,112,86,2026-02-04 04:11:00,0.4951,0
10889,167,36,2026-02-04 04:11:56,0.974,0
5047,8,20,2026-02-04 04:40:52,0.5359,0
5347,63,89,2026-02-04 04:45:00,0.4916,0
1128,28,56,2026-02-04 04:55:16,0.1487,1
8969,25,32,2026-02-04 05:05:01,0.7206,0
157,176,17,2026-02-04 05:11:07,0.4673,0
11366,208,14,2026-02-04 05:40:24,0.2657,0
9682,130,94,2026-02-04 05:40:56,0.2617,0
1791,202,29,2026-02-04 05:46:51,0.3044,0
9620,9,38,2026-02-04 05:48:09,0.1288,1
817,200,71,2026-02-04 06:03:37,0.3101,0
9268,176,108,2026-02-04 06:05:26,0.1238,1
7682,42,52,2026-02-04 06:20:53,0.0823,1
9974,230,84,2026-02-04 06:35:42,0.8872,0
5742,130,55,2026-02-04 06:41:53,0.2525,0
9648,9,97,2026-02-04 06:54:43,0.4926,0
10936,54,22,2026-02-04 08:00:03,0.511,0
7197,55,27,2026-02-04 08:23:47,0.3774,0
8006,86,20,2026-02-04 08:27:16,0.2949,0
397,188,57,2026-02-04 08:50:21,0.3085,0
5344,3,114,2026-02-04 08:51:49,0.7048,0
10383,224,30,2026-02-04 08:55:24,0.3054,0
691,68,82,2026-02-04 08:56:29,0.1001,1
2983,66,87,2026-02-04 09:12:19,0.2722,0
8795,127,101,2026-02-04 09:30:54,0.4497,0
412,137,14,2026-02-04 10:05:16,0.6264,0
9442,184,40,2026-02-04 10:05:21,0.0154,1
1191,95,30,2026-02-04 10:15:30,0.6591,0
4835,74,54,2026-02-04 10:37:30,0.6556,0
4031,5,14,2026-02-04 10:48:38,0.5702,0
5504,215,85,2026-02-04 10:54:44,0.0,1
10041,40,2,2026-02-04 11:05:13,1.0,0
4210,245,23,2026-02-04 11:06:51,0.6485,0
5991,106,112,2026-02-04 11:06:51,0.2578,0
10058,78,38,2026-02-04 11:35:25,0.6851,0
11995,232,97,2026-02-04 11:49:39,0.5915,0
1307,245,50,2026-02-04 12:11:01,0.5058,0
9053,108,29,2026-02-04 12:11:15,0.0519,1
11094,70,16,2026-02-04 12:14:02,0.5831,0
9938,204,12,2026-02-04 12:20:53,0.3162,0
4123,38,31,2026-02-04 12:24:50,0.012,1
8299,47,100,2026-02-04 12:39:13,0.3789,0
11620,94,10,2026-02-04 12:41:47,0.4093,0
7629,120,21,2026-02-04 13:15:38,0.0844,1
8996,221,40,2026-02-04 13:32:37,0.1228,1
4708,36,96,2026-02-04 13:44:21,0.5852,0
3839,174,72,2026-02-04 14:07:28,0.2355,1
10026,122,89,2026-02-04 14:36:57,0.2305,1
5684,7,101,2026-02-04 14:57:36,0.295,0
6173,189,71,2026-02-04 14:59:28,0.4749,0
764,190,73,2026-02-04 15:04:16,0.0,1
11622,138,91,2026-02-04 15:07:04,0.889,0
11578,20,21,2026-02-04 15:31:38,0.3648,0
1703,25,41,2026-02-04 15:56:19,0.7652,0
11566,218,41,2026-02-04 16:15:25,0.0,1
11568,49,72,2026-02-04 16:30:11,0.47,0
2342,206,112,2026-02-04 16:36:31,0.4334,0
5745,248,18,2026-02-04 16:53:59,0.6347,0
10104,9,47,2026-02-04 17:21:17,0.5469,0
5442,227,35,2026-02-04 17:35:24,0.3386,0
3321,69,75,2026-02-04 17:55:31,0.1829,1
11715,230,93,2026-02-04 18:03:47,0.5032,0
5481,117,70,2026-02-04 18:16:35,0.1029,1
8909,77,26,2026-02-04 18:43:15,0.2605,0
2854,24,72,2026-02-04 18:56:46,0.6268,0
6077,171,83,2026-02-04 19:00:20,0.6603,0
7010,14,82,2026-02-04 19:02:27,0.2161,1
4889,216,28,2026-02-04 19:02:46,1.0,0
1606,19,111,2026-02-04 20:07:59,0.6609,0
11136,244,39,2026-02-04 20:09:35,0.7221,0
7307,212,95,2026-02-04 20:19:11,0.483,0
8074,153,89,2026-02-04 20:27:44,0.1,1
7936,38,56,2026-02-04 20:39:40,1.0,0
8320,242,41,2026-02-04 20:41:52,0.0769,1
10236,202,63,2026-02-04 20:44:31,0.563,0
6953,189,109,2026-02-04 20:50:52,0.0,1
11812,198,6,2026-02-04 21:08:56,0.4035,0
3645,203,16,2026-02-04 21:13:33,0.4825,0
9175,105,0,2026-02-04 21:26:43,0.4206,0
1182,207,63,2026-02-04 21:36:24,0.0,1
5496,132,86,2026-02-04 21:40:32,0.4392,0
3561,203,9,2026-02-04 21:51:47,0.7699,0
7051,203,104,2026-02-04 21:53:54,0.5872,0
6366,233,47,2026-02-04 21:54:38,0.0451,1
4679,34,109,2026-02-04 22:06:19,0.2775,0
4393,141,28,2026-02-04 22:28:40,0.3115,0
9373,36,29,2026-02-04 22:57:58,0.0344,1
9586,110,92,2026-02-04 23:29:26,0.4195,0
9241,146,87,2026-02-04 23:33:39,0.3721,0
5165,246,81,2026-02-04 23:37:13,0.6382,0
6745,159,111,2026-02-04 23:38:23,0.0,1
7229,100,32,2026-02-04 23:44:35,0.593,0
839,183,115,2026-02-05 00:06:20,0.28,0
9579,152,69,2026-02-05 00:13:41,0.3033,0
7960,197,3,2026-02-05 00:20:27,0.0132,1
9699,215,73,2026-02-05 00:30:38,0.2682,0
4806,148,24,2026-02-05 00:30:40,0.5463,0
2194,180,52,2026-02-05 00:38:47,0.1485,1
9303,86,8,2026-02-05 00:41:00,0.2966,0
3659,0,49,2026-02-05 01:04:16,1.0,0
7970,100,106,2026-02-05 01:08:37,0.4534,0
2904,196,29,2026-02-05 01:22:34,0.0013,1
3903,138,37,2026-02-05 01:37:43,0.3717,0
10297,103,19,2026-02-05 01:40:12,0.518,0
5134,200,63,2026-02-05 01:52:45,0.3626,0
6090,232,20,2026-02-05 02:20:51,0.2254,1
2401,197,4,2026-02-05 02:28:55,0.1085,1
1659,60,41,2026-02-05 02:33:00,0.5506,0
6139,206,4,2026-02-05 02:33:06,0.3728,0
9444,152,61,2026-02-05 02:34:29,0.6414,0
5588,73,73,2026-02-05 02:35:45,0.4699,0
2433,63,7,2026-02-05 02:38:50,0.227,1
7206,97,111,2026-02-05 02:50:45,0.3904,0
472,155,109,2026-02-05 02:57:17,1.0,0
8277,145,7,2026-02-05 03:02:25,0.3015,0
8649,195,38,2026-02-05 03:08:16,0.0288,1
11593,58,64,2026-02-05 03:14:29,0.308,0
1281,139,2,2026-02-05 03:14:38,0.4247,0
6824,202,89,2026-02-05 03:38:52,0.1561,1
347,126,59,2026-02-05 03:41:34,0.4661,0
9079,246,8,2026-02-05 03:58:00,0.1199,1
10940,50,115,2026-02-05 04:06:41,0.205,1
10773,248,2,2026-02-05 04:24:59,0.5578,0
3788,158,23,2026-02-05 04:45:32,0.0,1
9659,243,23,2026-02-05 04:46:46,0.2629,0
5060,173,115,2026-02-05 05:00:39,0.7864,0
4187,231,103,2026-02-05 05:06:24,0.0,1
5589,156,105,2026-02-05 05:13:50,0.4402,0
4402,33,21,2026-02-05 05:19:56,0.0,1
8238,88,87,2026-02-05 05:36:26,0.6695,0
5191,148,14,2026-02-05 05:39:39,0.1669,1
5823,115,10,2026-02-05 06:00:06,0.166,1
10267,173,48,2026-02-05 06:01:21,0.1503,1
1108,98,27,2026-02-05 06:06:51,0.2469,1
1637,132,18,2026-02-05 06:07:22,0.5716,0
6700,208,35,2026-02-05 06:23:31,0.0,1
8202,82,108,2026-02-05 06:25:24,0.0485,1
7244,50,94,2026-02-05 06:26:05,0.2306,1
9359,136,79,2026-02-05 06:32:58,0.6031,0
7939,87,69,2026-02-05 06:47:15,0.3937,0
5331,97,45,2026-02-05 06:56:04,0.052,1
9966,35,29,2026-02-05 06:58:39,0.9267,0
11071,23,91,2026-02-05 07:03:12,0.0896,1
1423,231,33,2026-02-05 07:30:39,0.4052,0
6871,41,74,2026-02-05 07:30:45,0.6476,0
1609,14,95,2026-02-05 07:38:40,0.54,0
9639,185,5,2026-02-05 07:43:55,0.179,1
9266,30,119,2026-02-05 07:46:46,0.4403,0
3028,59,0,2026-02-05 08:10:35,0.0903,1
1933,183,105,2026-02-05 08:20:02,0.0748,1
373,12,32,2026-02-05 08:20:24,1.0,0
2999,5,14,2026-02-05 08:30:40,0.2526,0
9739,79,98,2026-02-05 08:32:27,0.2672,0
8959,55,69,2026-02-05 08:54:35,0.1732,1
1986,245,49,2026-02-05 09:10:19,1.0,0
3424,45,107,2026-02-05 09:11:35,0.7885,0
2700,182,50,2026-02-05 09:21:28,0.4788,0
168,42,64,2026-02-05 09:29:13,0.4772,0
958,233,81,2026-02-05 10:05:18,0.3524,0
5393,234,11,2026-02-05 10:10:24,0.4809,0
7937,85,56,2026-02-05 10:27:19,0.0756,1
8920,47,68,2026-02-05 10:38:19,0.6124,0
9428,236,85,2026-02-05 11:27:06,0.5178,0
11043,130,108,2026-02-05 11:35:01,0.6544,0
8078,186,98,2026-02-05 11:36:40,1.0,0
6376,35,1,2026-02-05 11:40:18,0.4759,0
5768,35,7,2026-02-05 11:50:48,1.0,0
10629,98,30,2026-02-05 12:02:14,0.492,0
8485,196,16,2026-02-05 12:15:10,0.4812,0
4589,202,113,2026-02-05 12:22:54,0.2814,0
10733,215,7,2026-02-05 12:41:29,0.4788,0
8962,133,76,2026-02-05 12:43:51,0.2172,1
11018,47,19,2026-02-05 13:02:00,0.0965,1
11352,245,68,2026-02-05 13:10:25,0.3095,0
3335,145,60,2026-02-05 13:24:52,0.1186,1
4535,38,76,2026-02-05 14:31:00,0.0,1
3963,172,107,2026-02-05 14:36:12,0.6644,0
2315,219,57,2026-02-05 14:39:09,0.1309,1
10480,89,15,2026-02-05 14:50:33,0.7537,0
100,24,88,2026-02-05 15:05:04,0.3379,0
9750,11,67,2026-02-05 15:17:04,0.2244,1
9548,90,80,2026-02-05 15:34:22,0.1186,1
3051,108,94,2026-02-05 15:41:33,0.5551,0
5077,187,49,2026-02-05 16:16:08,0.7345,0
11024,224,70,2026-02-05 16:25:04,0.2771,0
3948,65,102,2026-02-05 16:49:41,0.4737,0
10410,190,25,2026-02-05 17:01:38,0.0,1
1962,85,32,2026-02-05 17:12:27,0.9507,0
11373,152,34,2026-02-05 17:15:48,0.2622,0
2528,85,95,2026-02-05 17:18:52,0.5307,0
244,111,82,2026-02-05 17:26:46,0.5023,0
9689,234,3,2026-02-05 17:43:41,0.4992,0
6872,185,29,2026-02-05 18:11:45,0.666,0
6168,75,39,2026-02-05 18:15:40,0.691,0
7630,8,77,2026-02-05 18:22:49,0.3492,0
10649,76,70,2026-02-05 18:40:58,0.8737,0
7176,91,79,2026-02-05 18:55:33,0.564,0
1807,45,57,2026-02-05 19:08:28,0.1672,1
8143,222,3,2026-02-05 19:14:10,0.7204,0
11268,240,37,2026-02-05 19:14:22,0.1274,1
5220,94,9,2026-02-05 19:16:54,0.0,1
3667,82,73,2026-02-05 19:22:10,0.194,1
10679,224,33,2026-02-05 19:22:37,0.2855,0
8877,144,107,2026-02-05 20:11:19,0.8505,0
11520,94,56,2026-02-05 20:19:57,0.4553,0
476,103,18,2026-02-05 20:38:00,0.7084,0
11630,230,60,2026-02-05 20:46:47,0.2157,1
10900,183,50,2026-02-05 21:04:13,0.234,1
7846,122,70,2026-02-05 21:07:00,0.5197,0
7829,58,108,2026-02-05 21:11:42,0.0577,1
868,4,35,2026-02-05 21:12:09,0.0747,1
5803,66,24,2026-02-05 21:20:08,0.6342,0
11431,25,99,2026-02-05 21:42:51,0.0,1
10437,43,17,2026-02-05 22:17:58,0.7328,0
4932,150,21,2026-02-05 22:21:12,0.0,1
9379,248,62,2026-02-05 22:30:45,0.4414,0
7231,12,1,2026-02-05 22:32:39,0.4376,0
4420,0,23,2026-02-05 22:52:38,0.1241,1
3252,215,39,2026-02-05 23:02:52,0.0,1
10118,228,118,2026-02-05 23:03:59,0.4428,0
2570,84,85,2026-02-05 23:06:08,0.0,1
9114,145,54,2026-02-05 23:25:12,0.1816,1
6072,220,64,2026-02-05 23:33:29,0.8366,0
145,27,12,2026-02-05 23:33:59,0.0785,1
10823,95,109,2026-02-05 23:43:35,0.4808,0
481,5,96,2026-02-05 23:49:26,0.62,0
191,192,5,2026-02-06 00:39:40,0.2773,0
946,135,85,2026-02-06 00:52:58,0.0,1
6853,173,39,2026-02-06 01:00:23,0.6036,0
8306,9,95,2026-02-06 01:10:56,0.7597,0
5402,176,49,2026-02-06 01:27:17,0.0837,1
2384,239,118,2026-02-06 02:07:59,0.3807,0
10142,193,119,2026-02-06 02:15:22,0.0656,1
3949,86,5,2026-02-06 02:29:49,0.5127,0
9854,168,90,2026-02-06 02:34:48,0.5713,0
7716,90,80,2026-02-06 02:35:52,0.2161,1
2310,32,14,2026-02-06 02:36:39,0.284,0
7298,6,34,2026-02-06 02:45:02,0.7828,0
2684,172,94,2026-02-06 02:53:06,0.5617,0
1074,97,16,2026-02-06 03:11:01,0.7031,0
2147,177,63,2026-02-06 03:14:59,0.0,1
11441,178,105,2026-02-06 03:23:17,0.5848,0
98,109,21,2026-02-06 03:27:46,0.0,1
1634,128,95,2026-02-06 03:58:19,0.0153,1
1561,141,57,2026-02-06 04:23:40,0.5127,0
9872,20,67,2026-02-06 04:35:24,0.1315,1
7371,10,44,2026-02-06 04:42:25,1.0,0
8670,71,88,2026-02-06 04:49:07,1.0,0
11168,154,99,2026-02-06 05:18:14,0.0,1
7222,200,65,2026-02-06 05:18:50,0.4944,0
6071,244,32,2026-02-06 05:27:18,0.6739,0
464,79,102,2026-02-06 05:28:41,0.3973,0
279,149,101,2026-02-06 05:51:55,0.7105,0
2047,43,31,2026-02-06 05:54:18,0.4986,0
344,105,110,2026-02-06 05:59:13,1.0,0
9786,5,12,2026-02-06 06:19:38,0.4125,0
3814,26,6,2026-02-06 06:50:18,0.0289,1
5472,166,66,2026-02-06 06:51:56,0.679,0
9945,219,70,2026-02-06 06:52:08,0.4795,0
9530,9,69,2026-02-06 06:54:28,0.4982,0
9730,167,96,2026-02-06 06:57:48,0.4607,0
9831,214,67,2026-02-06 07:04:10,0.9159,0
2915,81,56,2026-02-06 07:10:10,0.1779,1
6732,60,77,2026-02-06 07:16:56,0.4565,0
9129,39,13,2026-02-06 07:36:23,0.154,1
6315,209,18,2026-02-06 07:38:04,0.2862,0
2959,36,110,2026-02-06 07:53:15,1.0,0
4251,223,119,2026-02-06 08:06:52,0.2893,0
7843,81,85,2026-02-06 08:08:40,0.2134,1
2269,81,102,2026-02-06 08:13:00,0.3887,0
3775,56,33,2026-02-06 08:14:23,0.5763,0
11117,72,107,2026-02-06 08:14:40,0.2604,0
1801,189,89,2026-02-06 08:17:35,0.2134,1
8018,196,108,2026-02-06 08:18:18,0.4001,0
9043,245,10,2026-02-06 08:30:46,0.2757,0
5116,182,25,2026-02-06 08:31:47,0.7871,0
7728,8,9,2026-02-06 09:11:39,0.6351,0
5846,78,52,2026-02-06 09:23:48,0.1125,1
2128,243,3,2026-02-06 09:43:02,0.1476,1
6836,245,118,2026-02-06 09:45:41,0.5803,0
8984,0,49,2026-02-06 10:03:15,0.7454,0
2620,167,54,2026-02-06 10:04:13,0.4092,0
11372,55,66,2026-02-06 10:05:13,0.2377,1
6099,28,19,2026-02-06 10:06:29,1.0,0
11248,196,40,2026-02-06 10:06:53,0.078,1
6675,7,13,2026-02-06 10:19:24,0.367,0
5811,165,104,2026-02-06 10:28:26,0.2958,0
9549,246,85,2026-02-06 10:31:40,0.7786,0
571,100,48,2026-02-06 11:38:23,0.5676,0
8515,247,105,2026-02-06 11:47:23,0.0508,1
4481,137,87,2026-02-06 11:50:11,0.3961,0
11149,145,6,2026-02-06 12:05:39,0.0,1
4644,150,79,2026-02-06 12:09:44,0.3042,0
5900,102,60,2026-02-06 12:16:42,0.1953,1
7352,146,97,2026-02-06 12:22:22,0.6072,0
10855,57,34,2026-02-06 12:26:28,0.0857,1
4715,78,40,2026-02-06 12:33:16,0.0115,1
4904,186,73,2026-02-06 12:45:46,0.7544,0
10264,1,9,2026-02-06 13:11:53,0.4443,0
11367,42,15,2026-02-06 13:16:34,0.5431,0
10337,36,78,2026-02-06 13:20:31,0.3072,0
3191,190,20,2026-02-06 13:24:56,0.5945,0
11258,1,58,2026-02-06 13:30:35,0.3522,0
447,162,12,2026-02-06 13:35:57,0.6808,0
3517,128,21,2026-02-06 13:43:51,0.6932,0
6131,60,116,2026-02-06 13:47:44,0.2836,0
7482,182,29,2026-02-06 13:59:26,0.0513,1
1257,26,70,2026-02-06 14:00:49,0.3106,0
8973,198,36,2026-02-06 14:39:53,0.5205,0
10624,117,37,2026-02-06 14:46:51,0.5292,0
9247,57,52,2026-02-06 14:59:46,0.2004,1
5615,35,37,2026-02-06 15:03:33,0.1616,1
10143,57,72,2026-02-06 15:08:57,0.0,1
7840,23,81,2026-02-06 15:20:20,0.4656,0
2044,11,44,2026-02-06 15:34:04,0.7073,0
10869,59,8,2026-02-06 15:41:53,0.2083,1
11224,28,72,2026-02-06 15:58:48,1.0,0
9181,83,8,2026-02-06 16:04:40,0.1637,1
1649,132,55,2026-02-06 16:17:18,0.2985,0
887,50,66,2026-02-06 16:20:13,0.0811,1
5387,42,63,2026-02-06 16:26:11,0.6022,0
2246,193,119,2026-02-06 16:32:08,0.2817,0
9316,193,82,2026-02-06 16:39:10,0.8778,0
1247,106,60,2026-02-06 16:47:58,0.4438,0
4511,191,119,2026-02-06 16:57:14,0.7157,0
1192,16,29,2026-02-06 17:10:44,0.5811,0
2464,28,46,2026-02-06 17:23:43,0.4757,0
10708,160,89,2026-02-06 17:27:44,1.0,0
1655,1,56,2026-02-06 17:45:55,0.6295,0
262,16,52,2026-02-06 17:49:40,0.3576,0
6495,146,118,2026-02-06 18:37:46,0.653,0
2986,51,6,2026-02-06 18:45:03,0.0,1
11436,74,93,2026-02-06 18:46:03,0.2951,0
569,216,61,2026-02-06 19:00:49,0.5433,0
4755,216,89,2026-02-06 19:18:38,0.0234,1
11177,162,63,2026-02-06 19:24:09,0.2537,0
6716,122,53,2026-02-06 19:46:13,0.6796,0
9237,15,55,2026-02-06 19:48:15,0.1672,1
10228,73,100,2026-02-06 19:57:37,0.3314,0
1185,136,19,2026-02-06 19:59:41,0.6614,0
4425,189,22,2026-02-06 20:00:53,0.6722,0
4749,218,3,2026-02-06 20:04:03,0.4187,0
7386,130,17,2026-02-06 20:11:02,0.5738,0
6350,184,103,2026-02-06 20:16:44,0.7171,0
8206,71,69,2026-02-06 21:01:01,0.0661,1
3398,21,96,2026-02-06 21:06:40,0.1576,1
656,51,9,2026-02-06 21:18:48,0.254,0
8129,232,96,2026-02-06 21:28:44,0.5574,0
7472,160,103,2026-02-06 21:44:20,0.749,0
7742,164,22,2026-02-06 22:02:14,0.6807,0
3344,72,87,2026-02-06 22:06:05,0.3095,0
11384,45,52,2026-02-06 22:08:07,0.5654,0
6670,212,63,2026-02-06 22:09:55,0.7814,0
9066,0,6,2026-02-06 22:15:42,0.1751,1
9211,234,58,2026-02-06 22:34:15,0.3011,0
10846,199,66,2026-02-06 22:42:12,0.364,0
10373,108,119,2026-02-06 22:42:43,0.6726,0
7528,49,102,2026-02-06 22:45:37,0.0102,1
7341,23,26,2026-02-06 22:47:55,0.457,0
861,31,88,2026-02-06 22:52:44,1.0,0
10071,92,12,2026-02-06 23:26:03,0.4685,0
8565,49,79,2026-02-06 23:29:49,0.2778,0
10191,22,114,2026-02-06 23:52:39,0.5376,0
9453,148,55,2026-02-06 23:55:55,0.4782,0
9133,66,63,2026-02-07 00:13:24,0.589,0
7363,0,67,2026-02-07 00:18:55,0.0578,1
8066,66,22,2026-02-07 00:23:10,0.0198,1
2750,220,74,2026-02-07 00:48:50,0.2789,0
5046,150,42,2026-02-07 00:48:51,0.687,0
7302,144,85,2026-02-07 01:13:12,0.3148,0
6337,181,39,2026-02-07 01:24:43,0.1071,1
6177,155,85,2026-02-07 01:35:23,0.6609,0
5702,138,86,2026-02-07 02:11:06,0.187,1
6796,128,70,2026-02-07 02:32:51,0.2584,0
7605,203,56,2026-02-07 02:33:41,0.1738,1
7635,50,102,2026-02-07 02:51:02,0.7375,0
1284,161,18,2026-02-07 02:52:38,0.6582,0
562,89,30,2026-02-07 03:05:21,0.4716,0
2661,128,32,2026-02-07 03:07:21,0.2223,1
459,133,3,2026-02-07 03:09:24,0.1598,1
6949,98,6,2026-02-07 03:11:18,0.6667,0
6504,134,53,2026-02-07 03:19:53,0.2215,1
6391,116,34,2026-02-07 04:05:30,0.8014,0
11001,210,1,2026-02-07 04:18:39,0.388,0
4339,131,51,2026-02-07 04:35:35,0.2667,0
3094,37,43,2026-02-07 04:43:07,0.0992,1
1843,160,13,2026-02-07 04:51:08,0.4807,0
2427,249,68,2026-02-07 05:00:37,0.4563,0
9098,133,106,2026-02-07 05:01:07,0.4627,0
1111,149,0,2026-02-07 05:17:25,0.1976,1
6267,194,10,2026-02-07 05:30:19,0.808,0
1747,146,65,2026-02-07 05:54:38,0.0,1
10814,79,33,2026-02-07 06:05:29,0.3575,0
916,187,108,2026-02-07 06:16:20,0.603,0
2587,106,58,2026-02-07 06:38:10,0.6376,0
2968,159,102,2026-02-07 06:48:49,0.4524,0
11598,108,74,2026-02-07 06:59:00,0.5556,0
266,220,28,2026-02-07 07:20:28,0.4454,0
6157,212,57,2026-02-07 07:21:26,0.0934,1
8958,106,52,2026-02-07 07:27:47,0.3322,0
8280,130,106,2026-02-07 08:12:52,0.2475,1
8133,245,17,2026-02-07 08:13:00,0.1926,1
4833,12,80,2026-02-07 08:13:53,0.3274,0
2196,192,96,2026-02-07 08:18:08,0.2563,0
6554,27,41,2026-02-07 09:07:07,0.6061,0
5722,118,21,2026-02-07 09:15:38,0.0,1
11646,20,45,2026-02-07 09:28:24,0.7282,0
4074,84,88,2026-02-07 09:46:23,0.7755,0
5978,100,57,2026-02-07 09:55:38,0.1578,1
8606,70,91,2026-02-07 10:11:21,0.6282,0
5551,60,95,2026-02-07 10:14:53,0.6385,0
9832,137,98,2026-02-07 10:16:46,0.6298,0
7672,234,117,2026-02-07 10:37:04,0.796,0
3571,159,37,2026-02-07 11:00:52,0.4178,0
3854,226,93,2026-02-07 11:29:17,0.1959,1
3062,6,24,2026-02-07 11:43:59,0.1963,1
166,117,54,2026-02-07 11:46:35,0.4183,0
6666,79,8,2026-02-07 11:47:47,0.2392,1
4422,166,116,2026-02-07 11:47:56,0.0048,1
11882,247,61,2026-02-07 11:48:37,0.6652,0
3866,59,113,2026-02-07 12:07:40,0.4539,0
5412,20,106,2026-02-07 12:30:27,0.4004,0
3619,13,57,2026-02-07 12:34:47,0.0,1
737,19,108,2026-02-07 12:40:31,0.6719,0
2913,228,11,2026-02-07 13:11:53,0.363,0
676,225,28,2026-02-07 13:21:02,0.0,1
6150,100,0,2026-02-07 13:28:27,0.2754,0
531,73,5,2026-02-07 13:39:59,1.0,0
7933,224,64,2026-02-07 13:46:26,0.2074,1
2160,38,109,2026-02-07 13:52:13,0.2948,0
9484,155,78,2026-02-07 14:11:26,0.4069,0
2265,242,3,2026-02-07 14:14:12,0.434,0
11416,136,64,2026-02-07 14:20:14,0.5319,0
6865,17,19,2026-02-07 14:20:17,0.1268,1
1972,65,65,2026-02-07 14:30:27,0.5636,0
5530,57,111,2026-02-07 14:55:07,0.5015,0
10230,59,88,2026-02-07 14:55:45,0.1005,1
6512,44,91,2026-02-07 14:57:57,0.2727,0
8341,170,82,2026-02-07 15:09:55,0.193,1
6710,41,40,2026-02-07 15:22:46,0.8113,0
8843,93,102,2026-02-07 15:23:21,0.369,0
1999,16,21,2026-02-07 15:37:02,0.3282,0
7559,3,41,2026-02-07 15:55:54,0.1319,1
1878,54,18,2026-02-07 16:16:45,0.7938,0
1146,71,57,2026-02-07 16:17:42,0.0659,1
3125,161,63,2026-02-07 16:26:29,0.5627,0
10725,86,74,2026-02-07 16:41:09,0.0308,1
9080,165,92,2026-02-07 16:46:51,0.6041,0
1003,235,50,2026-02-07 17:00:03,0.586,0
8480,109,30,2026-02-07 17:02:20,0.5463,0
1891,112,119,2026-02-07 17:15:23,0.3183,0
1580,205,109,2026-02-07 17:37:22,0.201,1
8034,58,101,2026-02-07 17:43:51,0.3272,0
9940,3,42,2026-02-07 17:46:55,0.3232,0
9485,229,58,2026-02-07 18:04:10,0.7119,0
7283,227,32,2026-02-07 18:06:51,0.0,1
5625,116,25,2026-02-07 18:15:34,0.6106,0
6506,68,52,2026-02-07 18:16:33,0.5774,0
10381,16,81,2026-02-07 18:41:12,0.0041,1
3944,158,90,2026-02-07 18:42:36,0.631,0
3095,83,89,2026-02-07 19:15:55,0.3838,0
6430,46,102,2026-02-07 19:17:09,0.0529,1
2037,245,85,2026-02-07 19:20:54,0.1525,1
3914,85,14,2026-02-07 19:26:24,0.5028,0
5109,159,69,2026-02-07 19:31:57,0.8638,0
268,160,95,2026-02-07 19:44:14,0.1282,1
7217,11,18,2026-02-07 19:48:57,0.1179,1
7887,30,95,2026-02-07 19:56:37,0.4157,0
1312,127,4,2026-02-07 20:06:45,0.3586,0
7670,170,107,2026-02-07 20:22:24,0.1574,1
8302,132,31,2026-02-07 20:32:56,0.0379,1
9725,112,99,2026-02-07 20:39:14,0.2238,1
10975,118,43,2026-02-07 21:01:31,0.5907,0
5081,231,88,2026-02-07 21:26:35,0.1357,1
776,66,63,2026-02-07 21:27:21,0.5683,0
7185,164,9,2026-02-07 21:58:05,0.5692,0
8660,116,27,2026-02-07 21:58:09,0.0545,1
2551,120,92,2026-02-07 22:14:26,0.4218,0
11772,179,9,2026-02-07 22:23:24,0.6645,0
5127,194,59,2026-02-07 22:32:15,0.1559,1
4869,181,108,2026-02-07 22:44:21,0.0,1
6709,22,36,2026-02-07 22:49:51,0.9418,0
8497,123,44,2026-02-07 22:58:36,0.3482,0
2774,151,91,2026-02-07 23:00:46,0.9399,0
539,166,11,2026-02-07 23:27:41,0.0,1
1680,53,20,2026-02-07 23:52:06,0.0,1
10132,22,78,2026-02-07 23:52:13,1.0,0
6964,237,40,2026-02-07 23:57:20,0.456,0
9127,106,104,2026-02-08 00:11:04,0.474,0
7115,144,102,2026-02-08 00:39:11,0.2286,1
1620,38,63,2026-02-08 00:41:04,0.9434,0
3262,2,4,2026-02-08 00:42:35,0.5734,0
5022,54,96,2026-02-08 00:45:44,0.6339,0
4812,145,76,2026-02-08 00:45:57,0.5976,0
9290,11,22,2026-02-08 00:49:45,0.0,1
8463,117,64,2026-02-08 01:23:19,0.5153,0
4381,144,17,2026-02-08 01:24:44,0.3452,0
1784,113,84,2026-02-08 01:25:09,0.6049,0
4807,121,54,2026-02-08 01:28:22,0.0,1
11424,175,17,2026-02-08 01:52:11,0.3676,0
10362,122,28,2026-02-08 02:07:46,0.2498,1
3104,0,35,2026-02-08 02:08:39,0.2002,1
10181,88,90,2026-02-08 02:31:26,0.5319,0
8500,131,0,2026-02-08 02:47:11,0.2091,1
6985,175,68,2026-02-08 02:56:21,0.2379,1
11033,195,11,2026-02-08 03:02:26,0.3226,0
5788,232,92,2026-02-08 03:34:42,0.7172,0
3704,11,38,2026-02-08 04:12:14,0.336,0
4233,98,90,2026-02-08 04:21:59,0.9373,0
830,137,105,2026-02-08 04:27:15,0.2099,1
10030,221,119,2026-02-08 04:33:46,0.1624,1
2746,154,75,2026-02-08 04:36:25,0.6276,0
7147,19,111,2026-02-08 04:43:09,0.3152,0
2944,248,48,2026-02-08 04:51:29,0.2521,0
9235,148,5,2026-02-08 05:00:21,0.4103,0
9909,42,101,2026-02-08 05:15:02,0.3227,0
361,89,50,2026-02-08 05:47:00,0.6668,0
10039,29,20,2026-02-08 06:02:49,0.1515,1
2028,195,30,2026-02-08 06:08:09,0.1789,1
8494,156,96,2026-02-08 06:11:21,0.4461,0
5147,98,80,2026-02-08 06:23:16,0.6999,0
2504,118,46,2026-02-08 06:37:50,0.5022,0
1049,39,57,2026-02-08 06:38:16,0.5895,0
3316,114,12,2026-02-08 06:39:15,0.596,0
479,20,72,2026-02-08 06:41:06,0.8121,0
1457,184,118,2026-02-08 06:57:04,0.4325,0
8366,6,52,2026-02-08 06:57:05,0.6843,0
6398,9,62,2026-02-08 06:58:16,1.0,0
8419,161,43,2026-02-08 07:01:37,0.4356,0
9462,204,44,2026-02-08 07:21:10,0.4069,0
10957,96,15,2026-02-08 07:29:59,0.0,1
11002,240,90,2026-02-08 07:30:33,0.1821,1
182,165,99,2026-02-08 07:34:25,0.318,0
2135,213,13,2026-02-08 07:39:18,0.082,1
5224,146,102,2026-02-08 07:58:05,0.2695,0
11301,215,11,2026-02-08 07:58:17,0.0,1
8757,48,97,2026-02-08 07:59:01,0.6908,0
8645,21,22,2026-02-08 07:59:17,0.1126,1
10750,74,31,2026-02-08 08:00:56,0.6534,0
5473,186,0,2026-02-08 08:02:32,0.8807,0
9446,197,29,2026-02-08 08:07:27,1.0,0
8659,229,13,2026-02-08 08:10:49,0.1059,1
6638,232,116,2026-02-08 08:16:50,0.6401,0
11750,14,88,2026-02-08 08:43:03,0.0,1
7949,186,24,2026-02-08 08:49:58,0.1625,1
4703,27,93,2026-02-08 08:51:40,0.0194,1
150,23,42,2026-02-08 09:08:28,0.7074,0
2321,134,72,2026-02-08 09:57:27,0.5206,0
11234,206,82,2026-02-08 10:01:24,0.2609,0
4783,5,83,2026-02-08 10:19:02,1.0,0
11342,199,101,2026-02-08 10:41:28,0.3054,0
9887,21,110,2026-02-08 10:50:14,0.2748,0
936,125,30,2026-02-08 11:10:51,0.599,0
8919,159,32,2026-02-08 11:16:16,0.6179,0
11596,11,73,2026-02-08 11:19:57,1.0,0
4403,243,118,2026-02-08 11:23:46,0.4657,0
7814,43,68,2026-02-08 11:33:59,0.3256,0
5549,154,109,2026-02-08 11:40:56,0.4425,0
3712,6,92,2026-02-08 12:00:56,0.3839,0
1848,109,34,2026-02-08 12:03:01,0.6386,0
11415,149,62,2026-02-08 12:09:57,1.0,0
6483,34,10,2026-02-08 12:31:31,0.6846,0
6379,143,60,2026-02-08 12:34:44,0.0115,1
7689,162,108,2026-02-08 12:37:24,0.23,1
11334,51,12,2026-02-08 13:16:36,0.4702,0
1348,55,49,2026-02-08 14:46:21,0.7092,0
3967,50,39,2026-02-08 15:05:45,0.4569,0
7282,211,34,2026-02-08 15:37:10,0.6972,0
8676,182,111,2026-02-08 15:44:56,0.4813,0
5203,154,82,2026-02-08 15:50:15,0.1657,1
8759,157,19,2026-02-08 15:51:21,1.0,0
9879,238,66,2026-02-08 16:03:08,0.0251,1
11983,109,84,2026-02-08 16:19:02,0.645,0
3897,206,111,2026-02-08 16:29:29,0.2909,0
5617,91,65,2026-02-08 16:32:59,0.6479,0
10018,75,14,2026-02-08 16:44:35,0.7835,0
10990,234,100,2026-02-08 16:45:25,0.3407,0
4129,13,41,2026-02-08 16:53:05,0.2448,1
3150,209,99,2026-02-08 16:57:41,0.1141,1
7620,240,29,2026-02-08 17:13:16,0.4538,0
4202,36,59,2026-02-08 17:16:27,0.3933,0
9195,64,109,2026-02-08 17:16:44,0.7042,0
3446,4,54,2026-02-08 17:27:41,0.1218,1
2299,97,115,2026-02-08 17:40:32,0.3234,0
783,110,109,2026-02-08 17:45:53,0.2686,0
1865,172,94,2026-02-08 17:49:44,0.1087,1
1514,126,74,2026-02-08 18:05:44,0.0569,1
2656,167,13,2026-02-08 18:30:09,0.1683,1
6088,66,41,2026-02-08 18:45:57,0.3439,0
6741,5,95,2026-02-08 18:57:53,0.0,1
11632,153,8,2026-02-08 18:59:44,0.4514,0
7507,191,59,2026-02-08 19:19:51,0.502,0
7510,154,43,2026-02-08 19:20:31,0.3238,0
4227,0,0,2026-02-08 19:25:39,0.2642,0
3247,236,49,2026-02-08 19:46:32,0.255,0
10105,189,12,2026-02-08 20:44:53,0.8295,0
6578,228,45,2026-02-08 20:51:31,0.5933,0
11403,244,31,2026-02-08 20:59:35,0.4502,0
8449,66,19,2026-02-08 21:10:23,0.7206,0
3705,123,2,2026-02-08 21:13:48,0.2616,0
10229,160,11,2026-02-08 21:17:53,0.2633,0
11170,183,97,2026-02-08 21:19:58,0.1317,1
1485,228,102,2026-02-08 21:25:49,0.3128,0
7966,220,47,2026-02-08 21:51:41,0.3413,0
10519,70,115,2026-02-08 21:54:49,0.2704,0
2024,100,56,2026-02-08 22:03:27,0.1736,1
8998,238,92,2026-02-08 22:13:12,0.4883,0
8777,100,43,2026-02-08 22:16:38,0.6621,0
7834,105,52,2026-02-08 22:16:43,0.572,0
11708,242,98,2026-02-08 22:20:19,0.2589,0
11696,34,33,2026-02-08 22:21:38,0.7374,0
2676,233,87,2026-02-08 22:27:06,0.3979,0
3997,8,17,2026-02-08 22:40:44,0.2282,1
11489,208,5,2026-02-08 23:07:19,0.3493,0
3406,66,63,2026-02-08 23:16:23,0.4526,0
11172,50,18,2026-02-08 23:29:25,0.3193,0
11612,170,57,2026-02-08 23:32:46,0.0,1
3169,172,99,2026-02-08 23:47:20,0.4914,0
27,114,23,2026-02-08 23:52:18,0.3975,0
1879,72,50,2026-02-09 00:05:38,0.2707,0
4476,163,100,2026-02-09 00:12:50,0.2374,1
6685,20,18,2026-02-09 00:20:08,0.7289,0
894,156,28,2026-02-09 00:26:36,0.134,1
5870,150,78,2026-02-09 01:20:58,0.0604,1
11799,221,11,2026-02-09 01:25:37,0.0,1
2865,171,68,2026-02-09 01:28:48,0.4631,0
3852,162,99,2026-02-09 01:30:37,0.2195,1
2716,63,21,2026-02-09 01:45:04,0.5845,0
11749,127,106,2026-02-09 01:51:24,0.3489,0
8513,95,37,2026-02-09 01:53:00,0.1107,1
3789,247,3,2026-02-09 02:08:18,0.39,0
190,97,64,2026-02-09 02:19:47,0.3776,0
8216,215,91,2026-02-09 02:34:30,0.9452,0
9064,159,50,2026-02-09 02:38:04,0.3464,0
8383,141,86,2026-02-09 03:04:08,0.6853,0
10021,152,116,2026-02-09 03:04:23,0.1084,1
1805,67,91,2026-02-09 03:04:27,0.4133,0
6817,159,10,2026-02-09 03:12:39,0.6363,0
2530,134,60,2026-02-09 03:21:03,0.2899,0
2921,63,55,2026-02-09 03:24:03,0.3903,0
7109,164,52,2026-02-09 03:32:07,0.1431,1
11495,34,37,2026-02-09 03:32:16,0.0,1
2862,85,81,2026-02-09 03:50:38,0.7689,0
8231,61,56,2026-02-09 04:55:18,0.0056,1
10243,64,119,2026-02-09 05:09:58,0.4457,0
6107,196,42,2026-02-09 05:13:14,0.695,0
11178,121,38,2026-02-09 05:21:52,0.6099,0
510,186,10,2026-02-09 05:26:46,0.7142,0
9563,128,44,2026-02-09 05:27:36,0.9948,0
2201,228,111,2026-02-09 05:33:37,0.1609,1
7658,87,50,2026-02-09 05:38:51,0.9487,0
1422,208,41,2026-02-09 05:44:12,0.7791,0
4508,46,80,2026-02-09 05:56:41,0.3524,0
9137,44,57,2026-02-09 06:04:43,0.2798,0
6243,210,7,2026-02-09 06:08:16,0.452,0
8324,7,54,2026-02-09 06:09:14,0.0598,1
7897,211,61,2026-02-09 06:14:11,1.0,0
10743,51,36,2026-02-09 06:30:54,1.0,0
5308,143,73,2026-02-09 06:47:10,0.0,1
9626,0,119,2026-02-09 07:02:37,0.7399,0
6189,231,12,2026-02-09 07:05:23,0.3557,0
10251,100,51,2026-02-09 07:21:00,0.7514,0
9352,116,14,2026-02-09 07:21:54,0.2208,1
7522,187,38,2026-02-09 07:25:40,0.354,0
9497,126,30,2026-02-09 08:03:24,0.495,0
4236,143,28,2026-02-09 08:03:34,0.3706,0
3020,74,30,2026-02-09 08:09:59,0.1861,1
4350,200,68,2026-02-09 08:40:38,0.4193,0
10390,81,24,2026-02-09 08:41:03,0.5801,0
11678,166,15,2026-02-09 08:44:11,0.3043,0
3524,2,73,2026-02-09 08:49:23,0.0609,1
10304,132,86,2026-02-09 08:53:22,0.2915,0
5492,208,69,2026-02-09 08:53:48,0.4423,0
4702,203,20,2026-02-09 08:57:30,0.1141,1
5069,9,66,2026-02-09 09:09:40,0.3497,0
9515,118,71,2026-02-09 09:10:59,0.2844,0
9210,1,54,2026-02-09 09:34:46,0.0663,1
6846,146,73,2026-02-09 09:39:59,0.498,0
9995,154,0,2026-02-09 09:52:19,0.1829,1
4554,138,39,2026-02-09 09:52:48,0.3605,0
478,64,98,2026-02-09 10:16:34,0.4049,0
5173,242,95,2026-02-09 10:30:05,0.2755,0
7799,163,64,2026-02-09 10:30:42,0.3914,0
891,169,110,2026-02-09 10:31:57,0.524,0
3826,87,66,2026-02-09 10:37:58,0.1374,1
2119,116,42,2026-02-09 10:40:05,0.1805,1
3461,245,24,2026-02-09 10:55:56,0.1986,1
3880,10,50,2026-02-09 11:26:18,0.07,1
6994,233,118,2026-02-09 11:31:09,0.0,1
8592,65,106,2026-02-09 11:57:17,0.372,0
8954,138,48,2026-02-09 12:16:24,0.9676,0
853,64,78,2026-02-09 12:20:25,0.0,1
6284,239,11,2026-02-09 12:38:48,0.0963,1
215,226,110,2026-02-09 12:39:39,0.8868,0
4989,173,40,2026-02-09 12:41:06,0.5052,0
890,165,31,2026-02-09 12:43:54,0.0,1
710,68,110,2026-02-09 12:48:20,0.629,0
4333,220,102,2026-02-09 13:01:08,0.4548,0
564,215,53,2026-02-09 13:04:03,0.3437,0
5222,118,63,2026-02-09 13:06:51,0.099,1
2458,155,75,2026-02-09 13:09:55,0.4653,0
6538,23,19,2026-02-09 13:22:26,0.0,1
6233,92,38,2026-02-09 13:38:46,0.3509,0
11961,20,78,2026-02-09 13:44:32,0.0647,1
815,108,36,2026-02-09 13:56:11,0.3617,0
10224,174,77,2026-02-09 14:01:04,0.1524,1
517,203,23,2026-02-09 14:08:54,0.7524,0
3084,93,98,2026-02-09 14:10:10,0.5443,0
3224,222,29,2026-02-09 14:21:38,0.4176,0
1616,62,99,2026-02-09 14:28:26,0.795,0
10124,213,50,2026-02-09 14:30:18,0.4806,0
3684,224,0,2026-02-09 14:35:35,0.6522,0
8922,226,82,2026-02-09 14:46:53,0.5313,0
2916,152,15,2026-02-09 14:50:04,0.5263,0
10185,31,86,2026-02-09 14:51:00,0.6353,0
3492,18,29,2026-02-09 15:04:01,0.4676,0
9322,168,70,2026-02-09 15:13:40,0.9052,0
9418,50,81,2026-02-09 15:24:54,0.4129,0
9762,82,117,2026-02-09 15:24:57,0.485,0
5651,112,35,2026-02-09 15:25:36,0.218,1
2802,6,51,2026-02-09 15:26:45,0.0,1
735,209,21,2026-02-09 15:41:13,0.3069,0
7566,197,22,2026-02-09 15:56:15,0.528,0
8726,37,15,2026-02-09 16:01:51,0.176,1
11412,32,101,2026-02-09 16:05:46,1.0,0
878,154,39,2026-02-09 16:07:12,1.0,0
8227,145,63,2026-02-09 16:17:19,0.5829,0
10807,28,58,2026-02-09 16:32:15,0.1734,1
7098,1,108,2026-02-09 16:41:11,0.2463,1
6494,190,108,2026-02-09 16:47:27,0.5802,0
9394,219,91,2026-02-09 16:49:54,0.2634,0
4645,60,112,2026-02-09 17:21:34,0.4592,0
7156,232,37,2026-02-09 17:36:32,0.7686,0
7845,236,87,2026-02-09 17:47:46,0.6882,0
4732,89,29,2026-02-09 18:10:14,0.6172,0
391,176,66,2026-02-09 18:20:23,0.6099,0
1782,203,102,2026-02-09 18:27:22,0.0517,1
8423,13,21,2026-02-09 18:39:09,0.0,1
47,7,14,2026-02-09 18:43:12,0.4586,0
8255,143,31,2026-02-09 19:00:24,0.5771,0
5765,149,21,2026-02-09 19:11:32,1.0,0
4817,114,14,2026-02-09 19:25:11,0.3118,0
2377,205,97,2026-02-09 19:31:32,0.0614,1
5112,181,36,2026-02-09 19:39:59,0.5074,0
4063,212,13,2026-02-09 19:46:22,0.5824,0
3877,48,23,2026-02-09 19:47:25,0.5223,0
1929,150,107,2026-02-09 19:56:41,0.5684,0
3953,138,31,2026-02-09 19:59:05,0.1098,1
7654,5,22,2026-02-09 20:13:28,0.5696,0
3796,162,55,2026-02-09 20:19:33,0.4421,0
1945,238,0,2026-02-09 20:20:49,0.1237,1
304,140,74,2026-02-09 20:33:19,0.5947,0
9505,154,86,2026-02-09 20:35:59,0.3637,0
4076,26,36,2026-02-09 20:43:16,0.0848,1
1095,213,13,2026-02-09 20:46:44,0.6609,0
9061,73,23,2026-02-09 20:53:01,0.6607,0
5952,217,14,2026-02-09 21:13:37,0.7137,0
6599,187,83,2026-02-09 21:21:58,0.276,0
5290,4,15,2026-02-09 21:34:28,0.4846,0
8853,48,36,2026-02-09 21:40:54,0.2578,0
9748,120,60,2026-02-09 21:58:48,0.6226,0
8420,148,65,2026-02-09 22:10:00,0.4185,0
7450,92,18,2026-02-09 22:19:45,0.2676,0
2494,183,10,2026-02-09 22:28:04,0.3588,0
11790,123,8,2026-02-09 22:42:08,0.21,1
7655,10,111,2026-02-09 22:51:31,0.1438,1
3198,63,90,2026-02-09 22:54:05,0.6093,0
4563,97,99,2026-02-09 22:58:48,0.3055,0
11891,128,34,2026-02-09 23:15:51,0.3159,0
924,74,114,2026-02-09 23:19:32,0.2564,0
1604,200,67,2026-02-10 00:00:08,0.379,0
7175,180,81,2026-02-10 00:14:46,0.097,1
10327,106,79,2026-02-10 00:51:11,0.2553,0
3279,246,88,2026-02-10 01:00:34,0.0861,1
8747,201,2,2026-02-10 01:00:44,0.1745,1
4084,39,73,2026-02-10 01:22:48,0.1662,1
715,230,100,2026-02-10 01:37:11,0.3061,0
5989,9,60,2026-02-10 01:44:44,0.0928,1
10249,56,33,2026-02-10 01:46:56,0.7232,0
8105,44,104,2026-02-10 01:49:37,0.5081,0
2210,46,46,2026-02-10 01:49:51,0.5801,0
8369,246,51,2026-02-10 02:08:13,0.6482,0
11580,249,81,2026-02-10 02:14:23,0.7311,0
1000,79,105,2026-02-10 02:17:49,0.7741,0
5966,226,64,2026-02-10 02:22:02,0.3839,0
3183,50,85,2026-02-10 02:24:42,0.6514,0
8048,14,89,2026-02-10 02:33:55,0.1688,1
3188,131,20,2026-02-10 02:34:08,0.687,0
2301,225,102,2026-02-10 02:53:32,0.6212,0
3305,179,51,2026-02-10 03:01:02,0.6696,0
1013,14,107,2026-02-10 03:21:38,0.3796,0
6222,191,44,2026-02-10 03:24:11,0.1282,1
2111,142,103,2026-02-10 03:29:34,0.0589,1
5550,103,17,2026-02-10 03:32:16,0.7601,0
2293,221,59,2026-02-10 03:39:01,0.5663,0
4147,189,7,2026-02-10 03:40:46,0.3908,0
9628,40,67,2026-02-10 03:41:33,0.1819,1
11950,7,18,2026-02-10 03:53:30,0.6574,0
10732,8,116,2026-02-10 04:06:40,0.6806,0
10272,108,95,2026-02-10 04:14:35,0.2449,1
10751,212,111,2026-02-10 04:20:23,0.1602,1
3309,81,88,2026-02-10 04:31:46,0.4477,0
8835,218,118,2026-02-10 04:42:54,0.3148,0
4221,103,4,2026-02-10 05:04:13,0.4589,0
4891,127,9,2026-02-10 05:11:22,0.0834,1
1959,232,17,2026-02-10 05:11:31,0.1498,1
8460,151,112,2026-02-10 05:12:21,0.378,0
10270,161,59,2026-02-10 05:34:13,0.1477,1
1632,22,47,2026-02-10 05:38:05,0.0,1
5219,139,101,2026-02-10 05:45:51,0.3729,0
812,186,82,2026-02-10 06:01:39,0.0,1
4542,78,3,2026-02-10 06:07:57,0.5492,0
2078,127,93,2026-02-10 06:08:07,0.2277,1
1142,90,89,2026-02-10 06:09:49,0.5867,0
10879,205,1,2026-02-10 06:25:58,0.4709,0
3549,235,73,2026-02-10 06:55:01,0.3559,0
2771,162,48,2026-02-10 06:58:40,0.0761,1
4121,41,23,2026-02-10 07:02:09,0.167,1
1333,92,23,2026-02-10 07:11:06,0.0697,1
4136,151,34,2026-02-10 07:13:55,0.2832,0
11104,27,115,2026-02-10 07:17:01,0.4973,0
3271,162,111,2026-02-10 07:32:40,0.2676,0
8327,89,62,2026-02-10 08:18:20,0.6041,0
7882,72,4,2026-02-10 08:19:28,0.5235,0
3562,169,84,2026-02-10 08:28:32,0.6286,0
1775,75,53,2026-02-10 08:56:14,0.2266,1
9122,27,63,2026-02-10 09:12:47,0.138,1
9193,155,119,2026-02-10 09:13:00,0.698,0
8409,48,69,2026-02-10 09:48:17,0.7376,0
3728,123,95,2026-02-10 10:17:36,0.2942,0
11266,227,40,2026-02-10 10:22:46,0.6262,0
9936,185,78,2026-02-10 10:28:46,0.1328,1
3445,207,8,2026-02-10 10:35:06,0.4921,0
940,229,62,2026-02-10 11:22:42,0.756,0
5421,29,10,2026-02-10 11:24:37,0.0,1
320,219,119,2026-02-10 11:24:49,0.2044,1
8800,63,65,2026-02-10 11:32:45,0.0,1
1640,187,59,2026-02-10 11:48:17,0.4075,0
9267,66,64,2026-02-10 11:48:54,0.2629,0
11306,22,106,2026-02-10 11:59:45,1.0,0
11279,173,43,2026-02-10 12:05:40,0.3756,0
6143,134,12,2026-02-10 12:25:06,0.1191,1
5418,49,65,2026-02-10 12:28:55,0.3408,0
6567,139,37,2026-02-10 12:36:11,0.5387,0
2660,194,87,2026-02-10 12:39:35,0.3593,0
645,11,100,2026-02-10 12:46:16,0.3622,0
5513,29,26,2026-02-10 12:47:34,0.8314,0
3203,173,39,2026-02-10 12:51:16,0.6557,0
1647,0,87,2026-02-10 12:57:38,0.0756,1
5445,203,6,2026-02-10 13:17:25,0.596,0
1721,240,39,2026-02-10 13:20:56,0.1197,1
5874,196,96,2026-02-10 13:23:03,0.2991,0
5692,129,45,2026-02-10 13:24:42,0.0096,1
4173,39,73,2026-02-10 13:41:41,0.4393,0
2893,175,103,2026-02-10 13:55:23,0.7358,0
10911,181,46,2026-02-10 14:02:28,0.3562,0
9426,111,74,2026-02-10 14:20:32,0.2632,0
4685,173,108,2026-02-10 14:33:34,0.6592,0
3324,229,47,2026-02-10 15:23:33,0.6049,0
8166,129,66,2026-02-10 15:58:46,0.5807,0
8473,46,21,2026-02-10 16:02:47,0.0281,1
6861,109,83,2026-02-10 16:11:18,0.5596,0
3439,238,72,2026-02-10 16:34:36,0.4675,0
8730,169,26,2026-02-10 16:43:10,0.5822,0
372,69,76,2026-02-10 16:44:20,0.3939,0
9427,5,106,2026-02-10 17:01:06,0.4168,0
1380,104,111,2026-02-10 17:02:21,0.2873,0
9973,177,75,2026-02-10 17:13:36,0.6504,0
10275,127,103,2026-02-10 17:15:13,0.2424,1
11729,175,60,2026-02-10 17:28:14,0.4175,0
7678,147,87,2026-02-10 17:35:54,0.5666,0
909,96,103,2026-02-10 17:43:10,0.3797,0
11344,100,79,2026-02-10 17:51:56,0.1549,1
9405,212,83,2026-02-10 18:12:37,1.0,0
2849,224,51,2026-02-10 18:23:57,0.3389,0
566,154,18,2026-02-10 18:34:34,0.6433,0
10863,84,52,2026-02-10 18:40:14,0.3784,0
3895,200,118,2026-02-10 19:28:09,0.6802,0
2818,54,7,2026-02-10 19:47:55,0.494,0
8333,123,8,2026-02-10 19:57:01,0.2555,0
128,59,111,2026-02-10 20:11:11,0.0,1
5351,53,49,2026-02-10 20:21:42,0.4824,0
5955,169,17,2026-02-10 20:31:24,0.3841,0
7020,87,118,2026-02-10 20:32:49,0.0568,1
8840,166,89,2026-02-10 20:35:08,0.0584,1
7061,121,99,2026-02-10 20:44:17,0.1616,1
8532,172,68,2026-02-10 20:54:57,0.3994,0
9074,177,89,2026-02-10 21:02:09,0.7107,0
9258,165,79,2026-02-10 21:11:22,0.0918,1
4312,53,83,2026-02-10 21:17:33,0.4414,0
3079,214,59,2026-02-10 21:28:29,0.0574,1
7576,145,86,2026-02-10 21:33:01,0.12,1
9602,83,72,2026-02-10 21:59:50,0.4568,0
8528,229,88,2026-02-10 22:11:58,0.8776,0
6206,240,4,2026-02-10 22:24:18,0.4106,0
8714,203,49,2026-02-10 22:39:04,0.3597,0
8525,20,58,2026-02-10 22:42:34,0.3526,0
3761,39,111,2026-02-10 23:05:20,0.2608,0
1155,227,5,2026-02-10 23:08:53,0.3012,0
4717,243,29,2026-02-11 00:06:58,0.3095,0
370,114,98,2026-02-11 00:10:07,0.2258,1
10598,176,3,2026-02-11 00:20:56,0.589,0
101,18,96,2026-02-11 00:21:48,0.3584,0
7922,191,7,2026-02-11 00:22:03,0.3097,0
8970,199,82,2026-02-11 00:49:08,0.6555,0
7975,221,119,2026-02-11 00:53:31,0.2721,0
7786,2,7,2026-02-11 01:01:30,0.5362,0
11540,189,25,2026-02-11 01:04:18,0.8253,0
9919,35,39,2026-02-11 01:37:02,0.3346,0
8961,155,49,2026-02-11 01:44:49,0.5775,0
11935,205,43,2026-02-11 01:52:11,0.7405,0
7451,26,61,2026-02-11 02:07:12,0.2633,0
7558,154,111,2026-02-11 02:25:09,0.2965,0
3539,209,108,2026-02-11 02:31:51,0.2405,1
6358,7,15,2026-02-11 02:40:29,0.6111,0
1018,92,106,2026-02-11 02:42:34,0.172,1
2763,9,9,2026-02-11 02:53:27,0.0896,1
7,155,89,2026-02-11 03:11:21,0.5741,0
6630,111,108,2026-02-11 03:15:25,0.6146,0
877,106,55,2026-02-11 03:54:41,0.3828,0
9808,111,99,2026-02-11 04:20:34,0.2498,1
3333,209,108,2026-02-11 04:35:16,0.2371,1
5632,35,76,2026-02-11 04:36:19,0.4373,0
8303,151,2,2026-02-11 04:43:52,0.5797,0
6798,247,47,2026-02-11 04:46:27,0.6187,0
6120,47,105,2026-02-11 04:47:03,1.0,0
1057,157,108,2026-02-11 04:58:50,0.3764,0
9228,98,66,2026-02-11 05:01:30,0.806,0
9088,31,92,2026-02-11 05:08:28,0.4173,0
1076,17,112,2026-02-11 05:24:30,0.9908,0
4533,22,86,2026-02-11 05:48:43,0.5911,0
6973,241,73,2026-02-11 06:05:32,0.3504,0
4720,131,106,2026-02-11 06:26:33,0.3035,0
3009,92,47,2026-02-11 06:39:00,0.1965,1
10837,248,109,2026-02-11 07:01:02,0.2972,0
9050,48,56,2026-02-11 07:01:51,0.1276,1
8537,49,79,2026-02-11 07:04:28,0.5871,0
8470,242,34,2026-02-11 07:05:08,0.1833,1
5310,4,22,2026-02-11 07:07:14,0.4884,0
6563,50,74,2026-02-11 07:10:36,0.1524,1
957,212,10,2026-02-11 07:12:43,0.7526,0
8508,236,41,2026-02-11 07:16:32,0.3234,0
381,51,17,2026-02-11 07:18:14,0.6799,0
9531,95,27,2026-02-11 07:22:43,0.4411,0
8427,225,18,2026-02-11 07:49:01,0.1116,1
8241,151,15,2026-02-11 07:53:09,0.4022,0
6864,173,42,2026-02-11 07:56:42,0.0,1
11228,120,68,2026-02-11 08:11:47,0.2797,0
3548,79,7,2026-02-11 08:17:27,0.2551,0
233,124,16,2026-02-11 08:28:27,0.3567,0
3906,109,8,2026-02-11 08:30:13,0.3823,0
3740,2,0,2026-02-11 08:32:41,0.3607,0
10148,13,62,2026-02-11 08:33:02,0.272,0
3462,179,96,2026-02-11 08:58:53,0.8105,0
10115,125,36,2026-02-11 09:04:08,0.2962,0
3568,98,86,2026-02-11 09:10:32,0.3122,0
2643,241,88,2026-02-11 09:26:22,0.3064,0
5174,139,26,2026-02-11 09:32:39,0.5268,0
11732,147,18,2026-02-11 09:32:58,0.5698,0
5015,2,105,2026-02-11 09:34:13,0.6352,0
3506,10,83,2026-02-11 09:35:46,0.6418,0
2073,49,25,2026-02-11 09:37:25,0.5309,0
693,248,84,2026-02-11 09:47:51,0.1741,1
5027,41,47,2026-02-11 09:50:57,0.7363,0
750,32,1,2026-02-11 10:03:39,0.1264,1
1024,120,25,2026-02-11 10:05:36,1.0,0
5967,40,9,2026-02-11 10:12:37,0.6241,0
4555,164,10,2026-02-11 10:13:12,0.0,1
7255,157,67,2026-02-11 10:16:11,0.7815,0
4018,211,40,2026-02-11 10:25:52,0.0,1
11610,201,77,2026-02-11 10:31:24,0.5654,0
5151,148,78,2026-02-11 10:45:00,0.3608,0
80,163,115,2026-02-11 10:59:45,0.7017,0
4751,76,74,2026-02-11 11:01:29,0.0,1
10641,75,43,2026-02-11 11:16:03,0.2607,0
1126,192,66,2026-02-11 11:31:24,0.3234,0
2548,88,101,2026-02-11 11:50:10,0.1607,1
3349,185,31,2026-02-11 12:00:14,1.0,0
8719,60,42,2026-02-11 12:26:52,0.5495,0
3908,78,88,2026-02-11 12:35:18,0.6827,0
2042,152,111,2026-02-11 12:36:32,1.0,0
6217,20,58,2026-02-11 12:58:15,0.2842,0
5023,37,98,2026-02-11 12:59:31,0.5883,0
4827,106,113,2026-02-11 13:04:33,0.6411,0
3522,184,52,2026-02-11 13:06:40,0.4264,0
7248,81,30,2026-02-11 13:19:34,0.6629,0
11446,7,69,2026-02-11 13:23:55,0.6757,0
3714,148,60,2026-02-11 13:24:56,0.0,1
9238,101,56,2026-02-11 13:26:28,0.6812,0
2173,229,45,2026-02-11 13:28:57,0.1314,1
2837,143,97,2026-02-11 13:29:53,0.0,1
11972,192,47,2026-02-11 13:36:25,0.1567,1
10596,232,112,2026-02-11 13:40:16,0.451,0
8412,214,14,2026-02-11 13:40:25,0.6534,0
979,170,71,2026-02-11 13:42:26,0.6624,0
10323,184,86,2026-02-11 13:47:09,0.0813,1
3902,75,111,2026-02-11 13:50:20,0.4504,0
1557,98,15,2026-02-11 13:59:12,0.0098,1
6044,232,28,2026-02-11 14:02:31,0.9656,0
10849,0,85,2026-02-11 14:10:30,0.4812,0
2239,132,99,2026-02-11 14:21:26,0.0754,1
2056,244,18,2026-02-11 14:27:07,0.5263,0
4133,34,92,2026-02-11 14:52:49,0.4677,0
3898,202,5,2026-02-11 15:09:35,0.465,0
9324,97,14,2026-02-11 15:09:45,0.1562,1
11119,103,81,2026-02-11 15:10:04,0.2994,0
6359,190,37,2026-02-11 15:12:36,0.1198,1
71,111,36,2026-02-11 15:18:29,0.4195,0
6197,44,11,2026-02-11 15:29:45,0.6351,0
10540,88,73,2026-02-11 15:30:51,0.172,1
7525,60,10,2026-02-11 15:34:37,0.1788,1
5016,167,28,2026-02-11 15:36:55,0.4839,0
4593,43,28,2026-02-11 15:37:57,0.1312,1
8159,75,82,2026-02-11 15:40:01,0.4962,0
690,72,92,2026-02-11 15:44:37,0.3765,0
2898,90,16,2026-02-11 15:52:34,0.6471,0
11130,1,27,2026-02-11 15:53:34,0.8263,0
4285,142,23,2026-02-11 16:06:31,0.2431,1
11704,73,20,2026-02-11 16:42:54,0.4546,0
7027,38,2,2026-02-11 16:44:55,0.8208,0
4862,189,35,2026-02-11 17:12:48,0.2212,1
11567,129,74,2026-02-11 19:01:21,0.0547,1
10012,145,24,2026-02-11 19:29:45,0.2875,0
8704,54,50,2026-02-11 19:59:25,0.1009,1
1589,176,22,2026-02-11 20:20:27,0.0423,1
2597,192,27,2026-02-11 20:28:27,0.4848,0
2555,9,21,2026-02-11 20:33:42,0.7826,0
186,47,88,2026-02-11 20:54:39,0.3401,0
3614,66,102,2026-02-11 21:02:50,0.1672,1
5540,180,23,2026-02-11 21:19:56,0.8575,0
9004,173,33,2026-02-11 21:35:33,0.3188,0
4020,37,21,2026-02-11 21:41:29,0.0862,1
7538,76,13,2026-02-11 21:44:54,0.0602,1
8505,228,28,2026-02-11 21:50:01,0.3746,0
10449,46,98,2026-02-11 21:59:00,0.2078,1
9344,26,82,2026-02-11 22:01:54,0.4751,0
11157,37,111,2026-02-11 22:29:30,0.4609,0
1552,83,99,2026-02-11 22:30:04,0.2994,0
124,157,34,2026-02-11 22:48:17,0.2479,1
2955,163,93,2026-02-11 23:10:37,0.5151,0
1208,60,13,2026-02-11 23:12:35,0.7404,0
10675,215,51,2026-02-11 23:14:58,0.535,0
3388,133,9,2026-02-11 23:25:01,0.9057,0
7454,233,97,2026-02-11 23:30:14,0.3115,0
663,182,37,2026-02-11 23:31:42,0.3911,0
2594,5,88,2026-02-11 23:38:34,0.5703,0
6703,214,27,2026-02-11 23:55:54,0.3151,0
1436,209,1,2026-02-12 00:07:24,0.3921,0
5992,156,91,2026-02-12 00:29:40,0.1143,1
2238,85,63,2026-02-12 00:38:21,0.1532,1
11394,108,59,2026-02-12 00:47:43,0.0342,1
4470,57,91,2026-02-12 01:28:55,0.0448,1
9889,197,117,2026-02-12 01:33:40,0.333,0
10129,132,98,2026-02-12 01:34:53,0.323,0
8763,43,90,2026-02-12 01:35:09,0.2815,0
5332,48,33,2026-02-12 01:37:16,0.2598,0
8146,113,60,2026-02-12 01:56:58,0.7564,0
2,5,49,2026-02-12 02:34:05,0.406,0
11083,113,78,2026-02-12 02:42:58,0.2957,0
2453,184,117,2026-02-12 02:43:57,0.6452,0
7070,15,19,2026-02-12 02:54:43,0.3457,0
5001,31,88,2026-02-12 03:00:22,0.8583,0
4730,83,66,2026-02-12 03:04:54,0.2625,0
4691,160,74,2026-02-12 03:09:41,1.0,0
7387,43,2,2026-02-12 03:13:56,0.1354,1
6175,230,76,2026-02-12 03:31:24,0.1195,1
9355,75,32,2026-02-12 03:32:56,0.4738,0
10365,200,94,2026-02-12 03:38:30,0.1581,1
8030,195,81,2026-02-12 03:54:38,0.1485,1
6672,211,73,2026-02-12 04:03:47,0.679,0
3068,114,112,2026-02-12 04:04:19,0.6078,0
8728,137,55,2026-02-12 04:20:40,0.5297,0
5861,211,75,2026-02-12 04:53:28,0.416,0
3901,104,63,2026-02-12 05:07:14,0.2453,1
10903,193,31,2026-02-12 05:36:39,0.2369,1
7332,102,60,2026-02-12 06:05:32,0.6414,0
3219,158,109,2026-02-12 06:08:36,0.1648,1
11621,201,45,2026-02-12 06:15:42,0.4464,0
6818,236,31,2026-02-12 06:16:37,0.6902,0
6809,34,35,2026-02-12 06:22:58,0.7906,0
4903,65,55,2026-02-12 06:27:17,0.4767,0
11601,75,43,2026-02-12 06:31:30,0.3534,0
7895,120,51,2026-02-12 06:44:34,0.6656,0
590,173,18,2026-02-12 07:02:20,0.6839,0
477,195,6,2026-02-12 07:24:50,0.2054,1
6550,96,30,2026-02-12 07:31:47,0.5064,0
10385,75,86,2026-02-12 07:35:55,0.1751,1
4628,90,81,2026-02-12 07:46:24,0.3017,0
4344,208,3,2026-02-12 07:46:57,0.5753,0
6706,60,97,2026-02-12 07:49:50,0.807,0
11313,214,39,2026-02-12 07:51:57,0.2276,1
9632,143,62,2026-02-12 08:04:34,0.4068,0
3082,225,54,2026-02-12 08:07:29,0.2253,1
4331,225,6,2026-02-12 08:30:05,0.0,1
7366,82,19,2026-02-12 08:37:29,0.3291,0
1377,87,45,2026-02-12 08:46:03,0.5917,0
1206,178,65,2026-02-12 09:29:47,0.6145,0
8569,63,28,2026-02-12 09:31:14,0.1203,1
10218,246,113,2026-02-12 09:41:07,0.476,0
11423,85,13,2026-02-12 09:58:34,0.5496,0
5825,96,46,2026-02-12 10:02:17,0.5409,0
3982,171,66,2026-02-12 10:04:32,0.0445,1
4718,211,16,2026-02-12 10:10:59,0.4093,0
2032,87,89,2026-02-12 10:13:36,0.0,1
11649,114,102,2026-02-12 10:14:08,0.3916,0
8285,48,88,2026-02-12 10:15:58,0.5468,0
1274,80,15,2026-02-12 10:28:19,0.3884,0
1615,226,95,2026-02-12 10:57:22,0.3832,0
3937,221,95,2026-02-12 11:26:27,0.5371,0
5149,48,63,2026-02-12 11:42:37,0.2808,0
2832,25,92,2026-02-12 12:10:13,0.6393,0
1269,242,32,2026-02-12 12:19:46,0.7322,0
11788,127,12,2026-02-12 12:29:51,0.3821,0
592,24,100,2026-02-12 12:31:38,0.6111,0
8213,188,7,2026-02-12 12:59:44,0.16,1
11985,222,43,2026-02-12 13:07:02,0.7207,0
37,46,17,2026-02-12 13:27:25,0.358,0
9662,170,102,2026-02-12 13:28:54,0.6815,0
6866,35,100,2026-02-12 13:37:46,0.4205,0
11074,137,37,2026-02-12 13:47:38,0.0218,1
6312,211,89,2026-02-12 13:49:15,0.6879,0
455,108,10,2026-02-12 13:57:48,0.3514,0
5619,107,67,2026-02-12 14:00:23,0.4152,0
4167,182,86,2026-02-12 14:27:17,0.2422,1
6290,11,8,2026-02-12 14:47:08,0.7127,0
3170,110,88,2026-02-12 14:48:53,0.6696,0
9584,235,61,2026-02-12 15:06:26,0.9556,0
2842,172,41,2026-02-12 15:12:39,0.3599,0
211,179,100,2026-02-12 15:14:38,0.8975,0
1639,222,75,2026-02-12 15:19:35,0.2513,0
9084,18,30,2026-02-12 15:23:23,0.3996,0
7072,211,67,2026-02-12 15:25:26,0.9293,0
1806,29,12,2026-02-12 15:35:59,0.3345,0
1738,9,33,2026-02-12 15:37:11,0.0705,1
11223,122,62,2026-02-12 15:41:29,0.7267,0
11325,128,26,2026-02-12 16:16:39,0.0,1
7512,201,111,2026-02-12 16:22:09,0.9888,0
4045,83,53,2026-02-12 16:24:36,0.5514,0
4573,200,103,2026-02-12 16:25:30,0.5518,0
1335,177,103,2026-02-12 16:31:31,0.5246,0
9614,149,32,2026-02-12 16:33:38,0.6824,0
4520,193,100,2026-02-12 16:38:45,0.4151,0
4615,101,6,2026-02-12 16:42:11,0.4756,0
5951,81,117,2026-02-12 17:13:07,0.5212,0
11050,21,65,2026-02-12 17:26:42,0.7465,0
9119,193,8,2026-02-12 17:29:35,0.6172,0
11946,130,32,2026-02-12 17:43:51,0.7208,0
4654,194,104,2026-02-12 17:55:47,0.8316,0
9146,166,48,2026-02-12 17:58:18,0.8307,0
3368,171,80,2026-02-12 17:59:35,0.1799,1
1863,95,16,2026-02-12 18:01:36,0.0,1
6215,175,69,2026-02-12 18:02:46,0.4389,0
3871,94,32,2026-02-12 18:07:52,0.3623,0
9998,130,40,2026-02-12 18:13:50,0.3861,0
10821,68,76,2026-02-12 18:31:44,0.1432,1
8197,238,15,2026-02-12 18:35:20,0.2407,1
10748,232,35,2026-02-12 18:51:34,0.7072,0
2651,150,15,2026-02-12 18:51:42,0.3202,0
3835,187,96,2026-02-12 18:51:57,0.4411,0
934,157,73,2026-02-12 19:12:48,0.4094,0
6501,138,67,2026-02-12 19:12:52,0.2871,0
1106,54,58,2026-02-12 19:24:46,0.3717,0
7536,207,90,2026-02-12 19:30:49,0.1904,1
10234,138,90,2026-02-12 19:33:35,0.7805,0
8063,173,81,2026-02-12 19:53:05,0.0105,1
11275,196,86,2026-02-12 19:56:58,0.3569,0
6287,12,60,2026-02-12 20:01:19,0.7982,0
11286,233,41,2026-02-12 20:34:54,0.0995,1
5328,43,86,2026-02-12 20:47:37,0.6538,0
11550,11,103,2026-02-12 20:52:01,0.5978,0
2127,196,106,2026-02-12 20:59:10,0.2759,0
11934,40,23,2026-02-12 21:02:16,0.4495,0
5048,43,67,2026-02-12 21:18:10,0.493,0
8393,153,38,2026-02-12 21:39:06,0.3265,0
462,23,54,2026-02-12 21:43:30,0.4366,0
3607,166,118,2026-02-12 22:02:12,0.663,0
10939,53,34,2026-02-12 22:27:47,0.4609,0
1407,152,19,2026-02-12 22:29:40,0.2162,1
8986,151,84,2026-02-12 22:39:09,0.0,1
2106,205,62,2026-02-12 22:58:55,0.0299,1
3194,104,93,2026-02-12 23:08:47,0.5082,0
5654,18,58,2026-02-12 23:29:28,0.0,1
1237,94,71,2026-02-12 23:32:15,0.4675,0
2719,137,56,2026-02-12 23:45:09,0.0598,1
10314,11,73,2026-02-12 23:59:43,0.449,0
4070,237,39,2026-02-13 00:23:55,0.8161,0
133,51,104,2026-02-13 00:29:22,0.6991,0
2164,81,96,2026-02-13 00:46:08,0.5769,0
9374,157,62,2026-02-13 00:57:32,0.1388,1
1537,157,19,2026-02-13 00:58:54,0.696,0
11353,248,3,2026-02-13 01:04:40,0.3273,0
6455,61,61,2026-02-13 01:10:57,0.7222,0
4956,85,67,2026-02-13 01:22:51,0.9764,0
3582,203,87,2026-02-13 01:28:22,0.0112,1
3078,199,72,2026-02-13 02:01:20,0.2479,1
8552,176,78,2026-02-13 02:07:29,0.4294,0
10069,192,14,2026-02-13 02:10:24,0.15,1
7673,71,23,2026-02-13 02:38:08,0.373,0
775,161,57,2026-02-13 02:46:46,0.3723,0
4701,57,70,2026-02-13 02:48:08,0.4399,0
782,49,51,2026-02-13 02:53:17,1.0,0
1109,82,49,2026-02-13 03:09:19,0.4591,0
3842,190,49,2026-02-13 03:11:48,0.0,1
7136,201,18,2026-02-13 03:17:58,0.3149,0
3212,5,24,2026-02-13 03:23:23,0.4951,0
9021,27,80,2026-02-13 03:59:16,0.2006,1
10810,196,49,2026-02-13 04:01:17,0.5185,0
5044,141,37,2026-02-13 04:08:25,0.0,1
605,164,27,2026-02-13 04:19:31,0.1807,1
2155,136,38,2026-02-13 04:41:30,0.6006,0
10284,123,30,2026-02-13 04:54:59,0.6077,0
6777,179,53,2026-02-13 05:28:35,0.6561,0
6690,97,58,2026-02-13 05:44:08,0.2391,1
2877,34,10,2026-02-13 05:45:15,0.5108,0
10987,126,90,2026-02-13 05:47:13,0.5663,0
1859,201,117,2026-02-13 06:04:53,0.3514,0
9812,219,2,2026-02-13 06:05:05,0.6766,0
5180,16,72,2026-02-13 06:09:42,0.7754,0
3886,53,39,2026-02-13 06:19:47,1.0,0
4269,107,110,2026-02-13 06:34:10,0.5136,0
7712,51,61,2026-02-13 06:35:46,0.4238,0
11525,107,80,2026-02-13 06:50:50,0.5008,0
2407,8,108,2026-02-13 06:55:57,0.3171,0
7972,239,24,2026-02-13 07:07:29,0.4333,0
9077,42,73,2026-02-13 07:17:12,0.3124,0
9307,30,14,2026-02-13 07:28:34,0.6863,0
2510,97,4,2026-02-13 07:29:18,0.8847,0
11370,234,72,2026-02-13 07:31:57,0.5628,0
535,122,85,2026-02-13 07:39:06,0.3338,0
5213,213,9,2026-02-13 07:43:16,0.2232,1
3671,48,78,2026-02-13 07:59:19,0.0259,1
1363,129,103,2026-02-13 08:06:41,0.2161,1
7697,27,65,2026-02-13 08:17:44,0.6116,0
7317,159,72,2026-02-13 08:30:37,0.3621,0
3521,62,111,2026-02-13 08:35:16,0.4741,0
6766,80,67,2026-02-13 08:41:52,0.2603,0
1895,32,11,2026-02-13 08:43:41,0.1324,1
331,193,73,2026-02-13 08:48:58,0.0546,1
6351,69,38,2026-02-13 08:56:33,0.7808,0
4396,209,68,2026-02-13 09:03:49,0.4663,0
8579,99,59,2026-02-13 09:10:31,0.101,1
11658,125,64,2026-02-13 09:15:59,0.7049,0
8663,15,51,2026-02-13 09:20:32,0.7324,0
10414,190,99,2026-02-13 09:55:08,0.5875,0
5996,184,99,2026-02-13 09:55:53,0.4063,0
2113,72,38,2026-02-13 10:09:46,0.2464,1
6014,234,29,2026-02-13 10:16:33,0.1734,1
11881,204,38,2026-02-13 10:39:53,0.6129,0
4867,44,98,2026-02-13 11:03:04,0.154,1
395,164,93,2026-02-13 11:18:54,0.3445,0
2225,19,19,2026-02-13 11:25:27,0.6136,0
11069,245,12,2026-02-13 11:31:48,0.5471,0
9343,157,55,2026-02-13 12:18:26,0.6323,0
8880,43,76,2026-02-13 12:19:49,0.0296,1
1193,96,110,2026-02-13 12:35:48,0.3121,0
9990,48,53,2026-02-13 12:52:33,0.2255,1
2017,123,117,2026-02-13 13:15:35,0.2919,0
2766,33,69,2026-02-13 13:16:21,0.517,0
2844,34,67,2026-02-13 13:17:21,0.3451,0
7285,124,39,2026-02-13 13:24:43,0.5295,0
7900,65,41,2026-02-13 13:37:41,0.7464,0
4122,120,83,2026-02-13 13:48:20,0.5553,0
968,221,93,2026-02-13 14:12:22,0.5586,0
2910,22,10,2026-02-13 14:38:52,0.3237,0
7651,181,31,2026-02-13 14:38:57,0.3836,0
9622,141,110,2026-02-13 14:51:04,0.0,1
8156,5,61,2026-02-13 14:54:19,0.4289,0
4391,124,101,2026-02-13 15:10:05,0.0,1
11730,95,85,2026-02-13 15:15:15,0.3471,0
11826,34,2,2026-02-13 15:30:09,0.668,0
6055,33,94,2026-02-13 15:39:57,0.0802,1
1352,207,78,2026-02-13 15:40:30,0.5406,0
1225,47,19,2026-02-13 15:56:49,0.7777,0
10602,19,92,2026-02-13 16:02:15,0.4031,0
2365,195,16,2026-02-13 16:05:47,0.7772,0
908,13,0,2026-02-13 16:11:57,0.3669,0
1084,62,68,2026-02-13 16:22:58,0.0,1
8069,174,82,2026-02-13 16:36:53,0.4998,0
2512,183,67,2026-02-13 16:46:34,0.9738,0
10692,192,57,2026-02-13 16:50:20,0.6035,0
3,179,44,2026-02-13 16:51:20,0.8852,0
9796,159,43,2026-02-13 17:10:34,0.6522,0
3295,22,54,2026-02-13 17:28:07,0.0439,1
5791,116,26,2026-02-13 17:47:40,0.257,0
3263,138,91,2026-02-13 17:51:21,0.8588,0
928,43,63,2026-02-13 18:01:19,0.9565,0
2583,120,52,2026-02-13 18:09:10,0.1747,1
5836,63,84,2026-02-13 18:13:15,0.5425,0
11307,158,56,2026-02-13 18:14:01,0.6057,0
8379,181,70,2026-02-13 18:15:58,0.3755,0
1778,62,101,2026-02-13 18:21:47,0.4637,0
10461,187,56,2026-02-13 18:46:26,0.6914,0
2917,176,24,2026-02-13 18:55:13,0.8038,0
616,145,73,2026-02-13 19:01:07,0.1436,1
2886,238,20,2026-02-13 19:07:55,0.9019,0
10364,47,46,2026-02-13 19:15:41,0.2158,1
4437,208,107,2026-02-13 19:26:40,0.414,0
6808,249,46,2026-02-13 19:28:07,0.7277,0
2734,167,84,2026-02-13 19:35:49,0.7393,0
2189,184,70,2026-02-13 19:39:12,0.1887,1
4995,194,18,2026-02-13 19:48:29,0.0,1
189,14,102,2026-02-13 20:02:30,0.2694,0
7145,131,33,2026-02-13 20:17:05,0.1168,1
1502,4,72,2026-02-13 20:22:35,0.2535,0
6598,150,65,2026-02-13 20:38:12,0.224,1
7592,172,71,2026-02-13 20:57:52,0.3958,0
823,61,84,2026-02-13 21:02:07,0.4146,0
152,112,23,2026-02-13 21:18:41,0.0618,1
10914,24,75,2026-02-13 21:42:01,0.2442,1
6518,121,12,2026-02-13 21:58:57,0.2156,1
6648,21,55,2026-02-13 22:01:27,0.6138,0
3677,103,29,2026-02-13 22:21:34,0.9626,0
6873,183,33,2026-02-13 22:27:58,0.495,0
3495,17,93,2026-02-13 22:34:53,0.647,0
4289,118,59,2026-02-13 22:37:12,0.6281,0
9164,128,10,2026-02-13 22:42:34,0.7162,0
11905,187,22,2026-02-13 23:11:14,0.3939,0
6569,56,116,2026-02-13 23:14:34,0.1228,1
11782,148,84,2026-02-13 23:18:55,0.5196,0
4230,248,118,2026-02-13 23:26:16,0.3524,0
4387,102,16,2026-02-13 23:31:02,0.5165,0
5336,183,49,2026-02-13 23:35:16,0.8444,0
643,235,37,2026-02-13 23:40:09,0.7833,0
4461,206,12,2026-02-13 23:42:24,0.0907,1
8739,192,30,2026-02-13 23:49:22,0.6219,0
3749,220,6,2026-02-13 23:54:35,0.0301,1
7830,112,52,2026-02-14 00:09:07,0.5006,0
9719,152,29,2026-02-14 00:26:45,0.7259,0
6273,70,52,2026-02-14 00:31:16,0.0684,1
8526,57,34,2026-02-14 00:33:06,0.739,0
4871,234,105,2026-02-14 00:39:00,0.2822,0
10113,19,35,2026-02-14 00:48:31,0.3563,0
8802,35,8,2026-02-14 01:03:16,0.3817,0
2086,213,100,2026-02-14 01:19:50,0.5273,0
5754,123,16,2026-02-14 01:46:14,0.5361,0
8087,15,66,2026-02-14 02:01:17,0.2006,1
7308,127,52,2026-02-14 02:07:28,0.4092,0
4901,119,51,2026-02-14 02:28:44,0.3692,0
50,130,111,2026-02-14 02:45:31,0.2819,0
6005,152,103,2026-02-14 02:48:59,0.2965,0
4015,28,86,2026-02-14 02:49:28,0.1374,1
11216,211,20,2026-02-14 02:53:08,0.3189,0
9368,193,110,2026-02-14 03:10:44,0.5084,0
4652,70,81,2026-02-14 03:12:33,0.3007,0
8278,87,98,2026-02-14 03:24:17,0.6307,0
7375,164,13,2026-02-14 03:27:41,0.3699,0
7239,56,2,2026-02-14 03:34:18,0.2755,0
9272,246,53,2026-02-14 03:35:16,0.4643,0
5405,149,112,2026-02-14 03:48:38,0.6482,0
2191,179,43,2026-02-14 03:49:28,0.1919,1
4526,74,102,2026-02-14 03:53:08,0.3779,0
11999,155,23,2026-02-14 04:09:36,0.0469,1
5948,52,55,2026-02-14 04:35:59,0.5246,0
8815,154,87,2026-02-14 04:49:28,0.4266,0
7818,28,18,2026-02-14 05:01:54,0.6491,0
1899,77,117,2026-02-14 05:19:06,0.5546,0
4442,74,63,2026-02-14 05:24:46,0.4967,0
9922,128,9,2026-02-14 05:31:19,1.0,0
10929,208,21,2026-02-14 05:56:02,0.128,1
9300,21,81,2026-02-14 06:02:46,1.0,0
10729,163,54,2026-02-14 06:18:46,0.0396,1
1291,123,73,2026-02-14 06:20:27,0.1112,1
11169,55,89,2026-02-14 06:34:25,0.3678,0
7413,125,79,2026-02-14 07:01:08,1.0,0
1823,119,26,2026-02-14 07:30:34,0.2744,0
5106,9,30,2026-02-14 07:33:05,0.4046,0
8189,245,84,2026-02-14 08:02:20,0.6949,0
10371,42,17,2026-02-14 08:36:12,0.24,1
3921,145,111,2026-02-14 08:40:58,0.0825,1
4198,144,37,2026-02-14 08:42:20,0.4774,0
5986,144,83,2026-02-14 09:11:52,0.0236,1
5827,139,30,2026-02-14 09:13:35,0.1081,1
7369,231,56,2026-02-14 09:42:09,0.3447,0
1690,202,107,2026-02-14 09:50:47,0.3757,0
10099,185,85,2026-02-14 10:02:30,0.543,0
3782,188,109,2026-02-14 10:18:02,0.4548,0
10798,233,88,2026-02-14 10:18:40,0.739,0
8266,99,2,2026-02-14 10:21:02,0.8043,0
2031,93,67,2026-02-14 10:23:11,0.6489,0
1971,125,47,2026-02-14 10:43:42,0.2442,1
10233,246,73,2026-02-14 10:45:13,0.5462,0
2097,93,81,2026-02-14 11:17:29,0.4543,0
10276,126,42,2026-02-14 11:21:51,0.638,0
1435,173,5,2026-02-14 11:23:46,0.0,1
699,112,1,2026-02-14 11:24:22,0.0,1
9015,17,87,2026-02-14 11:32:55,0.6922,0
4451,171,81,2026-02-14 12:06:22,0.4781,0
2612,111,96,2026-02-14 12:32:52,0.531,0
7347,129,84,2026-02-14 12:39:55,0.2081,1
3958,229,5,2026-02-14 13:17:25,0.9349,0
11887,20,64,2026-02-14 13:21:10,0.5311,0
4037,148,22,2026-02-14 13:52:26,0.6552,0
11705,132,34,2026-02-14 14:03:32,0.1923,1
6867,148,38,2026-02-14 14:04:24,0.7645,0
4222,215,8,2026-02-14 14:08:27,0.6089,0
3027,27,115,2026-02-14 14:08:57,0.0,1
7603,208,26,2026-02-14 14:10:14,0.3559,0
5011,126,113,2026-02-14 14:10:37,0.6269,0
11856,72,24,2026-02-14 14:49:15,0.659,0
4612,134,22,2026-02-14 15:01:07,0.5892,0
8650,9,90,2026-02-14 15:02:41,0.2559,0
6605,127,89,2026-02-14 15:16:54,0.2561,0
6297,153,29,2026-02-14 15:50:34,0.4803,0
4355,121,57,2026-02-14 16:03:11,0.4329,0
7389,88,50,2026-02-14 16:58:51,0.6336,0
1834,207,54,2026-02-14 17:06:06,0.3746,0
8413,233,91,2026-02-14 17:07:07,0.5073,0
4064,40,70,2026-02-14 17:11:59,0.3676,0
10130,143,11,2026-02-14 17:13:26,0.66,0
2092,23,56,2026-02-14 17:17:11,0.1047,1
6621,40,97,2026-02-14 17:20:43,0.3023,0
7279,96,86,2026-02-14 17:23:59,0.3117,0
10307,126,99,2026-02-14 17:27:23,0.4262,0
9512,66,45,2026-02-14 17:48:46,0.4521,0
2867,181,119,2026-02-14 18:09:01,0.0894,1
4802,120,104,2026-02-14 18:10:44,0.1635,1
9482,95,101,2026-02-14 18:34:03,0.5419,0
2318,89,76,2026-02-14 18:35:33,0.6028,0
1173,145,68,2026-02-14 18:37:53,0.2449,1
8160,197,84,2026-02-14 18:41:06,0.4428,0
9576,248,82,2026-02-14 18:58:19,0.2073,1
6061,185,89,2026-02-14 19:03:48,0.4486,0
3664,44,51,2026-02-14 19:19:38,0.221,1
2415,54,14,2026-02-14 19:33:59,0.3932,0
829,98,74,2026-02-14 19:49:05,0.5896,0
8607,248,34,2026-02-14 20:16:52,0.0,1
3566,203,62,2026-02-14 20:29:22,0.3527,0
6057,27,70,2026-02-14 20:30:37,0.4035,0
8198,150,4,2026-02-14 20:39:23,0.6246,0
3337,120,90,2026-02-14 20:52:12,0.4534,0
2304,242,111,2026-02-14 21:02:59,0.4063,0
10498,63,44,2026-02-14 21:06:16,0.6405,0
6744,71,64,2026-02-14 21:09:40,0.751,0
8768,66,110,2026-02-14 21:16:51,0.2808,0
10466,193,54,2026-02-14 21:25:29,0.0273,1
6719,149,39,2026-02-14 21:26:38,0.3886,0
8188,207,70,2026-02-14 21:32:45,0.2638,0
4546,135,12,2026-02-14 21:33:58,0.8749,0
2740,219,64,2026-02-14 21:59:39,0.7643,0
9118,211,66,2026-02-14 22:00:05,0.7865,0
11880,46,29,2026-02-14 22:00:58,0.2976,0
6200,47,100,2026-02-14 22:19:58,0.7202,0
8164,58,59,2026-02-14 22:30:38,0.3162,0
2338,29,87,2026-02-14 22:32:58,0.2345,1
11988,136,119,2026-02-14 22:34:32,0.0915,1
8764,180,25,2026-02-14 22:49:24,0.3466,0
2521,163,68,2026-02-14 23:04:50,0.0,1
6148,151,23,2026-02-14 23:29:03,0.6914,0
6082,226,117,2026-02-14 23:33:59,0.1124,1
8672,156,65,2026-02-14 23:48:44,0.4211,0
635,144,110,2026-02-15 00:02:38,0.3202,0
4145,62,95,2026-02-15 00:02:46,0.9058,0
3513,90,54,2026-02-15 00:55:02,0.4372,0
9200,127,114,2026-02-15 01:04:43,0.7982,0
1948,31,102,2026-02-15 01:14:47,0.2345,1
4818,55,98,2026-02-15 02:26:20,0.6601,0
3487,1,2,2026-02-15 02:32:39,0.3884,0
9514,243,29,2026-02-15 02:53:46,0.7162,0
7257,13,7,2026-02-15 03:44:29,0.187,1
7801,202,110,2026-02-15 03:44:41,0.0903,1
902,122,111,2026-02-15 03:50:42,0.5974,0
8229,246,82,2026-02-15 03:59:58,0.3128,0
9827,39,99,2026-02-15 04:07:50,0.2531,0
4417,175,1,2026-02-15 04:09:41,0.485,0
11761,109,104,2026-02-15 04:33:01,0.0139,1
1358,115,53,2026-02-15 04:34:53,0.3838,0
6540,16,76,2026-02-15 04:36:49,0.5534,0
8910,180,65,2026-02-15 04:46:41,0.3071,0
4921,94,105,2026-02-15 04:50:39,0.8546,0
9994,120,70,2026-02-15 05:29:27,0.5518,0
6680,232,118,2026-02-15 05:32:36,1.0,0
4935,244,97,2026-02-15 05:58:30,0.5118,0
6642,113,89,2026-02-15 06:01:07,0.1986,1
8321,209,113,2026-02-15 06:07:56,0.0814,1
1,182,79,2026-02-15 06:25:53,0.0094,1
1020,6,36,2026-02-15 06:37:02,0.1949,1
8636,196,94,2026-02-15 06:39:05,0.1302,1
4821,193,109,2026-02-15 06:41:13,0.7397,0
8365,108,70,2026-02-15 06:52:57,0.3831,0
11276,99,13,2026-02-15 07:02:32,0.186,1
2557,226,38,2026-02-15 07:11:24,0.5572,0
9710,119,15,2026-02-15 08:14:18,0.2926,0
758,149,66,2026-02-15 08:14:48,0.5686,0
9818,119,14,2026-02-15 08:25:14,0.6377,0
8577,208,4,2026-02-15 08:39:20,0.4961,0
7871,18,114,2026-02-15 08:44:27,0.1807,1
10206,228,102,2026-02-15 08:44:39,0.4171,0
2632,142,111,2026-02-15 08:46:00,0.3525,0
4342,28,106,2026-02-15 08:53:34,0.7108,0
6064,241,73,2026-02-15 08:54:22,0.3941,0
11098,56,90,2026-02-15 09:12:25,0.3281,0
1855,169,74,2026-02-15 09:13:11,0.0411,1
4465,214,63,2026-02-15 09:17:38,0.7178,0
10693,12,100,2026-02-15 09:26:39,0.4907,0
2672,135,39,2026-02-15 09:37:52,0.1716,1
213,232,6,2026-02-15 09:42:57,0.0,1
6677,127,45,2026-02-15 09:56:29,0.6056,0
10125,122,24,2026-02-15 09:59:40,0.4036,0
3665,177,3,2026-02-15 10:03:27,0.2043,1
888,93,64,2026-02-15 10:05:49,0.0,1
1554,195,43,2026-02-15 10:07:56,0.0805,1
10108,162,76,2026-02-15 11:43:45,0.3421,0
4335,201,28,2026-02-15 11:46:58,0.6417,0
10250,242,45,2026-02-15 11:53:00,0.3091,0
550,230,104,2026-02-15 11:53:48,0.5643,0
11837,150,100,2026-02-15 11:55:32,0.4659,0
4760,114,38,2026-02-15 11:58:04,0.5908,0
8551,243,50,2026-02-15 12:01:59,0.0022,1
2438,55,94,2026-02-15 12:05:04,0.1976,1
3414,105,118,2026-02-15 12:13:04,0.0441,1
5484,180,49,2026-02-15 12:21:18,0.2938,0
8765,207,4,2026-02-15 12:25:11,0.0995,1
11273,81,101,2026-02-15 12:26:28,0.3054,0
711,223,118,2026-02-15 12:27:43,0.1605,1
2297,164,115,2026-02-15 12:29:56,0.6717,0
2625,125,75,2026-02-15 12:44:27,0.7222,0
9310,63,1,2026-02-15 12:51:56,0.0,1
10989,91,44,2026-02-15 13:03:50,0.4684,0
5303,162,77,2026-02-15 13:15:33,0.48,0
5857,118,78,2026-02-15 13:24:02,0.9561,0
4311,40,20,2026-02-15 13:31:37,0.1079,1
4093,52,78,2026-02-15 13:32:36,0.7142,0
8435,126,2,2026-02-15 13:59:21,0.4494,0
11082,166,92,2026-02-15 14:02:19,0.1303,1
8274,218,4,2026-02-15 14:33:32,0.1821,1
7034,54,50,2026-02-15 14:39:32,0.2941,0
356,108,86,2026-02-15 14:48:54,0.5296,0
1571,193,30,2026-02-15 14:52:39,0.7857,0
6293,11,32,2026-02-15 15:19:12,0.2754,0
5893,183,108,2026-02-15 15:29:32,0.1319,1
3369,173,99,2026-02-15 15:34:20,0.1424,1
1677,120,63,2026-02-15 15:38:33,0.2571,0
4613,232,48,2026-02-15 16:09:29,0.1143,1
5392,69,23,2026-02-15 16:21:20,0.1617,1
512,174,53,2026-02-15 16:21:43,0.2245,1
10049,32,8,2026-02-15 16:42:34,0.6318,0
10672,161,34,2026-02-15 16:43:27,0.4691,0
113,44,95,2026-02-15 16:45:08,0.3137,0
2982,67,12,2026-02-15 16:54:06,0.561,0
11038,10,79,2026-02-15 17:31:31,1.0,0
6027,73,18,2026-02-15 17:43:32,0.415,0
11558,123,116,2026-02-15 18:17:22,0.6734,0
10609,184,89,2026-02-15 18:23:41,0.1612,1
7043,188,39,2026-02-15 18:23:50,0.1164,1
1351,54,89,2026-02-15 18:29:41,0.334,0
1852,140,3,2026-02-15 18:38:32,0.3586,0
5701,72,84,2026-02-15 18:45:39,0.6167,0
8895,247,39,2026-02-15 19:08:54,0.8314,0
2257,154,0,2026-02-15 19:19:37,0.689,0
754,27,100,2026-02-15 19:25:01,0.1095,1
6382,138,73,2026-02-15 19:26:02,0.4887,0
4090,37,12,2026-02-15 19:35:15,0.5742,0
7401,216,4,2026-02-15 20:11:21,0.4978,0
11405,26,18,2026-02-15 20:14:51,0.3919,0
4306,23,66,2026-02-15 20:24:22,0.366,0
3552,71,57,2026-02-15 20:52:37,0.6071,0
11690,148,50,2026-02-15 21:06:44,0.5464,0
11326,53,84,2026-02-15 21:15:52,0.5291,0
10028,61,25,2026-02-15 21:23:32,0.6192,0
10309,54,33,2026-02-15 21:39:13,0.7297,0
307,37,10,2026-02-15 21:45:34,0.7876,0
2014,172,22,2026-02-15 21:47:10,0.6769,0
4257,77,21,2026-02-15 21:49:21,0.4728,0
11236,230,88,2026-02-15 22:33:34,0.529,0
3773,133,53,2026-02-15 22:33:52,0.3362,0
1296,198,90,2026-02-15 22:38:52,0.0254,1
6149,107,5,2026-02-15 22:44:16,0.5992,0
5270,14,90,2026-02-15 22:52:10,1.0,0
3101,99,89,2026-02-15 23:03:17,0.3669,0
3002,186,37,2026-02-15 23:12:57,0.6404,0
3494,195,75,2026-02-15 23:45:27,0.1557,1
10037,44,55,2026-02-15 23:51:03,0.2221,1
884,130,77,2026-02-16 00:21:19,0.6589,0
3366,210,45,2026-02-16 00:21:38,0.0,1
296,116,60,2026-02-16 00:23:32,0.6819,0
10920,51,98,2026-02-16 00:25:43,0.966,0
4800,146,72,2026-02-16 00:51:16,0.2442,1
6030,117,64,2026-02-16 01:23:05,0.8421,0
11040,181,10,2026-02-16 01:35:55,0.0108,1
4492,52,107,2026-02-16 01:40:16,0.644,0
8181,33,5,2026-02-16 01:52:09,0.5897,0
461,39,28,2026-02-16 02:05:43,0.4533,0
3832,183,41,2026-02-16 02:23:36,0.6816,0
1079,105,12,2026-02-16 02:58:16,0.2438,1
8543,131,17,2026-02-16 02:59:08,0.4328,0
3322,29,23,2026-02-16 03:20:45,0.4045,0
7241,217,18,2026-02-16 03:37:42,0.6706,0
3260,136,55,2026-02-16 03:50:26,0.0414,1
5108,196,11,2026-02-16 03:56:17,0.4181,0
8870,227,33,2026-02-16 04:04:45,0.1733,1
6007,188,17,2026-02-16 04:05:38,0.3514,0
419,150,1,2026-02-16 04:11:32,0.0271,1
2868,237,105,2026-02-16 04:15:47,0.0,1
6269,23,37,2026-02-16 04:16:55,0.4108,0
4095,230,11,2026-02-16 04:18:03,0.1924,1
5915,56,119,2026-02-16 04:30:38,0.2267,1
7491,18,63,2026-02-16 04:34:46,0.2574,0
9871,225,74,2026-02-16 04:43:21,0.5872,0
4200,158,83,2026-02-16 05:11:53,0.2955,0
6349,17,80,2026-02-16 05:45:50,0.0,1
7440,0,60,2026-02-16 06:00:41,0.3809,0
9286,232,100,2026-02-16 06:09:10,0.0129,1
4507,234,52,2026-02-16 06:20:59,0.3054,0
4885,226,41,2026-02-16 06:26:01,0.4528,0
8352,133,90,2026-02-16 06:33:10,0.3499,0
926,234,31,2026-02-16 06:40:19,1.0,0
5910,151,1,2026-02-16 06:53:54,0.0,1
3097,60,30,2026-02-16 07:29:55,0.7428,0
5867,154,32,2026-02-16 07:35:27,0.5237,0
2938,119,2,2026-02-16 07:41:05,0.6261,0
115,9,27,2026-02-16 07:46:33,0.3638,0
7157,72,29,2026-02-16 08:04:23,0.7836,0
1344,44,77,2026-02-16 08:15:09,1.0,0
4856,215,37,2026-02-16 08:20:09,0.7049,0
6118,240,15,2026-02-16 08:24:05,0.2229,1
4049,240,12,2026-02-16 08:26:54,0.2214,1
4746,117,30,2026-02-16 08:28:36,0.3964,0
898,55,114,2026-02-16 08:29:21,0.7166,0
11933,224,86,2026-02-16 08:32:59,0.1349,1
5326,191,9,2026-02-16 08:53:47,0.5432,0
7642,91,7,2026-02-16 09:04:12,0.0373,1
2478,38,33,2026-02-16 09:22:57,0.0,1
2008,140,118,2026-02-16 09:32:50,0.5413,0
3630,249,38,2026-02-16 09:44:42,0.2595,0
1302,65,32,2026-02-16 09:52:32,0.1783,1
1953,112,78,2026-02-16 09:53:11,0.5505,0
549,178,76,2026-02-16 09:53:31,0.5242,0
3433,155,2,2026-02-16 09:57:01,0.5075,0
11814,151,6,2026-02-16 10:01:31,0.3515,0
1384,224,75,2026-02-16 10:14:42,0.0,1
4378,63,103,2026-02-16 10:20:49,0.0599,1
9457,163,112,2026-02-16 10:30:01,0.8011,0
8375,27,61,2026-02-16 10:46:51,0.0489,1
11414,84,38,2026-02-16 11:00:28,0.171,1
1022,181,118,2026-02-16 11:02:02,0.6055,0
2254,30,110,2026-02-16 11:02:28,0.5234,0
4400,84,35,2026-02-16 11:29:42,0.3628,0
7005,215,114,2026-02-16 11:33:52,0.365,0
1300,228,91,2026-02-16 11:42:27,0.2022,1
10949,248,89,2026-02-16 11:45:09,0.0841,1
9816,240,54,2026-02-16 12:04:08,0.4168,0
6498,233,89,2026-02-16 12:05:29,0.4093,0
3304,63,77,2026-02-16 12:09:29,0.0,1
5482,62,30,2026-02-16 12:14:44,1.0,0
6115,7,110,2026-02-16 12:18:06,0.522,0
1586,189,63,2026-02-16 12:19:47,0.9187,0
922,3,53,2026-02-16 12:30:59,0.6554,0
11244,25,92,2026-02-16 12:36:08,0.4349,0
6589,179,67,2026-02-16 13:06:36,0.4864,0
6356,141,103,2026-02-16 13:35:05,0.019,1
4498,213,110,2026-02-16 13:52:16,0.2281,1
4775,200,90,2026-02-16 13:55:38,0.3411,0
4608,29,110,2026-02-16 14:03:55,0.2186,1
5575,206,15,2026-02-16 14:12:58,0.4365,0
9630,45,40,2026-02-16 14:28:10,0.5613,0
3668,144,36,2026-02-16 14:34:08,0.2468,1
4315,167,87,2026-02-16 14:39:46,0.6671,0
4548,175,101,2026-02-16 14:44:42,0.3114,0
2887,12,23,2026-02-16 14:47:19,0.0579,1
2170,66,34,2026-02-16 15:05:09,0.2689,0
6787,29,89,2026-02-16 15:06:59,0.3489,0
6725,174,119,2026-02-16 15:11:36,0.6154,0
10330,22,57,2026-02-16 15:11:52,0.5253,0
9785,130,17,2026-02-16 15:13:44,0.188,1
6399,119,24,2026-02-16 15:24:55,0.6893,0
6784,39,50,2026-02-16 15:43:57,0.4765,0
7499,219,59,2026-02-16 15:47:31,0.7625,0
10428,92,11,2026-02-16 15:48:28,0.0,1
9912,25,4,2026-02-16 16:00:31,1.0,0
6031,40,91,2026-02-16 16:01:58,0.356,0
10768,187,68,2026-02-16 16:07:05,0.4612,0
1470,151,51,2026-02-16 16:10:39,0.0013,1
5349,51,54,2026-02-16 16:25:08,0.1587,1
6026,67,67,2026-02-16 16:27:42,0.7026,0
10652,76,79,2026-02-16 16:55:04,0.4053,0
3195,126,31,2026-02-16 17:06:58,0.4345,0
3507,53,29,2026-02-16 17:07:32,0.0672,1
6557,39,34,2026-02-16 17:16:17,0.4284,0
437,131,13,2026-02-16 17:17:26,0.3223,0
1459,187,117,2026-02-16 17:33:16,0.6943,0
5061,6,27,2026-02-16 17:55:29,0.5153,0
5287,44,97,2026-02-16 18:05:16,0.3966,0
5719,76,89,2026-02-16 18:06:35,0.6134,0
8174,210,15,2026-02-16 18:07:26,0.6318,0
11955,42,40,2026-02-16 18:10:35,0.4982,0
3563,127,87,2026-02-16 18:22:41,0.4805,0
9599,177,36,2026-02-16 18:41:35,0.4618,0
3022,77,95,2026-02-16 18:49:49,0.4271,0
377,175,37,2026-02-16 19:01:32,0.5279,0
11508,189,115,2026-02-16 19:14:28,0.7691,0
2466,176,115,2026-02-16 19:31:20,0.3232,0
6980,139,94,2026-02-16 19:52:59,0.3473,0
9486,72,38,2026-02-16 20:44:34,0.3523,0
10283,173,72,2026-02-16 20:50:16,0.6636,0
4338,130,92,2026-02-16 20:54:07,0.9681,0
11693,156,54,2026-02-16 21:00:27,0.1838,1
10137,49,96,2026-02-16 21:00:42,0.5449,0
3057,58,106,2026-02-16 21:13:37,0.0538,1
1534,95,39,2026-02-16 21:40:04,0.1774,1
5032,55,80,2026-02-16 21:56:48,0.1326,1
126,88,14,2026-02-16 22:11:02,0.4242,0
172,17,23,2026-02-16 22:13:26,0.6563,0
2231,114,25,2026-02-16 22:33:48,0.5904,0
5866,248,97,2026-02-16 22:46:30,0.1272,1
4205,228,91,2026-02-16 22:49:42,0.4698,0
5862,36,18,2026-02-16 22:55:47,0.3572,0
11710,85,48,2026-02-16 23:20:37,0.0194,1
3589,111,25,2026-02-16 23:31:02,0.4312,0
351,87,111,2026-02-16 23:39:25,0.3393,0
538,66,44,2026-02-16 23:43:14,0.601,0
8742,51,103,2026-02-16 23:58:48,0.5301,0
6901,6,7,2026-02-17 00:00:21,0.8236,0
10086,52,42,2026-02-17 00:19:10,0.4416,0
7068,21,70,2026-02-17 00:40:07,0.8384,0
11420,172,83,2026-02-17 00:43:24,0.9253,0
7940,22,6,2026-02-17 00:45:56,0.4912,0
8228,217,35,2026-02-17 00:54:49,0.5536,0
11827,216,76,2026-02-17 00:57:48,0.4687,0
9851,96,20,2026-02-17 01:06:19,0.6231,0
1651,18,79,2026-02-17 01:08:10,0.0,1
10295,103,29,2026-02-17 01:20:07,0.388,0
11207,193,97,2026-02-17 01:37:10,0.6295,0
8308,67,69,2026-02-17 01:39:38,0.3079,0
11638,121,61,2026-02-17 01:39:52,1.0,0
708,231,50,2026-02-17 01:41:31,0.0695,1
11627,204,103,2026-02-17 01:47:42,0.7148,0
1836,212,16,2026-02-17 01:55:50,0.0,1
4012,245,42,2026-02-17 01:59:45,0.0,1
2875,26,97,2026-02-17 02:09:45,0.6544,0
10511,80,15,2026-02-17 02:18:34,0.5774,0
2813,226,6,2026-02-17 02:21:30,0.5785,0
2290,146,52,2026-02-17 02:22:12,0.8459,0
3346,185,41,2026-02-17 02:24:29,0.2756,0
677,54,72,2026-02-17 02:33:15,0.3733,0
11912,142,90,2026-02-17 02:50:35,0.0,1
7484,174,89,2026-02-17 03:20:35,0.1754,1
10576,2,94,2026-02-17 03:29:05,0.617,0
5068,248,50,2026-02-17 03:50:24,0.4678,0
6561,58,95,2026-02-17 03:51:59,0.6982,0
4241,29,38,2026-02-17 03:55:31,0.0,1
2706,26,13,2026-02-17 04:10:40,0.2792,0
9461,241,97,2026-02-17 04:29:27,0.1572,1
4741,36,83,2026-02-17 05:04:48,0.9256,0
8989,107,104,2026-02-17 05:17:46,0.4025,0
4359,138,79,2026-02-17 05:30:08,0.5176,0
2834,8,35,2026-02-17 05:32:12,0.7228,0
2971,247,36,2026-02-17 05:35:24,0.1455,1
792,236,101,2026-02-17 06:10:27,0.0645,1
6711,246,106,2026-02-17 06:22:23,0.3541,0
9956,201,104,2026-02-17 06:34:28,0.4445,0
4940,75,109,2026-02-17 06:46:35,0.2993,0
2780,231,85,2026-02-17 06:55:31,0.7066,0
11474,238,16,2026-02-17 07:00:56,0.1234,1
5033,137,63,2026-02-17 07:03:50,0.349,0
1705,184,48,2026-02-17 07:46:01,0.0,1
4946,9,64,2026-02-17 07:49:38,0.3325,0
5178,20,26,2026-02-17 07:54:04,0.3317,0
1226,28,79,2026-02-17 07:54:59,0.5177,0
9332,60,44,2026-02-17 07:57:13,0.4186,0
2388,101,43,2026-02-17 08:00:41,0.4924,0
6960,214,30,2026-02-17 08:13:14,0.7178,0
7105,45,86,2026-02-17 08:31:22,1.0,0
5283,180,55,2026-02-17 08:36:33,0.0633,1
7101,147,116,2026-02-17 08:39:50,0.4055,0
11198,106,62,2026-02-17 08:51:36,0.3863,0
10854,53,94,2026-02-17 08:54:39,0.3903,0
7400,149,27,2026-02-17 09:08:46,0.485,0
871,202,93,2026-02-17 09:22:47,0.66,0
3983,156,49,2026-02-17 09:26:55,0.121,1
9283,172,21,2026-02-17 09:31:00,0.471,0
938,72,49,2026-02-17 09:56:33,0.1802,1
4737,177,114,2026-02-17 09:56:51,0.5371,0
3039,106,56,2026-02-17 09:57:48,0.5206,0
1756,35,36,2026-02-17 10:17:06,0.0545,1
8223,184,53,2026-02-17 10:28:29,0.3509,0
11797,169,9,2026-02-17 10:47:22,0.6618,0
1388,242,68,2026-02-17 11:14:48,0.0315,1
3075,14,85,2026-02-17 11:14:59,0.5119,0
7941,85,0,2026-02-17 11:31:44,0.8009,0
1883,79,60,2026-02-17 11:31:52,1.0,0
11852,49,61,2026-02-17 11:40:54,0.1793,1
9775,217,54,2026-02-17 12:08:42,0.1569,1
7434,148,91,2026-02-17 12:19:08,0.4372,0
4955,248,47,2026-02-17 12:38:40,0.5083,0
1235,123,106,2026-02-17 12:48:45,0.4465,0
5072,72,110,2026-02-17 12:50:23,0.2128,1
2584,109,33,2026-02-17 13:15:28,0.5298,0
8141,76,8,2026-02-17 13:32:08,0.2434,1
8211,76,10,2026-02-17 13:32:23,0.4706,0
560,101,64,2026-02-17 13:36:54,1.0,0
241,22,55,2026-02-17 14:08:17,0.8394,0
7033,28,29,2026-02-17 14:12:46,0.276,0
1086,35,118,2026-02-17 14:22:02,0.8936,0
10399,83,28,2026-02-17 14:24:12,0.5174,0
10581,6,15,2026-02-17 14:28:07,0.4939,0
2138,167,48,2026-02-17 14:30:31,0.8255,0
1723,95,23,2026-02-17 14:44:53,0.0,1
7878,94,50,2026-02-17 14:54:36,0.4829,0
7684,44,83,2026-02-17 15:00:30,0.0895,1
2642,90,5,2026-02-17 15:16:05,0.0775,1
985,222,59,2026-02-17 15:26:46,0.0728,1
8549,156,98,2026-02-17 15:43:20,1.0,0
3103,184,106,2026-02-17 15:50:34,0.3532,0
3840,124,18,2026-02-17 16:07:31,0.4976,0
1516,72,78,2026-02-17 16:09:09,0.7309,0
10973,159,104,2026-02-17 16:16:55,0.4345,0
2994,140,19,2026-02-17 16:53:39,0.3296,0
11760,51,114,2026-02-17 16:58:15,0.4193,0
11538,65,63,2026-02-17 17:01:03,0.8447,0
9038,181,30,2026-02-17 17:02:02,0.3143,0
11653,13,84,2026-02-17 17:17:46,0.7803,0
6108,164,86,2026-02-17 17:27:16,0.4905,0
8125,97,2,2026-02-17 17:36:56,0.2986,0
2222,160,63,2026-02-17 17:40:08,0.0431,1
7492,199,94,2026-02-17 17:43:44,0.5096,0
2161,13,96,2026-02-17 17:59:41,0.045,1
4096,76,95,2026-02-17 17:59:52,0.9517,0
3968,40,88,2026-02-17 18:11:21,1.0,0
7755,203,19,2026-02-17 18:13:01,0.5845,0
2556,147,73,2026-02-17 18:27:36,0.0,1
11397,237,115,2026-02-17 18:45:24,0.2379,1
4026,114,35,2026-02-17 18:59:45,0.6077,0
423,198,99,2026-02-17 19:05:37,0.1081,1
11156,225,41,2026-02-17 19:10:11,1.0,0
11794,52,14,2026-02-17 19:19:03,0.4962,0
7097,44,69,2026-02-17 19:27:38,0.4137,0
1085,68,7,2026-02-17 19:53:46,1.0,0
11232,221,95,2026-02-17 19:56:57,0.5689,0
7158,233,96,2026-02-17 20:07:05,0.3394,0
2811,92,23,2026-02-17 20:33:30,0.0296,1
5377,193,29,2026-02-17 20:34:33,0.0472,1
251,39,57,2026-02-17 20:47:50,0.4304,0
9787,56,41,2026-02-17 20:53:53,0.1608,1
2285,107,67,2026-02-17 21:15:02,0.6696,0
7066,151,97,2026-02-17 21:33:25,0.2022,1
3281,51,8,2026-02-17 21:50:48,0.7249,0
1042,109,30,2026-02-17 22:35:00,0.0,1
10631,129,20,2026-02-17 22:39:52,0.2117,1
8200,82,112,2026-02-17 22:39:58,1.0,0
6258,193,52,2026-02-17 22:53:21,0.6479,0
116,41,40,2026-02-17 22:54:21,0.6637,0
10542,206,21,2026-02-17 23:01:21,0.4304,0
8249,33,75,2026-02-17 23:14:33,0.3407,0
8805,243,109,2026-02-17 23:26:52,1.0,0
637,219,60,2026-02-17 23:29:14,0.56,0
7880,57,73,2026-02-17 23:30:17,0.0545,1
6649,18,33,2026-02-17 23:37:15,0.31,0
2069,48,7,2026-02-17 23:52:11,0.2091,1
4319,207,86,2026-02-17 23:56:46,0.5148,0
1317,84,48,2026-02-18 00:13:02,0.2233,1
500,160,54,2026-02-18 00:27:53,0.3506,0
8068,11,30,2026-02-18 00:40:07,0.2743,0
1052,154,70,2026-02-18 00:48:07,0.7667,0
5437,86,119,2026-02-18 00:58:45,0.5782,0
5128,198,118,2026-02-18 01:32:09,0.5919,0
1243,131,83,2026-02-18 02:08:31,0.4769,0
118,35,91,2026-02-18 02:11:56,0.3795,0
6278,243,66,2026-02-18 02:18:10,0.4276,0
8907,136,21,2026-02-18 02:20:15,0.1486,1
603,63,56,2026-02-18 02:23:11,0.5722,0
4587,70,44,2026-02-18 02:27:41,0.472,0
7133,222,61,2026-02-18 03:19:54,0.5058,0
5225,150,42,2026-02-18 03:20:47,0.7005,0
10613,6,79,2026-02-18 03:32:50,0.3194,0
4166,165,9,2026-02-18 03:45:51,0.1569,1
5613,45,98,2026-02-18 03:46:43,0.4296,0
3656,25,25,2026-02-18 03:47:18,0.6769,0
5609,96,73,2026-02-18 04:03:27,0.1846,1
8301,232,8,2026-02-18 04:15:08,0.5252,0
6913,36,3,2026-02-18 04:30:04,0.497,0
5260,88,57,2026-02-18 04:42:55,0.2392,1
9566,206,69,2026-02-18 04:56:37,1.0,0
3725,244,65,2026-02-18 05:02:23,0.7206,0
11472,246,84,2026-02-18 05:02:47,0.5863,0
1542,66,0,2026-02-18 05:03:55,0.582,0
1512,234,21,2026-02-18 05:15:35,0.1514,1
2606,117,59,2026-02-18 05:22:02,0.1941,1
5751,214,71,2026-02-18 05:22:59,0.0,1
1787,28,75,2026-02-18 05:35:45,0.0527,1
6900,78,36,2026-02-18 06:36:55,0.1569,1
1996,93,40,2026-02-18 06:40:43,0.257,0
4139,171,115,2026-02-18 06:48:07,0.3501,0
8054,216,7,2026-02-18 06:57:36,1.0,0
6916,248,78,2026-02-18 07:12:28,0.664,0
4119,235,46,2026-02-18 07:17:34,0.3833,0
4471,70,14,2026-02-18 07:38:10,0.5562,0
8682,181,5,2026-02-18 07:49:37,0.4667,0
435,0,93,2026-02-18 08:12:49,0.0,1
3440,88,27,2026-02-18 08:21:31,0.8619,0
9942,210,50,2026-02-18 08:28:02,1.0,0
2912,180,116,2026-02-18 08:39:16,0.5304,0
7765,240,83,2026-02-18 08:52:58,0.6054,0
4505,199,79,2026-02-18 08:53:27,0.1844,1
1273,234,71,2026-02-18 09:03:33,0.5662,0
3594,113,23,2026-02-18 09:32:43,0.4903,0
1611,31,74,2026-02-18 09:34:44,0.7104,0
3407,176,102,2026-02-18 09:43:34,0.3752,0
11786,45,106,2026-02-18 10:04:18,0.5342,0
9424,77,118,2026-02-18 10:58:48,0.032,1
9040,2,101,2026-02-18 11:00:25,0.2036,1
10025,43,41,2026-02-18 11:00:29,1.0,0
5129,136,3,2026-02-18 11:06:01,0.1394,1
11155,17,89,2026-02-18 11:10:34,0.6992,0
51,8,83,2026-02-18 11:14:44,0.0674,1
243,173,46,2026-02-18 11:28:34,0.0,1
9340,55,15,2026-02-18 11:35:12,0.8347,0
11945,178,5,2026-02-18 11:42:54,0.5059,0
10279,37,17,2026-02-18 11:42:57,0.0973,1
9742,39,6,2026-02-18 11:48:54,0.6872,0
10890,149,28,2026-02-18 12:14:50,0.9076,0
10688,131,106,2026-02-18 12:37:29,0.0,1
11676,198,77,2026-02-18 12:39:33,0.0,1
3807,115,86,2026-02-18 12:52:34,0.5868,0
10347,50,43,2026-02-18 13:29:49,0.5385,0
4364,76,99,2026-02-18 13:32:27,0.265,0
10106,182,84,2026-02-18 13:38:12,1.0,0
1486,27,44,2026-02-18 13:39:26,0.1763,1
1153,147,18,2026-02-18 14:08:47,0.1091,1
11452,43,68,2026-02-18 14:14:02,0.656,0
4326,46,9,2026-02-18 14:14:59,0.012,1
864,45,76,2026-02-18 14:29:50,0.1414,1
9777,81,60,2026-02-18 14:43:19,0.2083,1
6461,140,27,2026-02-18 15:03:31,0.6473,0
6103,90,114,2026-02-18 15:12:30,0.196,1
5324,55,70,2026-02-18 15:14:20,0.3772,0
4925,61,95,2026-02-18 15:21:59,0.0,1
10646,223,104,2026-02-18 15:27:27,0.1148,1
8361,54,14,2026-02-18 15:40:16,0.5783,0
11487,179,105,2026-02-18 15:48:00,0.6668,0
4005,103,70,2026-02-18 16:12:22,0.2947,0
3640,5,42,2026-02-18 16:18:05,0.5258,0
6942,19,60,2026-02-18 16:29:54,0.6261,0
9011,218,56,2026-02-18 17:10:38,0.6636,0
2491,208,111,2026-02-18 17:23:58,0.4619,0
11654,187,110,2026-02-18 17:58:10,0.1431,1
2367,228,22,2026-02-18 18:03:55,0.6472,0
222,79,28,2026-02-18 18:20:23,0.3563,0
379,71,18,2026-02-18 18:35:32,0.1521,1
11759,81,39,2026-02-18 18:46:55,0.4265,0
2668,155,33,2026-02-18 18:52:08,0.4338,0
6603,160,81,2026-02-18 18:55:01,0.812,0
2531,59,96,2026-02-18 18:55:07,0.1561,1
3447,127,96,2026-02-18 19:34:51,0.0,1
8754,56,1,2026-02-18 19:38:30,0.2787,0
8096,178,47,2026-02-18 19:56:36,0.4166,0
518,213,1,2026-02-18 20:05:24,0.7907,0
11197,174,103,2026-02-18 21:17:53,0.7281,0
7766,41,97,2026-02-18 21:30:30,0.1667,1
7437,125,63,2026-02-18 21:33:46,0.3377,0
9653,213,63,2026-02-18 21:44:25,0.5246,0
6325,208,70,2026-02-18 21:44:36,0.9463,0
5531,73,18,2026-02-18 22:29:58,0.3898,0
6592,137,40,2026-02-18 22:34:09,0.1932,1
607,5,68,2026-02-18 22:44:31,0.3017,0
3715,210,75,2026-02-18 22:49:06,0.2056,1
3133,66,24,2026-02-18 23:12:34,0.4684,0
10656,42,87,2026-02-18 23:12:48,0.0,1
9414,185,56,2026-02-18 23:16:12,0.0714,1
5868,204,119,2026-02-18 23:48:16,0.6584,0
10188,215,68,2026-02-18 23:48:42,0.6097,0
3587,225,88,2026-02-18 23:57:42,0.5712,0
10351,206,77,2026-02-19 00:13:21,0.2329,1
9091,129,37,2026-02-19 00:25:32,0.2619,0
10435,41,46,2026-02-19 01:09:37,0.7377,0
6117,63,35,2026-02-19 01:18:12,0.4872,0
7025,106,5,2026-02-19 01:50:54,0.2366,1
9915,179,38,2026-02-19 01:53:01,0.6965,0
498,130,53,2026-02-19 01:54:14,0.0767,1
434,26,88,2026-02-19 02:03:57,0.3117,0
7468,196,92,2026-02-19 02:12:49,0.1321,1
3810,35,78,2026-02-19 02:20:31,0.2798,0
788,3,46,2026-02-19 02:25:33,0.3317,0
489,34,96,2026-02-19 02:46:09,0.9092,0
4811,131,92,2026-02-19 02:59:34,0.9671,0
8373,4,14,2026-02-19 03:06:39,0.6191,0
9545,138,29,2026-02-19 03:13:04,0.1809,1
10087,168,23,2026-02-19 03:22:12,0.3621,0
6280,186,24,2026-02-19 03:27:37,0.0084,1
3147,86,108,2026-02-19 03:57:21,1.0,0
6924,7,28,2026-02-19 04:14:59,0.36,0
818,246,67,2026-02-19 05:25:59,0.2529,0
7447,79,65,2026-02-19 05:31:47,0.9277,0
11484,114,87,2026-02-19 05:43:07,0.4266,0
1401,239,45,2026-02-19 05:50:39,0.4779,0
10019,161,105,2026-02-19 05:51:32,0.0828,1
4757,61,61,2026-02-19 05:54:04,1.0,0
4162,152,84,2026-02-19 05:55:10,0.2934,0
7609,83,119,2026-02-19 06:04:27,0.6789,0
998,135,115,2026-02-19 06:09:34,0.0,1
9753,144,19,2026-02-19 06:25:10,0.8464,0
4592,207,118,2026-02-19 06:27:38,0.1212,1
11666,129,61,2026-02-19 06:33:32,0.5943,0
8339,117,107,2026-02-19 06:44:20,0.4448,0
2133,128,12,2026-02-19 07:08:07,0.3749,0
7337,39,46,2026-02-19 07:09:48,0.5643,0
2370,124,22,2026-02-19 07:26:08,0.0785,1
2881,13,89,2026-02-19 07:31:50,0.0,1
5301,20,77,2026-02-19 07:41:06,0.0907,1
5477,86,80,2026-02-19 07:43:25,0.1819,1
11659,97,14,2026-02-19 07:46:25,0.6318,0
6301,207,42,2026-02-19 08:05:51,0.8639,0
6668,229,97,2026-02-19 08:06:24,0.0,1
1434,179,15,2026-02-19 08:14:24,1.0,0
378,210,37,2026-02-19 08:19:35,0.0,1
3233,201,74,2026-02-19 08:23:53,0.6988,0
2846,99,0,2026-02-19 08:27:45,0.4809,0
4510,179,45,2026-02-19 08:30:02,1.0,0
10068,205,8,2026-02-19 08:39:04,0.2136,1
7378,178,69,2026-02-19 09:07:57,0.0782,1
7685,40,79,2026-02-19 09:15:06,0.6464,0
4787,155,14,2026-02-19 09:42:59,0.4454,0
3597,243,29,2026-02-19 09:51:34,0.2019,1
1417,52,11,2026-02-19 10:20:54,0.4884,0
3102,138,88,2026-02-19 10:29:06,0.1824,1
1767,106,2,2026-02-19 10:34:38,0.0812,1
5454,66,62,2026-02-19 10:34:42,0.0616,1
1726,104,112,2026-02-19 10:40:32,0.4932,0
6219,39,58,2026-02-19 10:45:41,0.7142,0
9658,177,90,2026-02-19 10:46:29,0.526,0
3618,130,49,2026-02-19 11:31:01,0.6956,0
1041,123,67,2026-02-19 11:33:30,0.2952,0
7677,249,108,2026-02-19 11:37:31,1.0,0
10504,107,57,2026-02-19 11:44:39,0.0081,1
1713,49,80,2026-02-19 11:53:11,0.3594,0
8564,236,43,2026-02-19 11:58:44,0.0217,1
4217,2,36,2026-02-19 12:07:35,0.0,1
11445,203,74,2026-02-19 12:09:05,0.1688,1
7067,211,112,2026-02-19 12:09:07,0.1391,1
11994,163,46,2026-02-19 12:30:42,0.0662,1
2261,43,81,2026-02-19 12:32:21,0.5984,0
10780,207,0,2026-02-19 12:46:16,0.1832,1
6272,35,116,2026-02-19 12:47:47,0.0,1
4060,19,110,2026-02-19 12:59:11,0.2245,1
1623,183,76,2026-02-19 13:00:13,0.2352,1
10156,14,104,2026-02-19 13:17:24,0.4572,0
3332,170,29,2026-02-19 13:27:09,0.869,0
11350,114,56,2026-02-19 14:00:10,0.5563,0
6463,100,74,2026-02-19 14:07:36,0.1055,1
11356,224,83,2026-02-19 14:07:46,0.1708,1
6860,38,68,2026-02-19 14:24:44,0.6607,0
9976,222,113,2026-02-19 14:31:31,0.5832,0
1643,202,110,2026-02-19 14:50:46,0.1429,1
8608,60,91,2026-02-19 15:05:53,0.0801,1
1596,96,44,2026-02-19 15:16:13,0.2578,0
8905,223,82,2026-02-19 15:17:33,0.4847,0
3402,198,63,2026-02-19 15:20:38,0.4959,0
11697,38,2,2026-02-19 15:24:23,0.3426,0
7269,221,100,2026-02-19 15:25:31,0.1605,1
1409,157,82,2026-02-19 15:57:59,0.6133,0
11766,10,2,2026-02-19 16:00:55,0.0,1
10522,104,29,2026-02-19 16:03:12,0.312,0
7151,220,118,2026-02-19 16:03:20,0.1581,1
7826,239,40,2026-02-19 16:12:29,0.0,1
302,66,76,2026-02-19 16:26:50,0.0062,1
6194,111,4,2026-02-19 17:00:16,0.5172,0
3666,74,82,2026-02-19 17:22:49,0.4304,0
1925,190,96,2026-02-19 17:35:53,0.7102,0
2359,46,55,2026-02-19 17:36:57,0.4708,0
345,235,95,2026-02-19 17:41:48,0.1204,1
8484,151,68,2026-02-19 17:44:19,0.4058,0
8124,210,37,2026-02-19 17:46:29,0.2397,1
7326,96,61,2026-02-19 18:11:11,0.6812,0
2208,216,116,2026-02-19 18:11:16,0.6012,0
4683,205,109,2026-02-19 18:12:58,0.1049,1
6334,172,107,2026-02-19 18:34:25,0.5035,0
11871,97,6,2026-02-19 18:39:10,0.7245,0
6236,210,104,2026-02-19 18:58:27,0.1268,1
10561,183,97,2026-02-19 19:16:22,0.0527,1
2928,242,64,2026-02-19 19:26:53,0.797,0
2827,101,97,2026-02-19 19:53:30,0.5879,0
8847,237,12,2026-02-19 19:56:25,0.5326,0
176,204,51,2026-02-19 20:08:57,0.0459,1
4772,180,79,2026-02-19 20:23:30,0.381,0
9141,116,65,2026-02-19 20:44:30,0.1618,1
363,108,92,2026-02-19 20:52:52,0.081,1
7370,203,16,2026-02-19 21:03:04,0.3348,0
1603,149,40,2026-02-19 21:09:04,0.0912,1
5878,35,7,2026-02-19 21:20:14,1.0,0
6471,13,103,2026-02-19 21:24:04,0.6174,0
9709,211,91,2026-02-19 21:32:41,0.6142,0
4844,8,96,2026-02-19 21:33:23,0.5797,0
1831,84,0,2026-02-19 21:41:33,0.1846,1
10160,89,30,2026-02-19 21:56:44,0.4459,0
9415,217,53,2026-02-19 21:59:51,0.4787,0
11220,243,12,2026-02-19 22:24:01,0.1655,1
828,20,96,2026-02-19 22:31:55,0.7473,0
8748,35,44,2026-02-19 22:45:54,0.5552,0
3362,77,48,2026-02-19 22:52:34,0.4616,0
7589,31,78,2026-02-19 23:23:47,0.7397,0
7554,139,15,2026-02-19 23:27:15,0.2954,0
6453,89,16,2026-02-19 23:59:04,0.1205,1
11374,135,69,2026-02-19 23:59:32,0.5364,0
1942,94,61,2026-02-20 00:09:44,0.0,1
2363,42,25,2026-02-20 00:16:45,0.429,0
7415,2,61,2026-02-20 00:38:32,1.0,0
3059,68,36,2026-02-20 00:43:14,0.2063,1
7661,25,65,2026-02-20 00:43:58,0.7192,0
3235,88,16,2026-02-20 00:52:05,0.2842,0
2759,73,94,2026-02-20 00:56:23,0.6275,0
7077,92,51,2026-02-20 01:05:17,0.5465,0
7919,129,56,2026-02-20 01:14:24,0.3424,0
9560,174,41,2026-02-20 01:15:23,0.5293,0
4029,50,79,2026-02-20 01:21:17,0.1233,1
1298,67,63,2026-02-20 01:34:49,0.9745,0
4431,125,71,2026-02-20 01:50:19,0.4642,0
1937,144,18,2026-02-20 02:00:45,0.135,1
9759,55,110,2026-02-20 02:15:00,0.6201,0
236,150,38,2026-02-20 02:30:42,0.4678,0
8696,99,102,2026-02-20 02:32:14,0.732,0
2920,20,48,2026-02-20 03:02:49,0.0,1
9645,161,78,2026-02-20 03:12:02,0.5624,0
7532,144,40,2026-02-20 03:17:21,0.5215,0
10845,98,71,2026-02-20 03:30:04,0.4107,0
9885,55,25,2026-02-20 03:43:20,0.3797,0
1860,149,75,2026-02-20 03:59:32,0.2672,0
9372,224,63,2026-02-20 04:12:28,0.8196,0
7174,20,48,2026-02-20 04:24:21,0.0946,1
7088,184,12,2026-02-20 04:27:09,0.6342,0
7656,23,66,2026-02-20 04:37:02,0.0,1
6445,31,30,2026-02-20 05:52:34,0.3472,0
5487,94,43,2026-02-20 05:53:04,0.2868,0
9108,166,35,2026-02-20 05:53:45,0.3958,0
8334,64,83,2026-02-20 06:03:04,0.1966,1
4558,56,21,2026-02-20 06:06:17,0.2963,0
4313,141,8,2026-02-20 06:11:06,0.6434,0
11559,63,83,2026-02-20 06:14:02,0.6246,0
11872,134,60,2026-02-20 06:16:47,0.4586,0
8689,127,66,2026-02-20 06:22:32,0.6413,0
5579,74,60,2026-02-20 06:32:42,1.0,0
2664,116,11,2026-02-20 06:36:59,0.4333,0
4290,74,99,2026-02-20 06:37:29,0.7228,0
7627,93,40,2026-02-20 06:43:08,0.5283,0
4485,58,83,2026-02-20 06:52:12,0.3957,0
8578,68,112,2026-02-20 06:56:06,0.0176,1
6472,119,59,2026-02-20 07:05:34,1.0,0
6715,110,106,2026-02-20 07:10:34,0.0111,1
10447,128,27,2026-02-20 07:50:44,0.1011,1
9226,67,81,2026-02-20 08:04:51,0.8817,0
5686,232,0,2026-02-20 08:09:17,0.1013,1
8771,142,36,2026-02-20 08:21:20,0.6956,0
7998,93,58,2026-02-20 08:23:01,0.0,1
8529,68,2,2026-02-20 08:25:55,0.0641,1
11982,101,63,2026-02-20 08:28:44,0.397,0
2935,132,30,2026-02-20 08:37:12,0.3589,0
1682,67,43,2026-02-20 08:41:57,1.0,0
6564,207,46,2026-02-20 08:47:49,0.1881,1
5028,57,112,2026-02-20 08:59:18,0.4764,0
7740,111,38,2026-02-20 09:38:55,0.4944,0
8901,18,6,2026-02-20 10:19:58,0.4733,0
2549,163,45,2026-02-20 10:35:19,0.0617,1
1889,76,119,2026-02-20 10:37:28,0.0334,1
5372,41,106,2026-02-20 10:43:52,0.1568,1
8457,129,18,2026-02-20 10:54:29,0.3357,0
4174,80,53,2026-02-20 10:55:05,0.6427,0
10661,88,117,2026-02-20 11:10:01,0.4446,0
3483,46,42,2026-02-20 11:17:32,0.2752,0
7963,226,2,2026-02-20 11:20:41,0.8353,0
1546,35,33,2026-02-20 11:21:22,0.5242,0
7391,59,86,2026-02-20 11:25:22,0.2487,1
5980,240,40,2026-02-20 11:26:40,0.3091,0
9640,84,78,2026-02-20 11:27:17,0.4594,0
8581,16,78,2026-02-20 11:28:31,0.5345,0
6667,76,65,2026-02-20 11:29:31,0.6488,0
9939,50,7,2026-02-20 11:36:42,0.419,0
771,174,40,2026-02-20 11:50:20,0.3151,0
10682,209,111,2026-02-20 11:52:26,0.0422,1
8664,86,103,2026-02-20 12:01:22,0.6395,0
6147,97,67,2026-02-20 13:33:27,1.0,0
3933,130,4,2026-02-20 13:36:04,0.3442,0
4427,245,14,2026-02-20 13:36:04,0.0,1
11340,117,74,2026-02-20 13:44:21,0.2186,1
7674,204,49,2026-02-20 14:00:26,0.4994,0
4239,188,52,2026-02-20 14:01:53,0.0,1
686,3,53,2026-02-20 14:06:49,0.3812,0
2324,183,112,2026-02-20 14:07:15,0.6512,0
6375,174,102,2026-02-20 14:23:32,0.345,0
10938,193,44,2026-02-20 14:26:06,0.3522,0
11432,175,64,2026-02-20 14:32:18,0.0,1
8571,58,108,2026-02-20 15:19:44,0.3357,0
3950,170,79,2026-02-20 15:24:57,0.0706,1
3628,166,87,2026-02-20 15:29:43,0.8512,0
10223,182,118,2026-02-20 15:49:37,0.2237,1
9169,199,85,2026-02-20 16:00:33,0.0016,1
3625,119,40,2026-02-20 16:06:25,0.4295,0
11138,104,23,2026-02-20 16:19:37,0.0,1
2312,124,46,2026-02-20 16:34:33,0.6929,0
204,52,0,2026-02-20 16:55:23,0.0355,1
3574,122,15,2026-02-20 16:59:41,0.4702,0
2599,73,76,2026-02-20 17:03:43,0.6236,0
6295,94,3,2026-02-20 17:06:34,0.0078,1
9621,206,26,2026-02-20 17:24:24,0.4314,0
4048,72,85,2026-02-20 17:36:17,0.503,0
5661,211,85,2026-02-20 17:36:52,0.0,1
1410,69,5,2026-02-20 17:50:45,0.6691,0
10981,53,108,2026-02-20 18:12:47,0.3813,0
3134,48,2,2026-02-20 18:15:04,0.242,1
1896,246,82,2026-02-20 18:23:26,0.266,0
11582,44,81,2026-02-20 18:23:26,0.0496,1
4687,187,99,2026-02-20 18:23:47,0.3376,0
4303,207,104,2026-02-20 18:37:51,0.6985,0
11114,206,103,2026-02-20 18:40:32,0.0104,1
10556,153,90,2026-02-20 18:44:54,0.131,1
7275,133,64,2026-02-20 19:09:43,0.1837,1
6962,66,40,2026-02-20 19:34:45,0.3383,0
1924,87,85,2026-02-20 19:44:34,0.3493,0
4106,143,112,2026-02-20 19:54:38,0.5427,0
185,164,60,2026-02-20 19:57:22,0.3722,0
11426,223,53,2026-02-20 19:59:11,0.2114,1
4997,216,69,2026-02-20 20:03:27,0.1701,1
10171,79,114,2026-02-20 20:09:56,0.4604,0
11781,248,62,2026-02-20 20:10:48,0.2936,0
5340,151,32,2026-02-20 20:17:38,0.5386,0
10500,166,31,2026-02-20 20:24:46,0.5628,0
3938,56,96,2026-02-20 20:34:40,0.6367,0
9313,158,50,2026-02-20 20:36:36,0.0,1
7574,219,118,2026-02-20 20:47:19,0.1428,1
6104,54,29,2026-02-20 20:57:18,0.341,0
5975,6,85,2026-02-20 21:01:15,0.4635,0
1821,65,49,2026-02-20 21:16:13,0.0108,1
9452,100,26,2026-02-20 21:18:08,0.5901,0
6302,105,40,2026-02-20 21:24:37,1.0,0
2727,28,37,2026-02-20 21:32:59,0.8,0
6254,26,63,2026-02-20 21:43:05,0.7414,0
8035,105,12,2026-02-20 21:43:16,0.0456,1
70,101,116,2026-02-20 22:01:29,0.188,1
802,141,46,2026-02-20 22:08:18,0.3092,0
6,176,88,2026-02-20 22:33:03,0.3813,0
11186,179,43,2026-02-20 22:41:57,0.4292,0
9900,57,116,2026-02-20 22:46:11,0.2225,1
11255,233,81,2026-02-20 22:51:18,0.3726,0
11977,138,51,2026-02-20 22:54:30,0.2954,0
10197,19,45,2026-02-20 22:56:17,0.4961,0
8232,51,30,2026-02-20 23:06:53,0.0606,1
7794,163,35,2026-02-20 23:13:01,0.35,0
5817,55,115,2026-02-20 23:18:45,0.3671,0
2311,136,12,2026-02-20 23:20:26,0.2155,1
3452,38,65,2026-02-20 23:25:37,0.269,0
5760,92,8,2026-02-20 23:30:18,0.2079,1
807,215,22,2026-02-20 23:56:22,0.2671,0
4930,75,8,2026-02-20 23:56:41,0.0,1
9609,224,12,2026-02-21 00:21:36,0.0,1
6449,161,12,2026-02-21 00:31:23,0.4303,0
8776,98,84,2026-02-21 00:40:07,0.1397,1
10491,33,42,2026-02-21 00:47:11,0.4545,0
11321,120,106,2026-02-21 00:57:51,0.5611,0
7349,125,9,2026-02-21 01:11:06,0.6663,0
10305,119,79,2026-02-21 01:24:58,0.5556,0
4937,29,89,2026-02-21 01:37:29,0.0,1
6003,186,87,2026-02-21 01:42:08,0.4846,0
2526,149,79,2026-02-21 01:58:56,0.4171,0
2171,215,116,2026-02-21 02:11:31,0.0,1
3644,54,33,2026-02-21 02:19:09,0.8197,0
10873,86,37,2026-02-21 02:19:29,0.0487,1
532,13,26,2026-02-21 02:19:47,0.1747,1
7899,139,61,2026-02-21 02:26:05,0.1641,1
8254,156,27,2026-02-21 02:26:37,0.5838,0
724,12,39,2026-02-21 02:43:38,0.6386,0
3654,21,54,2026-02-21 03:00:09,0.2126,1
733,60,18,2026-02-21 03:12:05,0.4311,0
9044,190,60,2026-02-21 03:14:32,1.0,0
6552,86,56,2026-02-21 03:33:44,0.4547,0
4464,231,117,2026-02-21 03:40:59,0.2082,1
8708,100,12,2026-02-21 04:03:25,0.1241,1
4244,104,67,2026-02-21 04:15:21,0.3444,0
3934,171,80,2026-02-21 04:17:45,0.2008,1
2758,21,60,2026-02-21 04:18:10,0.067,1
7408,5,50,2026-02-21 04:23:28,0.1685,1
7209,225,83,2026-02-21 04:27:58,0.5244,0
9600,223,23,2026-02-21 04:28:59,0.4465,0
8082,210,85,2026-02-21 04:31:02,0.1432,1
4069,202,37,2026-02-21 04:31:20,0.768,0
8115,58,57,2026-02-21 04:36:28,0.2403,1
5080,110,30,2026-02-21 04:37:57,1.0,0
10482,72,110,2026-02-21 04:40:05,0.5345,0
2099,151,25,2026-02-21 04:45:41,0.3754,0
2120,175,41,2026-02-21 04:54:35,0.2003,1
527,170,6,2026-02-21 05:23:24,0.4545,0
1177,244,101,2026-02-21 05:27:38,0.2138,1
8827,17,39,2026-02-21 05:29:44,0.0531,1
8510,13,54,2026-02-21 05:31:20,0.3157,0
6316,88,23,2026-02-21 05:48:31,0.4993,0
439,48,119,2026-02-21 06:07:58,0.0535,1
5138,81,68,2026-02-21 06:44:19,0.0111,1
9830,181,27,2026-02-21 06:47:48,0.3243,0
5447,110,110,2026-02-21 06:56:29,0.0,1
10470,246,117,2026-02-21 07:03:24,0.3619,0
4605,15,96,2026-02-21 07:27:07,0.433,0
2907,143,29,2026-02-21 07:33:48,0.3183,0
9201,217,104,2026-02-21 07:56:31,0.0,1
2360,36,115,2026-02-21 08:03:15,0.5389,0
10645,0,48,2026-02-21 08:08:23,0.1795,1
5298,212,90,2026-02-21 08:11:48,0.4976,0
1100,153,107,2026-02-21 08:32:06,0.4444,0
112,5,30,2026-02-21 08:33:07,0.24,1
6510,44,37,2026-02-21 08:34:18,0.0207,1
4262,89,32,2026-02-21 08:35:12,0.128,1
5801,23,37,2026-02-21 08:54:30,0.2825,0
6995,239,51,2026-02-21 09:03:35,0.5683,0
4237,116,58,2026-02-21 09:08:18,0.3205,0
10280,47,63,2026-02-21 09:08:54,0.3823,0
9591,84,109,2026-02-21 09:52:00,1.0,0
1505,140,14,2026-02-21 09:56:31,0.7327,0
7543,186,118,2026-02-21 09:59:00,0.4875,0
5083,247,94,2026-02-21 10:06:45,0.6215,0
210,125,11,2026-02-21 10:20:55,0.6177,0
1786,99,53,2026-02-21 10:25:45,0.0,1
11250,134,97,2026-02-21 10:40:36,0.3328,0
1375,109,117,2026-02-21 10:52:36,0.2373,1
9920,104,38,2026-02-21 11:00:00,0.5657,0
257,38,44,2026-02-21 11:02:00,0.7469,0
552,39,53,2026-02-21 11:02:16,0.3203,0
7030,87,89,2026-02-21 11:20:25,0.0,1
1921,180,38,2026-02-21 11:31:54,0.3782,0
8109,100,78,2026-02-21 11:46:23,0.196,1
3647,210,18,2026-02-21 11:56:19,0.0157,1
5949,101,37,2026-02-21 12:00:29,0.1294,1
4725,137,20,2026-02-21 12:11:26,0.3338,0
10293,239,89,2026-02-21 12:16:49,0.5744,0
4298,42,88,2026-02-21 12:24:51,0.3175,0
6371,222,107,2026-02-21 12:53:38,0.1938,1
826,100,85,2026-02-21 13:05:50,1.0,0
10866,221,116,2026-02-21 13:12:15,1.0,0
4842,241,55,2026-02-21 13:16:54,0.1902,1
10084,208,6,2026-02-21 13:16:55,0.6917,0
1594,142,98,2026-02-21 14:06:11,0.2624,0
7334,151,112,2026-02-21 14:47:40,0.6734,0
5133,103,86,2026-02-21 14:47:46,0.4369,0
2195,39,51,2026-02-21 15:00:54,0.4287,0
1463,87,8,2026-02-21 15:02:43,0.0,1
7977,47,35,2026-02-21 15:05:11,1.0,0
6367,191,16,2026-02-21 15:13:48,0.6516,0
4521,5,68,2026-02-21 16:00:33,0.2936,0
3115,204,3,2026-02-21 16:14:44,0.5863,0
930,185,91,2026-02-21 16:16:11,0.5058,0
10551,123,82,2026-02-21 16:33:54,0.0998,1
7652,19,119,2026-02-21 16:47:57,0.0298,1
11312,67,112,2026-02-21 16:52:48,0.8112,0
5647,174,9,2026-02-21 16:52:57,0.6123,0
3802,222,60,2026-02-21 16:53:30,0.6253,0
6797,206,86,2026-02-21 17:07:22,0.2559,0
9669,171,52,2026-02-21 17:48:35,1.0,0
5333,37,51,2026-02-21 18:06:51,0.963,0
4219,172,35,2026-02-21 18:19:57,0.3786,0
2796,225,89,2026-02-21 18:21:11,0.203,1
7153,9,39,2026-02-21 18:52:33,0.1046,1
4731,152,65,2026-02-21 18:57:45,0.1983,1
5226,82,64,2026-02-21 19:20:02,0.899,0
2347,69,82,2026-02-21 19:32:57,0.0,1
2361,22,62,2026-02-21 19:34:42,0.2858,0
3149,141,110,2026-02-21 19:48:19,0.1815,1
6616,105,63,2026-02-21 20:09:06,0.56,0
5190,74,57,2026-02-21 20:12:04,0.4316,0
8471,42,36,2026-02-21 20:14:13,0.4159,0
9541,242,28,2026-02-21 20:36:59,1.0,0
4353,225,6,2026-02-21 20:41:26,0.546,0
1893,166,61,2026-02-21 20:45:45,0.5026,0
1814,134,76,2026-02-21 21:00:18,0.0958,1
8439,52,56,2026-02-21 21:04:03,0.9091,0
7453,158,56,2026-02-21 21:10:46,0.2726,0
8140,43,81,2026-02-21 21:30:52,1.0,0
8825,118,21,2026-02-21 21:31:35,0.6355,0
4455,159,50,2026-02-21 21:44:00,0.4183,0
49,211,60,2026-02-21 22:08:58,0.6949,0
117,197,63,2026-02-21 22:10:51,0.2779,0
6059,1,17,2026-02-21 22:21:32,0.2017,1
7562,19,50,2026-02-21 22:31:57,0.28,0
3166,65,3,2026-02-21 22:46:02,0.8718,0
1383,6,47,2026-02-21 23:00:47,0.2143,1
11196,2,15,2026-02-22 00:26:59,0.7175,0
6228,127,15,2026-02-22 00:29:58,0.2996,0
3751,161,113,2026-02-22 00:33:24,0.0769,1
929,77,3,2026-02-22 00:43:44,0.0848,1
9967,181,14,2026-02-22 00:56:29,0.3399,0
442,158,82,2026-02-22 01:07:07,0.1746,1
1881,249,66,2026-02-22 01:40:42,0.3287,0
7875,22,106,2026-02-22 01:41:30,0.606,0
6611,99,70,2026-02-22 02:01:44,0.3784,0
4877,169,111,2026-02-22 02:09:41,0.3221,0
7190,101,79,2026-02-22 02:14:50,0.4154,0
10120,38,103,2026-02-22 02:18:55,0.2726,0
2619,224,51,2026-02-22 02:20:45,0.7376,0
4467,83,8,2026-02-22 02:21:53,0.6032,0
9902,173,63,2026-02-22 02:27:05,0.1545,1
6363,175,83,2026-02-22 02:30:23,0.0815,1
11380,127,13,2026-02-22 03:10:14,0.0,1
4478,36,18,2026-02-22 03:14:58,0.4566,0
9924,180,93,2026-02-22 03:16:10,0.2993,0
3669,156,44,2026-02-22 03:17:30,0.4317,0
5848,227,2,2026-02-22 03:27:12,0.2921,0
7265,1,33,2026-02-22 03:35:24,0.6261,0
2511,220,28,2026-02-22 03:42:40,0.5717,0
4618,224,111,2026-02-22 04:05:03,0.361,0
5200,34,91,2026-02-22 04:05:28,0.5075,0
1116,190,19,2026-02-22 04:10:25,0.6044,0
8602,33,39,2026-02-22 04:21:41,0.1978,1
599,243,4,2026-02-22 04:27:14,1.0,0
7599,151,44,2026-02-22 04:44:55,0.2239,1
64,86,52,2026-02-22 04:52:37,0.9588,0
8318,10,64,2026-02-22 05:08:59,0.4725,0
11055,23,117,2026-02-22 05:14:08,0.3032,0
5217,186,118,2026-02-22 05:44:48,0.4332,0
3696,200,102,2026-02-22 05:53:03,1.0,0
10676,159,54,2026-02-22 06:13:15,0.1076,1
2022,153,74,2026-02-22 06:31:04,0.1248,1
8118,50,63,2026-02-22 06:37:14,0.6852,0
11609,166,57,2026-02-22 06:46:05,0.1887,1
713,61,66,2026-02-22 07:01:37,0.6804,0
2743,74,111,2026-02-22 07:10:13,0.4675,0
1067,156,78,2026-02-22 07:14:13,0.6502,0
5888,52,87,2026-02-22 07:26:19,0.653,0
7824,216,17,2026-02-22 07:47:45,0.4354,0
8149,228,33,2026-02-22 07:52:55,0.6124,0
3530,242,62,2026-02-22 07:53:53,0.725,0
10830,40,117,2026-02-22 07:54:57,0.2374,1
1305,159,118,2026-02-22 08:04:38,0.3455,0
2425,79,109,2026-02-22 08:21:27,0.9288,0
11179,56,26,2026-02-22 08:23:46,0.4342,0
6421,167,111,2026-02-22 08:35:10,0.5194,0
5218,144,96,2026-02-22 08:44:33,1.0,0
11314,233,73,2026-02-22 08:56:19,0.6004,0
1097,199,46,2026-02-22 09:00:54,0.2813,0
10271,87,10,2026-02-22 09:02:49,0.2909,0
2888,95,67,2026-02-22 09:13:46,0.3996,0
1724,81,19,2026-02-22 09:17:15,0.3428,0
5953,216,115,2026-02-22 09:25:48,0.4395,0
9881,78,5,2026-02-22 09:29:07,0.0,1
9218,36,60,2026-02-22 09:31:05,0.6894,0
6127,156,105,2026-02-22 09:53:40,0.2042,1
8489,152,3,2026-02-22 09:53:43,0.3941,0
7382,37,24,2026-02-22 10:11:49,0.2882,0
7724,82,41,2026-02-22 10:25:44,0.0,1
7477,10,110,2026-02-22 10:53:33,0.1105,1
8506,132,37,2026-02-22 10:55:38,0.6909,0
1828,195,68,2026-02-22 11:30:28,0.0,1
961,178,86,2026-02-22 11:46:57,0.6093,0
10980,126,74,2026-02-22 11:48:16,0.4201,0
4418,104,36,2026-02-22 11:50:58,0.6221,0
5426,238,104,2026-02-22 11:53:00,0.5951,0
7990,147,22,2026-02-22 12:07:22,0.7129,0
7311,148,81,2026-02-22 12:18:41,0.5189,0
5256,1,50,2026-02-22 12:38:14,0.0776,1
11587,62,19,2026-02-22 12:43:13,0.5458,0
1946,112,10,2026-02-22 12:43:26,0.5821,0
9008,73,92,2026-02-22 12:50:21,0.2922,0
9187,186,33,2026-02-22 13:04:03,0.3949,0
6803,81,46,2026-02-22 13:17:48,0.7178,0
9451,177,14,2026-02-22 13:28:31,0.4593,0
6875,237,54,2026-02-22 13:36:39,0.3816,0
11714,138,90,2026-02-22 13:45:46,0.3181,0
7179,194,95,2026-02-22 14:23:19,0.33,0
8511,76,4,2026-02-22 14:52:30,0.1855,1
2586,88,11,2026-02-22 14:57:54,0.071,1
4576,198,44,2026-02-22 14:59:04,0.0155,1
6056,107,117,2026-02-22 15:01:00,0.5214,0
11379,127,19,2026-02-22 15:06:41,0.138,1
7906,172,91,2026-02-22 15:12:20,0.3671,0
11267,11,42,2026-02-22 15:12:37,0.7383,0
10926,85,118,2026-02-22 15:21:15,0.2843,0
9706,41,67,2026-02-22 15:31:50,0.7247,0
9537,189,117,2026-02-22 15:33:48,0.8571,0
8130,9,32,2026-02-22 15:42:11,0.0,1
8336,215,70,2026-02-22 16:04:53,0.5959,0
1550,72,47,2026-02-22 16:07:45,1.0,0
6067,196,33,2026-02-22 16:25:16,0.2091,1
3558,122,79,2026-02-22 16:31:57,0.4905,0
5284,130,29,2026-02-22 16:33:31,0.5691,0
5682,53,46,2026-02-22 16:39:41,0.358,0
8027,157,21,2026-02-22 16:45:24,0.0029,1
5433,225,111,2026-02-22 17:03:46,0.5176,0
2866,45,43,2026-02-22 17:09:11,0.4869,0
6665,90,20,2026-02-22 17:45:38,0.2799,0
9480,154,22,2026-02-22 17:54:33,0.2001,1
5300,86,42,2026-02-22 17:57:08,0.1333,1
8841,29,38,2026-02-22 18:03:15,0.4195,0
139,228,28,2026-02-22 18:06:47,0.6265,0
2356,89,16,2026-02-22 18:11:56,0.2723,0
5593,142,33,2026-02-22 18:23:41,0.4665,0
8521,8,54,2026-02-22 18:35:42,0.0376,1
4456,158,23,2026-02-22 18:46:45,0.3249,0
8964,220,112,2026-02-22 18:46:45,1.0,0
1728,121,90,2026-02-22 18:57:14,0.6406,0
6568,148,95,2026-02-22 18:57:21,0.0,1
5357,148,12,2026-02-22 18:59:05,0.0,1
8864,45,57,2026-02-22 19:08:58,0.0,1
6395,122,110,2026-02-22 19:16:42,0.1895,1
7230,81,15,2026-02-22 19:28:02,0.4713,0
8783,193,98,2026-02-22 19:32:51,0.0223,1
6645,46,97,2026-02-22 19:48:52,0.2882,0
4996,77,10,2026-02-22 19:49:04,0.6578,0
10579,13,81,2026-02-22 19:49:21,0.054,1
5186,75,12,2026-02-22 19:49:53,0.0,1
5762,67,109,2026-02-22 19:52:25,0.2715,0
1078,81,88,2026-02-22 20:12:51,0.5416,0
982,85,59,2026-02-22 20:24:35,0.3694,0
9279,70,49,2026-02-22 20:29:57,0.1878,1
11843,174,117,2026-02-22 20:32:06,0.4117,0
6636,54,73,2026-02-22 21:03:01,0.1365,1
9386,49,38,2026-02-22 21:14:46,0.5281,0
11984,10,70,2026-02-22 21:18:09,0.5597,0
4620,157,77,2026-02-22 21:34:59,0.697,0
2988,129,22,2026-02-22 21:36:46,0.703,0
9351,97,60,2026-02-22 21:38:34,0.9234,0
8891,41,32,2026-02-22 21:40:57,0.171,1
11513,113,71,2026-02-22 21:43:15,0.5397,0
1503,226,112,2026-02-22 21:46:41,0.6176,0
2036,134,44,2026-02-22 21:54:12,0.3565,0
8335,140,78,2026-02-22 22:02:55,0.2954,0
8639,193,15,2026-02-22 22:05:02,0.3113,0
4279,216,31,2026-02-22 22:19:58,0.42,0
7686,209,72,2026-02-22 22:25:19,0.5617,0
2169,89,59,2026-02-22 22:36:27,0.0,1
3069,109,99,2026-02-22 22:44:43,0.5011,0
5155,67,12,2026-02-22 22:51:57,1.0,0
7556,28,118,2026-02-22 22:52:18,0.0759,1
7852,109,74,2026-02-22 23:30:36,0.0085,1
9125,208,74,2026-02-22 23:39:59,0.2781,0
5257,240,4,2026-02-23 00:12:39,0.4313,0
10315,81,104,2026-02-23 00:23:54,0.6815,0
3485,110,85,2026-02-23 00:29:46,0.1992,1
10489,221,72,2026-02-23 00:33:17,0.2037,1
9131,78,23,2026-02-23 00:35:43,0.2859,0
8492,205,96,2026-02-23 00:37:08,0.1165,1
7622,5,80,2026-02-23 00:50:00,0.0781,1
8631,91,2,2026-02-23 00:50:32,0.1836,1
1053,214,80,2026-02-23 00:50:34,0.1306,1
3501,76,12,2026-02-23 00:53:57,0.5887,0
8967,44,104,2026-02-23 00:57:45,0.533,0
11054,246,38,2026-02-23 01:07:40,0.3491,0
6171,16,115,2026-02-23 01:09:01,0.7196,0
9755,57,36,2026-02-23 01:20:05,1.0,0
5198,119,37,2026-02-23 01:30:07,0.2971,0
2412,50,91,2026-02-23 01:31:28,0.5194,0
3464,135,16,2026-02-23 01:48:51,0.3049,0
7817,158,22,2026-02-23 02:19:42,0.2944,0
2018,97,114,2026-02-23 02:36:23,0.6912,0
6133,85,66,2026-02-23 02:40:33,1.0,0
9239,137,97,2026-02-23 02:52:10,0.1295,1
5864,35,91,2026-02-23 03:21:06,0.2356,1
2744,136,43,2026-02-23 03:26:38,0.1799,1
2077,33,77,2026-02-23 03:28:25,0.0,1
1979,89,60,2026-02-23 03:35:19,0.5707,0
857,27,118,2026-02-23 03:43:32,0.8199,0
6392,89,16,2026-02-23 03:43:44,0.3077,0
11927,49,110,2026-02-23 03:55:11,0.9824,0
4721,126,45,2026-02-23 04:04:55,0.7212,0
9612,195,41,2026-02-23 04:21:36,0.3864,0
3269,113,74,2026-02-23 04:47:28,0.4475,0
10089,186,28,2026-02-23 04:56:56,0.5622,0
1819,169,70,2026-02-23 05:16:46,0.3908,0
9961,147,88,2026-02-23 05:44:26,0.7358,0
5493,70,24,2026-02-23 05:52:11,0.541,0
6737,25,62,2026-02-23 06:04:21,0.6692,0
2772,32,54,2026-02-23 06:08:45,0.5969,0
4358,95,13,2026-02-23 06:16:27,0.1592,1
8343,121,114,2026-02-23 06:20:51,0.6573,0
2054,235,41,2026-02-23 06:21:34,0.3831,0
3085,66,103,2026-02-23 06:43:18,0.2284,1
8026,249,80,2026-02-23 06:48:28,0.3367,0
6734,41,33,2026-02-23 07:19:16,0.0,1
9727,92,19,2026-02-23 07:23:09,0.7688,0
8378,73,112,2026-02-23 07:30:15,1.0,0
6894,172,62,2026-02-23 07:56:20,0.2887,0
7403,187,118,2026-02-23 08:00:46,0.0,1
10723,147,116,2026-02-23 08:18:43,0.0701,1
8782,103,36,2026-02-23 08:19:54,0.5071,0
4786,70,111,2026-02-23 08:29:21,0.6424,0
8139,172,101,2026-02-23 08:41:02,0.1598,1
5249,220,19,2026-02-23 08:41:13,0.256,0
2440,202,61,2026-02-23 08:43:21,0.4893,0
4225,69,5,2026-02-23 08:50:49,0.4886,0
3313,67,68,2026-02-23 09:15:29,0.5204,0
4619,151,106,2026-02-23 09:20:44,0.1806,1
7131,239,10,2026-02-23 09:37:47,0.2396,1
8267,243,102,2026-02-23 09:44:35,0.4514,0
497,229,100,2026-02-23 10:00:07,0.7061,0
7859,2,92,2026-02-23 10:09:38,0.3045,0
8541,195,40,2026-02-23 10:12:58,0.5283,0
3213,125,36,2026-02-23 10:52:06,0.277,0
4899,26,62,2026-02-23 10:58:38,0.2405,1
3490,198,65,2026-02-23 10:59:11,0.2165,1
6683,127,13,2026-02-23 11:18:29,0.2749,0
7704,234,98,2026-02-23 11:33:38,0.2959,0
5253,248,104,2026-02-23 12:10:06,0.5804,0
866,235,0,2026-02-23 12:32:22,0.4116,0
8155,16,33,2026-02-23 12:35:42,0.2768,0
8770,115,60,2026-02-23 12:46:59,0.0499,1
10463,192,3,2026-02-23 13:03:58,0.6314,0
2543,182,27,2026-02-23 13:14:17,0.3323,0
1746,236,115,2026-02-23 13:30:37,0.4007,0
2109,211,16,2026-02-23 13:36:04,0.413,0
53,187,69,2026-02-23 13:40:31,0.2543,0
11096,141,91,2026-02-23 14:24:55,0.091,1
7452,145,3,2026-02-23 14:29:30,0.3822,0
5656,15,53,2026-02-23 14:42:34,0.4545,0
5243,5,39,2026-02-23 14:44:50,0.0641,1
10505,59,24,2026-02-23 14:52:47,0.0,1
11939,176,50,2026-02-23 14:52:57,0.4432,0
246,17,29,2026-02-23 15:00:40,0.5501,0
10472,232,119,2026-02-23 15:02:05,0.7051,0
7059,0,102,2026-02-23 15:10:48,0.2193,1
1343,58,88,2026-02-23 15:13:50,0.2034,1
6650,40,62,2026-02-23 15:18:50,0.1932,1
4190,130,58,2026-02-23 15:22:24,0.5301,0
6754,133,9,2026-02-23 15:24:22,0.6484,0
7969,36,55,2026-02-23 15:27:21,0.4504,0
9733,91,50,2026-02-23 15:29:46,0.2586,0
1426,216,117,2026-02-23 15:44:47,0.2417,1
2864,127,68,2026-02-23 16:10:06,0.4825,0
10592,117,10,2026-02-23 16:13:39,0.4974,0
6542,147,35,2026-02-23 16:22:54,0.6844,0
10024,63,32,2026-02-23 16:39:09,0.2498,1
6947,232,105,2026-02-23 16:50:07,0.4334,0
9184,25,56,2026-02-23 17:08:05,0.3873,0
5076,73,80,2026-02-23 17:13:33,0.352,0
6713,238,65,2026-02-23 17:19:05,0.1334,1
44,19,2,2026-02-23 17:47:56,0.6833,0
7861,109,32,2026-02-23 17:58:19,1.0,0
6531,235,83,2026-02-23 18:06:02,0.0,1
9198,232,47,2026-02-23 18:35:08,0.0,1
2026,63,113,2026-02-23 19:06:22,1.0,0
8957,194,9,2026-02-23 19:07:08,0.5249,0
9582,176,7,2026-02-23 19:19:45,0.5822,0
1818,227,55,2026-02-23 19:22:20,0.0731,1
1181,96,102,2026-02-23 19:23:32,0.0617,1
10263,87,4,2026-02-23 19:34:49,0.1081,1
11546,48,50,2026-02-23 20:18:07,0.0,1
7225,71,93,2026-02-23 20:22:51,0.0,1
10328,77,91,2026-02-23 20:23:51,0.6373,0
4905,98,25,2026-02-23 20:26:18,0.6355,0
11152,230,29,2026-02-23 20:51:35,0.4196,0
837,39,86,2026-02-23 20:58:02,0.0,1
9508,41,63,2026-02-23 21:01:01,0.537,0
678,25,80,2026-02-23 21:03:41,0.3145,0
3771,106,103,2026-02-23 21:06:03,0.5836,0
3694,35,90,2026-02-23 21:18:33,0.7628,0
6008,119,69,2026-02-23 21:23:41,0.5154,0
8522,174,82,2026-02-23 21:43:33,0.6304,0
3086,230,90,2026-02-23 22:02:23,0.3548,0
8721,210,32,2026-02-23 22:11:17,0.6008,0
6321,144,80,2026-02-23 22:33:41,0.5336,0
10204,197,72,2026-02-23 22:58:54,0.3935,0
7803,174,64,2026-02-23 23:04:13,0.4982,0
5648,164,90,2026-02-23 23:14:21,0.154,1
6590,236,34,2026-02-23 23:16:07,0.3014,0
6303,105,62,2026-02-23 23:29:27,0.4533,0
197,21,29,2026-02-23 23:49:09,0.501,0
533,71,106,2026-02-23 23:49:55,1.0,0
11219,167,92,2026-02-23 23:53:27,0.3522,0
8562,23,71,2026-02-24 00:24:04,0.4682,0
7032,152,10,2026-02-24 00:26:16,0.4516,0
3730,225,11,2026-02-24 00:57:23,0.2654,0
1559,23,114,2026-02-24 00:59:35,0.7569,0
3993,188,116,2026-02-24 01:24:03,0.4954,0
6479,151,18,2026-02-24 01:33:12,0.1206,1
11480,248,57,2026-02-24 01:35:24,0.3892,0
1625,97,0,2026-02-24 01:50:38,0.5262,0
11453,212,12,2026-02-24 02:02:35,0.1368,1
9400,221,15,2026-02-24 02:05:14,0.6525,0
3502,34,103,2026-02-24 02:06:35,0.4889,0
5232,237,1,2026-02-24 02:17:47,0.9517,0
5388,85,64,2026-02-24 03:02:20,0.5259,0
3482,71,12,2026-02-24 03:20:36,0.3259,0
11371,9,76,2026-02-24 03:26:15,0.4644,0
9388,30,106,2026-02-24 03:30:40,0.629,0
11107,90,109,2026-02-24 03:31:53,0.2545,0
11980,229,27,2026-02-24 03:37:35,0.3444,0
7364,77,0,2026-02-24 03:57:00,1.0,0
6275,33,84,2026-02-24 04:20:21,0.2344,1
3240,187,67,2026-02-24 04:21:03,0.1891,1
8656,23,116,2026-02-24 04:45:20,0.2575,0
8150,143,69,2026-02-24 04:48:52,0.5708,0
1904,122,21,2026-02-24 05:18:03,0.3183,0
6486,61,83,2026-02-24 05:47:27,0.6196,0
2626,135,36,2026-02-24 05:59:15,0.7303,0
5383,219,32,2026-02-24 06:19:12,0.5099,0
10334,200,63,2026-02-24 06:22:22,0.6877,0
7948,226,27,2026-02-24 06:48:27,0.7764,0
3416,174,21,2026-02-24 06:49:27,0.4982,0
69,109,47,2026-02-24 06:49:43,0.7386,0
6533,62,67,2026-02-24 06:53:49,0.3231,0
3992,240,59,2026-02-24 06:57:52,0.2435,1
10753,135,43,2026-02-24 07:00:56,0.6222,0
4886,63,7,2026-02-24 07:09:25,0.0317,1
5796,224,36,2026-02-24 07:13:29,0.4555,0
1360,76,93,2026-02-24 07:21:39,0.1118,1
11702,117,55,2026-02-24 07:44:13,0.9416,0
8381,193,20,2026-02-24 07:53:45,0.5753,0
5119,141,43,2026-02-24 07:58:56,0.2451,1
8294,174,38,2026-02-24 08:03:43,0.6603,0
11077,76,106,2026-02-24 08:17:33,0.1886,1
11773,39,6,2026-02-24 08:32:33,0.7529,0
9410,180,38,2026-02-24 08:39:11,0.7312,0
8837,197,78,2026-02-24 08:41:14,0.1993,1
1915,191,99,2026-02-24 08:44:35,0.1501,1
7014,104,74,2026-02-24 09:32:07,0.6355,0
4961,164,96,2026-02-24 10:02:05,0.5102,0
3205,211,82,2026-02-24 10:14:40,0.5293,0
9743,53,65,2026-02-24 10:28:01,0.4012,0
1443,186,59,2026-02-24 10:32:41,0.6093,0
8136,224,54,2026-02-24 10:35:35,0.4141,0
5706,218,36,2026-02-24 10:35:42,0.5054,0
6110,1,78,2026-02-24 11:12:32,0.1562,1
11336,179,115,2026-02-24 11:20:25,1.0,0
3829,232,28,2026-02-24 11:39:55,0.845,0
4282,213,39,2026-02-24 11:45:11,1.0,0
11535,20,54,2026-02-24 11:46:19,0.4257,0
6789,18,8,2026-02-24 12:25:30,0.3162,0
10623,3,115,2026-02-24 12:35:43,0.5498,0
980,10,7,2026-02-24 12:48:20,0.0,1
6136,224,113,2026-02-24 13:10:57,0.3451,0
3873,144,3,2026-02-24 13:25:52,0.7873,0
2564,2,96,2026-02-24 13:32:32,0.0,1
2708,50,24,2026-02-24 14:08:57,0.58,0
1618,193,25,2026-02-24 14:10:36,0.085,1
3193,73,95,2026-02-24 14:10:47,0.2646,0
3066,188,35,2026-02-24 14:15:44,0.6077,0
4189,80,77,2026-02-24 14:24:45,0.5272,0
7426,103,104,2026-02-24 14:45:31,0.2817,0
580,1,11,2026-02-24 14:52:38,0.0257,1
2992,164,5,2026-02-24 14:57:39,0.5407,0
6386,36,63,2026-02-24 15:05:26,0.632,0
8637,154,55,2026-02-24 15:06:49,0.5395,0
6244,140,24,2026-02-24 15:08:22,0.0146,1
3286,100,61,2026-02-24 15:44:40,0.2398,1
3154,187,34,2026-02-24 15:50:53,0.8811,0
4735,199,77,2026-02-24 15:55:17,0.425,0
7442,5,11,2026-02-24 16:02:25,0.2951,0
3707,20,72,2026-02-24 16:24:33,0.5422,0
2202,87,87,2026-02-24 16:28:10,0.6415,0
9578,107,110,2026-02-24 16:31:43,0.7006,0
2482,172,13,2026-02-24 16:41:57,0.452,0
3727,137,17,2026-02-24 16:54:50,0.5224,0
8370,160,4,2026-02-24 17:14:46,0.4918,0
4270,242,101,2026-02-24 17:14:59,1.0,0
10471,180,46,2026-02-24 17:30:36,0.2371,1
11725,95,11,2026-02-24 17:39:33,0.6347,0
422,115,86,2026-02-24 18:00:16,0.0889,1
4902,162,28,2026-02-24 18:40:17,0.5025,0
3966,224,90,2026-02-24 18:40:39,0.9368,0
4474,131,90,2026-02-24 18:54:58,0.4226,0
7680,0,30,2026-02-24 19:08:25,0.5413,0
1599,79,18,2026-02-24 19:11:35,0.459,0
416,49,3,2026-02-24 19:15:42,0.0109,1
5408,133,84,2026-02-24 19:16:40,0.2997,0
6165,213,91,2026-02-24 19:27:37,0.4826,0
11521,157,31,2026-02-24 19:29:27,0.3243,0
1476,115,48,2026-02-24 19:30:38,0.0403,1
8126,202,117,2026-02-24 19:33:22,0.1321,1
5546,141,39,2026-02-24 19:44:00,0.3833,0
3350,188,76,2026-02-24 19:45:50,0.9044,0
7571,180,114,2026-02-24 20:05:37,0.144,1
5780,141,1,2026-02-24 20:10:52,0.4221,0
11711,17,54,2026-02-24 20:35:54,0.175,1
10997,240,70,2026-02-24 20:49:06,0.2322,1
10020,38,13,2026-02-24 20:57:40,0.5779,0
6283,130,48,2026-02-24 21:03:52,0.0306,1
4711,45,60,2026-02-24 21:18:30,0.6634,0
3738,192,61,2026-02-24 21:25:07,0.1755,1
7733,5,80,2026-02-24 21:32:59,0.0028,1
681,249,43,2026-02-24 21:46:15,0.2188,1
11789,98,102,2026-02-24 22:10:48,0.4258,0
6509,44,71,2026-02-24 22:14:23,0.9562,0
5010,195,19,2026-02-24 22:20:36,0.0798,1
9852,184,50,2026-02-24 22:22:22,0.3297,0
10667,57,17,2026-02-24 22:24:31,0.1547,1
1275,122,35,2026-02-24 22:27:36,0.5504,0
1021,69,63,2026-02-24 22:33:28,0.4916,0
11339,59,5,2026-02-24 22:34:32,0.5727,0
8017,117,100,2026-02-24 22:50:55,0.3102,0
1744,222,88,2026-02-24 23:10:22,0.1774,1
5973,169,80,2026-02-24 23:34:06,0.2654,0
8276,202,81,2026-02-24 23:42:42,0.3519,0
8925,204,25,2026-02-24 23:55:02,1.0,0
9855,26,90,2026-02-25 00:04:35,0.7218,0
5880,118,82,2026-02-25 00:28:01,0.7319,0
7286,210,96,2026-02-25 00:31:38,0.5078,0
86,56,17,2026-02-25 00:32:06,0.639,0
2673,87,63,2026-02-25 00:51:09,0.8101,0
10372,183,58,2026-02-25 01:07:29,0.5349,0
4913,247,91,2026-02-25 01:29:24,0.432,0
2932,210,72,2026-02-25 01:52:05,0.0057,1
11726,152,38,2026-02-25 01:59:19,0.1855,1
4756,43,29,2026-02-25 02:00:08,0.3566,0
10856,208,110,2026-02-25 02:00:59,0.3293,0
10760,173,90,2026-02-25 02:04:15,0.5716,0
6806,222,89,2026-02-25 02:07:00,0.725,0
9862,105,21,2026-02-25 02:19:26,0.5687,0
7471,51,26,2026-02-25 02:30:09,0.2086,1
7300,103,9,2026-02-25 02:37:30,0.2449,1
889,174,96,2026-02-25 02:43:13,0.3552,0
3510,243,103,2026-02-25 02:46:19,0.5642,0
4401,96,91,2026-02-25 02:50:15,0.5156,0
1629,185,33,2026-02-25 02:51:58,1.0,0
4214,27,70,2026-02-25 03:03:38,0.1937,1
11539,211,51,2026-02-25 03:19:25,0.2514,0
7664,138,97,2026-02-25 03:36:42,0.468,0
8596,211,85,2026-02-25 03:52:51,0.5592,0
728,236,4,2026-02-25 03:55:36,0.4688,0
7028,78,4,2026-02-25 03:59:23,0.3421,0
4813,10,107,2026-02-25 04:50:58,0.6401,0
7116,247,96,2026-02-25 04:51:13,0.3492,0
2809,109,20,2026-02-25 04:56:53,0.6811,0
11418,245,63,2026-02-25 05:07:30,0.1734,1
5608,28,24,2026-02-25 05:07:34,0.3878,0
205,242,44,2026-02-25 05:24:10,0.0,1
5294,137,65,2026-02-25 05:31:44,0.7801,0
8646,88,46,2026-02-25 05:32:37,0.756,0
5034,124,2,2026-02-25 05:36:37,0.5406,0
5345,239,51,2026-02-25 05:38:29,0.253,0
5096,186,4,2026-02-25 05:49:54,0.2167,1
7838,203,37,2026-02-25 05:52:04,0.2703,0
4649,215,77,2026-02-25 06:37:29,0.6706,0
2617,27,93,2026-02-25 07:13:57,0.4139,0
9616,133,58,2026-02-25 07:16:47,0.3379,0
8758,169,11,2026-02-25 07:20:43,0.5088,0
712,46,114,2026-02-25 07:31:21,0.4806,0
8599,65,103,2026-02-25 07:32:46,0.6975,0
7986,118,112,2026-02-25 07:57:19,1.0,0
7322,245,44,2026-02-25 09:00:21,0.4334,0
1150,242,103,2026-02-25 09:29:09,0.2562,0
7253,95,16,2026-02-25 09:45:56,0.6554,0
11966,156,116,2026-02-25 09:46:14,0.1265,1
6898,82,56,2026-02-25 10:19:54,0.0,1
8281,0,66,2026-02-25 10:29:30,0.3146,0
11089,45,35,2026-02-25 10:39:11,0.7096,0
2853,185,93,2026-02-25 10:58:12,0.4667,0
3767,31,31,2026-02-25 11:17:20,0.3534,0
4892,83,70,2026-02-25 11:35:22,0.3975,0
7084,68,72,2026-02-25 11:46:35,0.6381,0
10794,246,71,2026-02-25 11:56:04,0.0045,1
8031,162,24,2026-02-25 12:08:58,0.5157,0
8346,31,83,2026-02-25 12:10:03,0.4609,0
10735,144,42,2026-02-25 12:22:17,0.7102,0
8991,124,113,2026-02-25 12:30:57,0.4369,0
9793,171,69,2026-02-25 12:39:18,0.1768,1
1520,193,22,2026-02-25 12:44:24,0.6393,0
9969,196,39,2026-02-25 13:00:12,0.0,1
1538,107,4,2026-02-25 13:01:02,0.9909,0
5539,118,62,2026-02-25 13:15:01,0.3677,0
3117,227,115,2026-02-25 13:20:22,0.6201,0
9608,99,30,2026-02-25 13:41:42,0.5189,0
2255,100,69,2026-02-25 13:43:57,0.8134,0
449,52,119,2026-02-25 13:56:37,0.0545,1
5342,74,55,2026-02-25 14:11:50,0.5054,0
3451,246,1,2026-02-25 14:12:59,0.3633,0
811,63,111,2026-02-25 14:34:51,0.5508,0
3239,55,80,2026-02-25 14:47:58,0.6794,0
8415,144,62,2026-02-25 15:15:28,0.5532,0
5724,22,37,2026-02-25 15:24:44,0.6314,0
1046,145,76,2026-02-25 15:31:53,0.0,1
1873,1,13,2026-02-25 15:31:59,0.3465,0
6413,211,83,2026-02-25 15:32:28,0.2502,0
2391,89,51,2026-02-25 15:37:21,0.4417,0
10082,26,112,2026-02-25 15:40:03,0.4945,0
11575,235,64,2026-02-25 15:51:55,0.3218,0
5146,39,63,2026-02-25 16:10:20,0.183,1
1699,41,50,2026-02-25 16:12:29,0.3888,0
1776,99,21,2026-02-25 16:24:50,0.7284,0
10818,157,109,2026-02-25 16:29:20,0.7777,0
1777,132,112,2026-02-25 16:34:36,0.7072,0
4656,73,30,2026-02-25 16:47:04,0.0,1
10360,169,51,2026-02-25 16:53:32,0.0,1
322,241,111,2026-02-25 17:04:31,0.0839,1
11563,180,92,2026-02-25 17:47:37,0.3741,0
5086,27,19,2026-02-25 18:07:07,0.3352,0
4011,167,13,2026-02-25 18:18:58,0.0431,1
4299,53,51,2026-02-25 18:47:41,0.4996,0
4309,183,8,2026-02-25 18:53:03,0.0,1
7631,180,85,2026-02-25 19:04:28,0.0639,1
9575,228,38,2026-02-25 19:40:30,1.0,0
1678,148,90,2026-02-25 19:48:22,0.4548,0
8632,176,80,2026-02-25 19:49:46,0.6208,0
9835,166,2,2026-02-25 19:50:39,0.3283,0
9156,228,99,2026-02-25 19:51:27,0.4318,0
11926,223,88,2026-02-25 20:20:00,0.5821,0
2923,15,34,2026-02-25 20:37:11,0.0912,1
4196,27,84,2026-02-25 20:38:55,0.1001,1
2080,176,100,2026-02-25 20:41:05,0.6022,0
9481,45,40,2026-02-25 20:51:52,0.0921,1
2183,98,23,2026-02-25 21:01:58,0.2696,0
11141,167,73,2026-02-25 21:22:55,0.3465,0
7662,247,77,2026-02-25 21:41:36,0.403,0
4336,184,56,2026-02-25 22:04:09,0.459,0
138,73,32,2026-02-25 22:13:24,0.7422,0
671,242,102,2026-02-25 22:17:19,0.5333,0
7675,77,37,2026-02-25 22:36:35,0.0613,1
7621,111,1,2026-02-25 22:43:41,0.0382,1
10965,222,107,2026-02-25 22:45:21,0.2941,0
10560,12,38,2026-02-25 22:47:41,0.5214,0
8284,97,2,2026-02-25 22:57:33,0.5493,0
390,128,21,2026-02-25 22:59:32,0.2912,0
8546,228,37,2026-02-25 23:25:04,0.5731,0
5636,123,33,2026-02-25 23:27:01,0.7628,0
2721,76,47,2026-02-25 23:31:34,0.7346,0
5422,141,47,2026-02-25 23:47:00,0.0884,1
9263,186,28,2026-02-25 23:50:41,0.3362,0
4067,103,113,2026-02-26 00:01:09,0.0,1
2519,12,23,2026-02-26 00:08:51,0.1716,1
429,203,53,2026-02-26 00:12:37,0.7608,0
11499,221,32,2026-02-26 00:13:57,0.0527,1
11669,54,113,2026-02-26 00:47:32,0.6206,0
4126,124,39,2026-02-26 01:46:30,0.1931,1
1157,169,16,2026-02-26 01:51:19,0.4405,0
6886,67,109,2026-02-26 01:56:54,0.0971,1
10093,248,109,2026-02-26 02:05:09,0.5017,0
4496,111,56,2026-02-26 02:07:18,0.195,1
10094,138,24,2026-02-26 02:20:17,0.67,0
4300,71,11,2026-02-26 02:20:31,1.0,0
4430,107,73,2026-02-26 02:34:35,0.2657,0
7052,125,22,2026-02-26 03:18:07,0.2611,0
8943,174,105,2026-02-26 03:18:11,0.3753,0
544,24,71,2026-02-26 03:43:21,0.0285,1
11849,4,72,2026-02-26 03:43:42,0.1148,1
11723,151,47,2026-02-26 04:12:05,0.0735,1
316,83,48,2026-02-26 04:23:13,0.3179,0
7046,174,97,2026-02-26 04:27:15,0.5803,0
5753,229,53,2026-02-26 04:41:17,0.4053,0
1657,179,114,2026-02-26 04:41:20,0.0845,1
10740,160,34,2026-02-26 04:51:52,0.5732,0
10254,237,116,2026-02-26 05:14:50,0.7648,0
1465,163,16,2026-02-26 05:18:15,0.4615,0
8290,189,112,2026-02-26 05:19:14,0.4262,0
1864,110,70,2026-02-26 05:28:14,0.8775,0
5065,14,118,2026-02-26 05:28:24,0.6021,0
2387,106,76,2026-02-26 05:32:55,0.5316,0
7931,119,29,2026-02-26 06:15:51,0.7961,0
1462,230,70,2026-02-26 06:16:38,0.0,1
1092,136,5,2026-02-26 06:22:13,0.4964,0
11064,116,26,2026-02-26 06:27:17,0.7614,0
8737,7,81,2026-02-26 06:29:47,0.0081,1
8988,124,94,2026-02-26 06:48:22,0.2043,1
7446,126,63,2026-02-26 06:49:42,0.2328,1
3088,91,100,2026-02-26 06:57:52,0.2793,0
4410,20,101,2026-02-26 07:24:21,0.0094,1
5457,101,80,2026-02-26 07:28:36,0.1523,1
8741,229,89,2026-02-26 07:29:16,0.6484,0
366,95,87,2026-02-26 08:00:11,0.7578,0
3959,95,105,2026-02-26 08:01:32,0.6111,0
5089,90,107,2026-02-26 08:11:19,0.3508,0
8955,248,54,2026-02-26 08:18:26,0.4336,0
2871,79,24,2026-02-26 08:20:18,0.5633,0
1674,201,33,2026-02-26 08:45:47,0.4017,0
1725,81,93,2026-02-26 09:12:49,0.0,1
2279,182,39,2026-02-26 09:16:28,1.0,0
11475,183,89,2026-02-26 09:24:05,0.6197,0
11308,193,9,2026-02-26 09:33:26,0.7558,0
11978,46,94,2026-02-26 10:09:36,0.0667,1
7978,60,85,2026-02-26 10:12:09,0.6963,0
6213,216,86,2026-02-26 10:14:58,0.1391,1
5335,33,97,2026-02-26 10:15:29,0.0847,1
2554,185,50,2026-02-26 10:16:44,0.7682,0
8808,239,22,2026-02-26 10:29:35,0.7378,0
11671,69,117,2026-02-26 11:10:01,0.1672,1
11607,234,114,2026-02-26 11:22:26,0.5872,0
9863,41,72,2026-02-26 11:36:14,0.49,0
11278,18,54,2026-02-26 11:53:28,0.1625,1
10496,37,38,2026-02-26 12:01:56,0.5563,0
3759,234,50,2026-02-26 12:07:49,0.2564,0
10183,33,69,2026-02-26 12:13:27,0.1259,1
698,125,40,2026-02-26 12:16:34,0.0,1
1249,197,119,2026-02-26 12:32:51,0.0716,1
8103,205,46,2026-02-26 12:33:16,0.4977,0
10789,138,90,2026-02-26 12:35:04,0.5182,0
5343,220,79,2026-02-26 12:45:20,0.1149,1
2283,242,44,2026-02-26 12:47:15,0.6108,0
600,183,35,2026-02-26 13:30:51,0.1149,1
6166,122,41,2026-02-26 13:46:05,0.7616,0
8010,28,28,2026-02-26 13:47:07,0.483,0
8715,40,118,2026-02-26 13:48:55,0.4007,0
10495,180,78,2026-02-26 13:53:48,0.4834,0
6539,133,118,2026-02-26 13:53:55,0.0575,1
1254,19,66,2026-02-26 13:55:54,0.4049,0
3478,19,88,2026-02-26 14:04:25,0.6621,0
781,156,60,2026-02-26 14:23:10,0.4958,0
2177,59,70,2026-02-26 14:26:22,0.0505,1
8244,106,21,2026-02-26 14:38:38,0.3662,0
6892,187,90,2026-02-26 14:55:16,0.3564,0
3590,171,113,2026-02-26 14:56:48,0.2563,0
4918,51,31,2026-02-26 15:06:15,0.4735,0
4259,51,42,2026-02-26 15:31:10,0.4124,0
11461,204,71,2026-02-26 15:42:50,0.6181,0
11549,51,37,2026-02-26 15:49:29,0.7611,0
3248,242,52,2026-02-26 15:55:00,0.8664,0
5524,226,64,2026-02-26 15:56:29,0.0,1
6341,77,42,2026-02-26 16:13:05,0.2181,1
10686,227,15,2026-02-26 16:14:28,1.0,0
11663,249,18,2026-02-26 16:38:50,0.7843,0
10051,154,54,2026-02-26 16:40:54,0.3512,0
6757,156,22,2026-02-26 16:47:19,0.7338,0
2574,90,98,2026-02-26 16:53:01,0.7434,0
10036,221,35,2026-02-26 16:53:43,0.5827,0
2303,160,22,2026-02-26 17:04:16,0.0375,1
1901,169,38,2026-02-26 17:05:30,0.1643,1
7693,187,42,2026-02-26 17:09:13,0.0231,1
9507,94,75,2026-02-26 17:10:45,0.0342,1
2514,213,42,2026-02-26 17:16:26,0.2845,0
7290,67,73,2026-02-26 17:18:26,0.5538,0
5905,156,6,2026-02-26 17:40:47,0.3408,0
6087,195,77,2026-02-26 17:44:04,0.5868,0
7008,1,42,2026-02-26 17:50:49,0.6301,0
9631,200,26,2026-02-26 17:56:41,0.5304,0
4463,235,28,2026-02-26 18:07:24,0.2218,1
6021,36,46,2026-02-26 18:23:43,0.7313,0
7193,129,100,2026-02-26 18:33:33,0.0,1
11720,21,55,2026-02-26 18:39:10,0.1563,1
10122,233,5,2026-02-26 18:51:49,0.6157,0
3136,147,100,2026-02-26 19:04:54,0.0,1
9096,240,76,2026-02-26 19:24:06,0.82,0
3941,243,102,2026-02-26 19:36:22,0.3441,0
1501,176,24,2026-02-26 19:46:18,0.5267,0
8570,198,11,2026-02-26 19:55:26,0.6799,0
10044,244,40,2026-02-26 20:03:36,0.6477,0
2116,167,29,2026-02-26 20:08:04,0.0159,1
273,94,57,2026-02-26 20:10:07,0.1774,1
3291,241,56,2026-02-26 20:14:19,0.7772,0
9170,55,5,2026-02-26 20:19:05,0.5653,0
10790,65,56,2026-02-26 20:30:59,0.5038,0
8440,32,108,2026-02-26 20:35:14,0.891,0
7089,234,90,2026-02-26 21:22:22,0.5351,0
8316,247,10,2026-02-26 21:27:16,0.0594,1
1152,66,22,2026-02-26 21:50:47,0.2441,1
11320,130,12,2026-02-26 22:16:19,0.5492,0
3692,172,75,2026-02-26 22:31:18,0.0512,1
6551,219,54,2026-02-26 22:37:12,0.5461,0
1719,240,2,2026-02-26 22:46:58,0.7522,0
882,247,8,2026-02-26 22:48:46,0.6006,0
4797,0,23,2026-02-26 22:50:33,0.0,1
42,96,33,2026-02-26 22:52:29,0.7281,0
1824,71,78,2026-02-26 22:59:27,1.0,0
4178,223,62,2026-02-26 23:02:17,0.6689,0
3760,93,1,2026-02-26 23:19:46,1.0,0
1544,242,39,2026-02-26 23:20:42,0.5744,0
7011,111,4,2026-02-26 23:24:09,0.3737,0
9112,231,2,2026-02-26 23:27:30,0.292,0
1164,89,97,2026-02-26 23:31:22,0.2316,1
8097,68,92,2026-02-26 23:50:10,0.2794,0
5655,222,91,2026-02-27 00:02:52,0.1841,1
9231,25,52,2026-02-27 00:04:24,0.1507,1
4964,123,72,2026-02-27 00:28:32,0.0,1
11143,239,17,2026-02-27 00:29:52,0.3785,0
8600,219,73,2026-02-27 00:30:15,1.0,0
6634,145,46,2026-02-27 00:31:19,0.8575,0
6746,42,61,2026-02-27 00:39:05,1.0,0
10820,225,29,2026-02-27 00:46:57,0.4689,0
7971,125,115,2026-02-27 00:57:43,1.0,0
11763,42,58,2026-02-27 01:03:56,0.5924,0
9546,44,9,2026-02-27 01:08:48,0.3649,0
3087,150,3,2026-02-27 01:09:22,0.1021,1
9367,173,53,2026-02-27 01:42:02,0.0152,1
2266,5,40,2026-02-27 01:46:36,1.0,0
7800,128,105,2026-02-27 01:55:49,0.5062,0
141,229,89,2026-02-27 02:02:47,0.6194,0
10345,230,50,2026-02-27 02:20:08,0.2343,1
5677,121,68,2026-02-27 02:20:11,0.556,0
9110,157,70,2026-02-27 02:36:28,0.4137,0
7743,3,35,2026-02-27 02:53:08,0.3162,0
3827,113,14,2026-02-27 03:03:15,0.4808,0
5315,36,52,2026-02-27 03:29:12,0.1534,1
2264,6,9,2026-02-27 03:45:19,0.0378,1
3686,83,101,2026-02-27 03:56:36,0.8188,0
7102,160,26,2026-02-27 04:00:05,0.1184,1
554,82,29,2026-02-27 04:14:17,0.5432,0
5653,171,106,2026-02-27 04:43:54,0.3032,0
1567,149,66,2026-02-27 04:54:45,0.6135,0
1309,223,61,2026-02-27 04:58:23,0.0,1
3225,218,34,2026-02-27 05:02:01,0.68,0
8323,136,91,2026-02-27 05:02:10,0.1357,1
6427,196,83,2026-02-27 05:09:45,0.1046,1
1387,169,73,2026-02-27 05:18:55,0.4189,0
6579,91,66,2026-02-27 05:39:56,0.1151,1
2298,140,9,2026-02-27 05:46:07,0.4676,0
8710,130,110,2026-02-27 05:48:35,0.0,1
1748,76,65,2026-02-27 05:57:35,0.2083,1
11049,162,73,2026-02-27 06:00:09,0.534,0
7914,171,95,2026-02-27 06:00:51,0.4873,0
4745,184,31,2026-02-27 06:01:04,1.0,0
6534,151,76,2026-02-27 06:04:16,0.5083,0
9086,81,7,2026-02-27 06:28:11,0.7352,0
11291,31,80,2026-02-27 06:30:41,0.1262,1
278,152,115,2026-02-27 06:51:05,0.5351,0
831,4,57,2026-02-27 07:10:32,0.6534,0
5338,97,64,2026-02-27 07:15:59,0.1844,1
6199,121,22,2026-02-27 07:17:04,0.2535,0
1762,220,62,2026-02-27 07:26:47,0.3386,0
6997,72,58,2026-02-27 07:30:55,0.5099,0
9431,40,59,2026-02-27 07:42:10,0.0,1
11343,55,69,2026-02-27 07:42:15,0.3612,0
3130,111,7,2026-02-27 07:46:04,0.3525,0
4039,75,38,2026-02-27 08:18:34,0.13,1
11557,61,37,2026-02-27 08:46:40,0.4935,0
11406,51,88,2026-02-27 08:58:20,0.7605,0
10244,246,70,2026-02-27 09:03:56,0.588,0
122,63,90,2026-02-27 09:12:16,0.5243,0
8398,104,12,2026-02-27 09:22:08,0.375,0
10322,16,83,2026-02-27 09:22:26,0.0,1
10010,2,89,2026-02-27 09:34:17,0.5353,0
10728,64,16,2026-02-27 09:50:27,0.5742,0
1919,212,49,2026-02-27 10:04:32,0.4161,0
11633,88,14,2026-02-27 10:10:46,0.0177,1
4266,185,98,2026-02-27 10:52:22,0.0,1
4448,170,64,2026-02-27 11:19:19,0.2576,0
5280,146,111,2026-02-27 11:20:47,0.6407,0
7506,180,48,2026-02-27 11:39:59,0.7448,0
10958,42,5,2026-02-27 11:51:40,0.385,0
4324,185,84,2026-02-27 11:52:11,1.0,0
2144,98,12,2026-02-27 11:54:06,0.3341,0
11012,10,10,2026-02-27 11:57:04,0.5509,0
5797,51,93,2026-02-27 11:58:37,0.1249,1
11741,139,4,2026-02-27 12:13:25,0.1366,1
9641,29,52,2026-02-27 12:14:46,0.6296,0
4194,109,107,2026-02-27 12:22:17,0.0,1
9493,197,75,2026-02-27 12:39:29,0.0039,1
1039,114,33,2026-02-27 12:41:36,0.254,0
1687,153,88,2026-02-27 12:53:03,0.5572,0
10135,60,30,2026-02-27 13:00:59,0.1693,1
1202,23,88,2026-02-27 13:06:52,0.564,0
2244,202,12,2026-02-27 13:15:27,0.0479,1
7234,44,9,2026-02-27 13:16:53,0.6156,0
5302,141,114,2026-02-27 13:17:24,0.1524,1
6163,117,22,2026-02-27 13:21:59,0.6397,0
3058,52,93,2026-02-27 13:31:21,0.2948,0
5640,198,47,2026-02-27 13:36:52,0.726,0
5007,7,30,2026-02-27 14:04:37,0.2112,1
9564,141,2,2026-02-27 14:21:50,1.0,0
8651,137,70,2026-02-27 14:30:02,0.202,1
10826,187,21,2026-02-27 14:36:51,0.1609,1
4334,182,88,2026-02-27 14:41:52,0.0517,1
8536,72,107,2026-02-27 14:46:02,0.6009,0
11514,92,95,2026-02-27 15:14:36,0.5086,0
2829,149,31,2026-02-27 15:30:21,0.4585,0
3409,164,53,2026-02-27 15:36:37,0.2964,0
10647,214,94,2026-02-27 15:49:32,0.2273,1
582,226,73,2026-02-27 16:11:43,0.7478,0
3800,134,44,2026-02-27 16:28:14,0.077,1
6388,32,35,2026-02-27 16:33:27,0.7483,0
7396,107,105,2026-02-27 16:44:41,0.2842,0
4141,50,62,2026-02-27 16:49:06,0.0502,1
8049,89,24,2026-02-27 16:52:07,0.7507,0
9341,68,113,2026-02-27 16:57:55,0.5757,0
9559,134,28,2026-02-27 17:01:35,0.4723,0
6036,76,88,2026-02-27 17:08:26,0.6936,0
99,88,111,2026-02-27 17:10:44,0.1047,1
7245,14,75,2026-02-27 17:12:50,0.1432,1
5957,144,85,2026-02-27 17:33:32,0.2051,1
7120,9,13,2026-02-27 17:43:45,0.6299,0
3535,221,91,2026-02-27 17:58:19,0.2319,1
5877,87,54,2026-02-27 18:25:22,0.5871,0
4841,104,17,2026-02-27 18:51:15,0.2138,1
1794,98,114,2026-02-27 18:53:32,0.5391,0
739,39,5,2026-02-27 19:29:26,0.0866,1
3573,37,116,2026-02-27 19:30:34,0.6104,0
7345,153,52,2026-02-27 19:32:31,0.1649,1
2579,96,62,2026-02-27 19:39:01,0.5849,0
5696,23,45,2026-02-27 19:50:16,0.0,1
11896,21,35,2026-02-27 19:55:06,0.3088,0
2905,237,110,2026-02-27 20:13:42,0.4852,0
8868,2,77,2026-02-27 20:22:49,0.3691,0
1783,56,65,2026-02-27 20:34:26,0.3913,0
5618,10,104,2026-02-27 20:47:22,0.5617,0
8444,123,57,2026-02-27 21:07:35,0.5504,0
8501,249,68,2026-02-27 21:18:12,0.004,1
4447,220,39,2026-02-27 21:20:38,0.488,0
7535,203,113,2026-02-27 21:25:29,0.5109,0
1853,146,50,2026-02-27 21:25:43,0.0592,1
3652,139,65,2026-02-27 21:29:06,0.7265,0
719,64,16,2026-02-27 21:46:39,1.0,0
10292,231,31,2026-02-27 21:52:11,0.1682,1
2630,18,93,2026-02-27 22:16:03,0.4248,0
11674,150,87,2026-02-27 22:26:40,0.3557,0
9027,219,62,2026-02-27 22:56:55,0.0142,1
4345,28,60,2026-02-27 23:19:11,0.5161,0
1624,131,90,2026-02-27 23:34:33,0.3846,0
3342,78,96,2026-02-28 00:00:50,0.2135,1
2088,195,56,2026-02-28 00:15:11,0.5775,0
380,160,115,2026-02-28 00:37:17,0.5646,0
1081,97,4,2026-02-28 00:39:58,1.0,0
171,115,6,2026-02-28 00:46:04,0.4244,0
440,29,5,2026-02-28 00:52:32,0.7066,0
9821,204,66,2026-02-28 00:55:36,0.4856,0
7270,185,75,2026-02-28 01:01:32,0.6837,0
2430,233,95,2026-02-28 01:03:44,0.0466,1
795,187,12,2026-02-28 01:08:57,0.3164,0
9774,30,27,2026-02-28 01:14:28,0.0,1
11954,231,110,2026-02-28 01:20:59,0.8323,0
5643,29,70,2026-02-28 01:42:32,0.2079,1
602,227,57,2026-02-28 01:48:31,0.6011,0
3557,177,18,2026-02-28 01:57:45,0.3187,0
4171,121,75,2026-02-28 02:18:26,0.5206,0
912,177,47,2026-02-28 02:27:59,0.4304,0
11932,111,34,2026-02-28 02:28:51,0.0984,1
92,239,89,2026-02-28 02:45:18,0.3597,0
3396,184,81,2026-02-28 03:14:28,0.3542,0
10393,48,83,2026-02-28 03:27:26,0.5056,0
4887,102,34,2026-02-28 03:28:26,0.1629,1
1172,22,10,2026-02-28 03:33:29,0.4421,0
5541,93,40,2026-02-28 03:36:00,0.3259,0
4209,62,35,2026-02-28 03:40:35,0.6738,0
5395,158,65,2026-02-28 04:02:38,0.4258,0
6423,141,8,2026-02-28 04:05:50,0.893,0
4223,168,87,2026-02-28 04:06:54,0.7568,0
8264,33,97,2026-02-28 04:08:30,0.2268,1
9389,194,43,2026-02-28 04:17:21,0.4346,0
6405,204,113,2026-02-28 04:54:15,0.7659,0
7812,196,89,2026-02-28 05:01:57,0.3157,0
79,127,34,2026-02-28 05:06:22,0.0056,1
4627,139,98,2026-02-28 05:25:56,0.037,1
5529,39,105,2026-02-28 05:28:12,0.2689,0
8349,177,89,2026-02-28 05:48:37,0.1558,1
4376,221,91,2026-02-28 06:44:06,0.5296,0
4998,112,79,2026-02-28 07:00:35,1.0,0
9728,176,76,2026-02-28 07:02:44,0.3031,0
8539,93,63,2026-02-28 07:08:13,0.077,1
4699,184,114,2026-02-28 07:16:54,0.2681,0
8942,216,48,2026-02-28 07:30:40,0.4867,0
4525,170,48,2026-02-28 07:33:25,0.5643,0
6182,167,21,2026-02-28 07:39:44,0.2443,1
5660,38,105,2026-02-28 07:48:51,0.7192,0
5845,112,77,2026-02-28 07:52:08,0.1932,1
2845,16,31,2026-02-28 08:11:32,0.5393,0
6570,143,97,2026-02-28 08:48:31,0.0612,1
3065,207,72,2026-02-28 09:11:34,0.1078,1
3282,230,49,2026-02-28 09:14:58,0.3814,0
5601,187,28,2026-02-28 09:21:27,0.435,0
8060,69,10,2026-02-28 09:30:47,0.1243,1
9760,12,34,2026-02-28 09:33:27,0.6555,0
8804,32,51,2026-02-28 09:42:26,0.1122,1
8401,77,109,2026-02-28 09:48:46,0.7884,0
5895,104,11,2026-02-28 09:53:28,0.4526,0
3178,76,36,2026-02-28 09:54:42,0.0786,1
11229,72,47,2026-02-28 09:56:29,0.633,0
6963,241,25,2026-02-28 10:06:23,0.4559,0
10469,235,42,2026-02-28 10:14:18,0.3746,0
2043,135,72,2026-02-28 10:19:44,0.6182,0
3695,141,41,2026-02-28 10:26:54,0.0268,1
6047,61,13,2026-02-28 11:02:19,0.3399,0
7797,239,37,2026-02-28 11:04:32,0.1907,1
11190,191,45,2026-02-28 11:13:48,0.575,0
3071,49,2,2026-02-28 11:28:05,0.0872,1
8467,4,0,2026-02-28 11:50:54,0.0424,1
11824,164,6,2026-02-28 11:58:08,0.3142,0
942,33,93,2026-02-28 12:14:06,0.9337,0
7171,93,112,2026-02-28 12:26:24,0.1965,1
5929,28,22,2026-02-28 13:00:54,0.4294,0
8945,189,12,2026-02-28 13:08:37,0.6267,0
10739,175,79,2026-02-28 13:10:37,0.0426,1
1736,246,91,2026-02-28 13:12:41,0.341,0
3514,17,19,2026-02-28 13:15:44,0.2656,0
456,121,81,2026-02-28 13:39:58,0.0,1
10815,225,70,2026-02-28 14:09:05,0.5324,0
6760,248,38,2026-02-28 14:36:40,0.3484,0
1349,28,62,2026-02-28 14:39:34,0.3285,0
6847,245,23,2026-02-28 14:52:39,0.0,1
158,180,109,2026-02-28 14:55:44,0.2894,0
5130,129,113,2026-02-28 15:09:21,0.0041,1
4433,42,95,2026-02-28 15:14:30,0.0841,1
330,227,62,2026-02-28 15:34:15,0.7928,0
2918,183,20,2026-02-28 15:34:53,0.5663,0
2752,18,56,2026-02-28 15:38:52,0.3062,0
5635,122,29,2026-02-28 15:42:49,0.0138,1
1495,143,48,2026-02-28 15:43:42,0.2255,1
6827,181,114,2026-02-28 15:55:12,0.2065,1
9144,180,75,2026-02-28 16:01:08,0.0093,1
7039,76,7,2026-02-28 16:28:14,0.2517,0
9439,61,85,2026-02-28 16:30:36,0.355,0
11265,59,24,2026-02-28 17:43:46,0.1938,1
5073,123,96,2026-02-28 17:49:54,0.2919,0
10074,208,104,2026-02-28 18:05:44,0.405,0
2646,187,63,2026-02-28 18:06:17,0.2016,1
11861,76,91,2026-02-28 18:40:11,0.5343,0
9869,167,60,2026-02-28 18:43:19,0.5573,0
10691,144,41,2026-02-28 18:43:45,0.4914,0
4929,161,101,2026-02-28 18:56:53,0.7133,0
2096,161,36,2026-02-28 19:18:34,0.2292,1
4252,74,99,2026-02-28 19:23:25,0.1257,1
2380,164,29,2026-02-28 19:34:34,0.6811,0
10731,33,34,2026-02-28 19:50:00,0.2342,1
7526,4,104,2026-02-28 20:37:21,0.3474,0
1094,190,102,2026-02-28 21:09:39,0.4952,0
2671,14,34,2026-02-28 21:12:08,0.151,1
10843,159,6,2026-02-28 21:17:58,0.4106,0
10153,219,70,2026-02-28 21:23:07,0.3805,0
6911,181,33,2026-02-28 21:29:35,0.4324,0
11748,121,13,2026-02-28 21:30:39,0.0,1
608,67,42,2026-02-28 21:32:37,0.0824,1
1107,198,47,2026-02-28 22:05:18,0.598,0
6155,176,8,2026-02-28 22:11:32,0.2614,0
2181,189,38,2026-02-28 22:13:14,0.0299,1
11864,81,80,2026-02-28 22:28:27,0.6174,0
5420,130,87,2026-02-28 22:30:22,0.5217,0
5628,197,90,2026-02-28 22:36:44,0.5622,0
4678,90,35,2026-02-28 22:53:01,0.561,0
7715,155,16,2026-02-28 23:15:16,0.1055,1
5807,131,65,2026-02-28 23:15:58,0.6818,0
8243,126,66,2026-02-28 23:21:27,0.0,1
10006,133,54,2026-02-28 23:36:28,1.0,0
8662,174,77,2026-02-28 23:38:00,0.3699,0
5746,48,101,2026-02-28 23:38:04,0.5878,0
11323,192,112,2026-02-28 23:41:00,0.3876,0
1321,19,106,2026-02-28 23:46:18,0.0,1
1597,191,56,2026-02-28 23:46:37,0.1438,1
7398,88,34,2026-02-28 23:47:48,0.0287,1
2634,143,84,2026-02-28 23:53:13,0.8281,0
354,229,94,2026-02-28 23:57:10,0.1247,1
6403,221,65,2026-03-01 00:09:30,0.4249,0
3951,97,53,2026-03-01 00:19:58,0.3031,0
1413,80,114,2026-03-01 00:20:34,0.5736,0
11768,238,70,2026-03-01 00:21:20,1.0,0
6446,96,105,2026-03-01 01:16:01,0.2962,0
318,102,53,2026-03-01 01:22:15,0.6093,0
1019,114,109,2026-03-01 01:27:17,0.3852,0
9257,175,112,2026-03-01 01:39:08,0.1562,1
7141,109,41,2026-03-01 01:40:12,0.1981,1
9314,31,77,2026-03-01 01:43:17,0.3282,0
6245,232,3,2026-03-01 02:05:01,0.1637,1
9123,124,53,2026-03-01 02:31:36,0.5499,0
824,224,63,2026-03-01 02:57:23,0.0385,1
9435,100,21,2026-03-01 03:02:57,0.4324,0
1800,182,2,2026-03-01 03:05:18,0.3078,0
5840,235,7,2026-03-01 03:07:19,0.7442,0
1938,227,36,2026-03-01 03:26:23,0.0621,1
7142,244,57,2026-03-01 03:28:50,0.0266,1
1798,234,112,2026-03-01 03:42:36,0.4931,0
2040,249,63,2026-03-01 03:45:01,0.5113,0
5371,137,74,2026-03-01 03:45:08,0.2036,1
10517,12,88,2026-03-01 03:52:23,0.0745,1
7208,169,74,2026-03-01 04:00:12,0.5436,0
2709,67,53,2026-03-01 04:06:05,0.2611,0
1754,17,89,2026-03-01 04:07:35,0.0,1
11928,50,98,2026-03-01 04:11:02,0.5127,0
9744,20,84,2026-03-01 04:27:53,0.6736,0
11051,153,92,2026-03-01 04:37:00,0.2058,1
6979,100,94,2026-03-01 04:40:38,0.3859,0
159,113,110,2026-03-01 04:40:58,0.3905,0
3019,61,81,2026-03-01 04:41:26,0.4626,0
6106,27,29,2026-03-01 04:52:08,0.3163,0
6848,50,30,2026-03-01 04:59:34,0.0,1
3783,2,117,2026-03-01 05:05:28,0.7698,0
10956,216,15,2026-03-01 05:13:12,0.5366,0
3930,149,33,2026-03-01 05:15:38,0.5909,0
6975,231,35,2026-03-01 05:23:41,0.2838,0
11527,130,44,2026-03-01 05:27:10,0.3646,0
8879,124,13,2026-03-01 05:32:19,0.0756,1
10833,31,8,2026-03-01 05:56:36,0.5759,0
1367,162,11,2026-03-01 05:58:42,0.5481,0
3223,60,68,2026-03-01 06:09:39,1.0,0
9875,169,51,2026-03-01 06:14:05,0.3704,0
10240,62,43,2026-03-01 06:15:49,1.0,0
10506,73,5,2026-03-01 06:51:44,1.0,0
2793,211,37,2026-03-01 06:54:23,0.0,1
7237,182,21,2026-03-01 07:40:41,0.2732,0
6555,68,0,2026-03-01 08:07:22,0.5279,0
319,71,93,2026-03-01 08:33:47,0.4554,0
2385,239,104,2026-03-01 08:53:31,0.0124,1
3253,147,52,2026-03-01 08:55:46,0.1226,1
1572,222,104,2026-03-01 08:56:26,0.2144,1
3843,64,85,2026-03-01 09:13:07,0.4729,0
11478,221,37,2026-03-01 09:17:24,0.4197,0
9683,5,52,2026-03-01 09:28:22,0.3858,0
433,51,110,2026-03-01 09:28:45,0.2411,1
11215,163,15,2026-03-01 10:02:04,0.3481,0
3215,44,25,2026-03-01 10:08:32,0.1564,1
7291,198,57,2026-03-01 10:42:38,0.4531,0
587,61,76,2026-03-01 10:46:06,0.0038,1
8045,51,7,2026-03-01 11:10:09,0.3855,0
2461,208,95,2026-03-01 11:15:20,0.3855,0
976,120,102,2026-03-01 11:23:59,0.6129,0
11046,87,93,2026-03-01 11:26:11,0.2113,1
6619,20,15,2026-03-01 11:38:15,0.9719,0
6385,43,109,2026-03-01 12:46:19,0.5246,0
3578,61,116,2026-03-01 12:51:51,0.5352,0
8062,9,9,2026-03-01 12:58:54,0.2482,1
3817,247,25,2026-03-01 13:06:39,0.5094,0
1342,198,105,2026-03-01 13:08:27,0.4981,0
9087,194,72,2026-03-01 13:19:29,0.0563,1
10636,199,55,2026-03-01 13:22:44,0.5055,0
9834,221,81,2026-03-01 13:46:40,0.4912,0
6190,139,76,2026-03-01 13:50:35,0.4513,0
11755,175,18,2026-03-01 14:15:19,0.5187,0
4502,70,7,2026-03-01 14:42:41,0.2274,1
19,11,18,2026-03-01 15:05:13,0.0,1
669,75,99,2026-03-01 15:12:11,0.391,0
869,66,4,2026-03-01 15:17:26,0.1835,1
9069,140,17,2026-03-01 15:24:55,0.1266,1
11332,81,101,2026-03-01 15:27:06,0.0861,1
4693,9,76,2026-03-01 15:36:30,0.5821,0
4098,228,106,2026-03-01 15:37:47,0.4968,0
312,248,115,2026-03-01 15:38:08,0.4689,0
11908,172,19,2026-03-01 15:43:45,0.3853,0
7633,177,42,2026-03-01 15:50:19,0.3459,0
749,57,59,2026-03-01 15:54:26,0.0,1
7456,57,34,2026-03-01 15:56:31,0.7336,0
5679,180,37,2026-03-01 16:03:55,0.594,0
8138,103,1,2026-03-01 16:08:24,0.4896,0
1770,23,84,2026-03-01 16:10:13,0.0845,1
9882,38,77,2026-03-01 16:12:30,0.2787,0
872,84,115,2026-03-01 16:13:33,0.6462,0
3370,214,26,2026-03-01 16:30:13,0.7581,0
4843,55,73,2026-03-01 16:32:34,0.6791,0
10601,129,109,2026-03-01 16:36:08,1.0,0
104,206,76,2026-03-01 16:39:46,0.3171,0
5440,178,80,2026-03-01 16:40:02,0.4646,0
4982,8,14,2026-03-01 16:40:41,0.7608,0
9296,47,72,2026-03-01 16:46:43,0.4458,0
1766,87,65,2026-03-01 16:48:04,0.201,1
5708,73,69,2026-03-01 16:48:07,0.5423,0
1023,85,89,2026-03-01 17:12:13,0.5177,0
1038,85,0,2026-03-01 17:16:23,0.1266,1
1405,66,15,2026-03-01 17:20:13,0.6782,0
9223,45,22,2026-03-01 17:24:23,0.0592,1
3209,59,9,2026-03-01 17:34:01,0.2075,1
5398,36,56,2026-03-01 17:43:01,0.6477,0
2933,55,32,2026-03-01 17:52:50,0.3411,0
3609,214,18,2026-03-01 18:19:44,0.387,0
7399,56,116,2026-03-01 18:30:32,0.1956,1
3848,90,63,2026-03-01 18:35:59,0.3228,0
1676,231,54,2026-03-01 18:39:17,0.0,1
10227,183,31,2026-03-01 18:45:34,0.3397,0
3682,179,91,2026-03-01 18:51:20,0.615,0
1211,93,25,2026-03-01 19:10:45,1.0,0
4180,165,5,2026-03-01 19:23:58,0.5236,0
4143,191,109,2026-03-01 19:31:07,1.0,0
2075,130,107,2026-03-01 19:40:47,0.4899,0
11021,211,34,2026-03-01 19:48:26,0.5828,0
11757,198,48,2026-03-01 19:51:59,1.0,0
6172,181,37,2026-03-01 20:00:14,0.2009,1
3493,139,73,2026-03-01 20:11:51,0.6388,0
7134,96,90,2026-03-01 20:16:49,0.0,1
563,62,77,2026-03-01 20:53:34,0.5122,0
7436,222,28,2026-03-01 20:58:16,0.494,0
3352,217,90,2026-03-01 21:05:56,0.3195,0
7614,156,86,2026-03-01 21:10:50,0.3838,0
10308,248,28,2026-03-01 21:20:48,0.465,0
8037,122,73,2026-03-01 21:52:40,0.502,0
8183,186,48,2026-03-01 22:01:59,0.6137,0
4253,79,9,2026-03-01 22:02:10,0.5699,0
10932,187,15,2026-03-01 22:11:17,0.1411,1
1354,92,64,2026-03-01 22:20:35,0.696,0
8790,55,81,2026-03-01 22:23:02,0.1058,1
4874,32,42,2026-03-01 22:47:40,0.2706,0
317,112,71,2026-03-01 23:00:53,0.6447,0
8629,192,92,2026-03-01 23:29:35,0.9201,0
6441,152,97,2026-03-01 23:51:41,0.8203,0
5318,82,91,2026-03-02 00:04:59,0.7019,0
1854,175,48,2026-03-02 00:08:46,0.3629,0
10907,228,5,2026-03-02 00:15:20,0.1935,1
10352,244,3,2026-03-02 00:32:40,0.4456,0
840,19,74,2026-03-02 00:33:52,0.0796,1
9696,213,93,2026-03-02 00:36:52,0.4876,0
2012,119,110,2026-03-02 00:39:42,0.1013,1
2942,50,111,2026-03-02 00:51:59,0.182,1
892,152,53,2026-03-02 00:57:33,0.875,0
9117,204,34,2026-03-02 01:01:52,0.7576,0
240,210,100,2026-03-02 01:17:52,0.3606,0
7585,210,16,2026-03-02 01:18:45,0.4253,0
5542,53,82,2026-03-02 01:25:43,0.1071,1
10509,212,18,2026-03-02 01:43:41,0.4417,0
3845,209,119,2026-03-02 02:04:03,0.4928,0
5985,123,43,2026-03-02 02:04:16,0.209,1
10162,214,87,2026-03-02 02:17:58,0.7145,0
4003,93,98,2026-03-02 02:18:19,0.1006,1
3148,113,81,2026-03-02 02:20:06,0.7004,0
3779,246,46,2026-03-02 02:22:00,0.6215,0
8724,15,24,2026-03-02 02:31:45,0.5881,0
242,19,94,2026-03-02 02:42:23,0.7379,0
5441,59,77,2026-03-02 03:17:18,0.5875,0
10822,235,81,2026-03-02 03:18:51,0.1886,1
9102,99,90,2026-03-02 03:29:36,0.4628,0
8272,191,108,2026-03-02 03:33:23,0.2875,0
546,202,65,2026-03-02 03:36:25,0.0,1
5629,160,11,2026-03-02 03:37:10,0.2794,0
8382,184,51,2026-03-02 04:44:08,0.5265,0
5987,193,0,2026-03-02 04:44:20,0.3716,0
11834,222,65,2026-03-02 04:44:23,0.9559,0
9399,223,103,2026-03-02 04:53:28,0.4464,0
8603,32,93,2026-03-02 05:41:37,0.4308,0
585,105,73,2026-03-02 05:51:44,0.0226,1
11536,110,99,2026-03-02 06:19:14,0.0586,1
1265,47,64,2026-03-02 06:50:42,0.2179,1
8092,225,82,2026-03-02 07:03:31,0.9093,0
5993,24,30,2026-03-02 07:09:25,0.3261,0
4108,187,104,2026-03-02 07:09:59,0.6427,0
9892,72,111,2026-03-02 07:12:01,0.3465,0
1912,84,38,2026-03-02 07:18:07,0.5828,0
1903,33,55,2026-03-02 07:25:48,0.0,1
4374,68,83,2026-03-02 07:33:53,0.5788,0
2710,115,52,2026-03-02 07:57:16,0.0317,1
10852,70,54,2026-03-02 08:09:42,0.3466,0
7750,199,58,2026-03-02 08:09:55,0.1346,1
777,151,92,2026-03-02 08:20:58,0.5462,0
6723,168,57,2026-03-02 08:38:29,0.5131,0
3626,49,3,2026-03-02 09:06:33,0.5982,0
692,106,17,2026-03-02 09:28:33,0.0552,1
7513,57,22,2026-03-02 09:30:01,0.8888,0
7053,101,91,2026-03-02 09:37:11,0.0,1
1519,95,53,2026-03-02 09:45:40,0.2534,0
6135,176,32,2026-03-02 10:00:44,1.0,0
7726,241,40,2026-03-02 10:10:29,0.2849,0
4263,229,20,2026-03-02 10:12:50,0.0494,1
8148,194,111,2026-03-02 10:16:43,1.0,0
6299,164,44,2026-03-02 10:17:57,0.6991,0
6158,97,100,2026-03-02 10:28:34,0.192,1
1446,202,28,2026-03-02 11:09:01,0.596,0
9806,127,89,2026-03-02 11:11:42,0.1524,1
8003,144,12,2026-03-02 11:24:19,0.4766,0
11246,177,44,2026-03-02 11:37:46,0.1375,1
949,106,47,2026-03-02 12:06:59,0.2569,0
7351,38,56,2026-03-02 12:25:57,0.9332,0
2130,153,83,2026-03-02 12:38:15,0.2696,0
6644,172,51,2026-03-02 12:48:59,0.8346,0
10806,246,68,2026-03-02 12:57:53,0.6621,0
8504,58,46,2026-03-02 13:06:16,0.5006,0
5839,182,76,2026-03-02 13:19:54,0.3425,0
5995,100,58,2026-03-02 13:48:33,0.305,0
2397,15,119,2026-03-02 13:50:41,0.7297,0
11068,132,116,2026-03-02 14:19:24,0.547,0
1897,105,87,2026-03-02 14:35:32,0.0,1
3641,175,106,2026-03-02 14:55:17,0.5041,0
8122,244,54,2026-03-02 15:00:36,0.0775,1
4661,140,100,2026-03-02 15:23:33,0.4953,0
11070,12,88,2026-03-02 15:25:15,0.6757,0
2640,158,44,2026-03-02 15:34:09,1.0,0
7591,70,10,2026-03-02 15:45:43,1.0,0
6586,159,20,2026-03-02 15:50:27,0.5177,0
8070,106,56,2026-03-02 15:50:48,0.5663,0
8039,175,89,2026-03-02 15:59:09,0.0121,1
4798,132,42,2026-03-02 16:06:17,0.1801,1
11949,245,111,2026-03-02 16:13:49,0.2959,0
5630,181,74,2026-03-02 16:25:16,0.4843,0
485,98,101,2026-03-02 17:07:09,0.3327,0
1867,57,32,2026-03-02 17:34:07,0.2499,1
6370,51,0,2026-03-02 18:05:12,1.0,0
4107,167,44,2026-03-02 18:12:31,0.1621,1
9904,129,28,2026-03-02 18:14:52,0.0547,1
981,34,47,2026-03-02 18:35:58,0.3861,0
3463,221,79,2026-03-02 18:37:09,0.5549,0
7194,92,33,2026-03-02 18:55:42,0.1743,1
9714,9,21,2026-03-02 18:57:24,0.5328,0
10047,202,8,2026-03-02 19:05:44,0.4797,0
1144,73,29,2026-03-02 19:12:32,0.4649,0
6907,152,96,2026-03-02 19:34:45,1.0,0
3176,169,49,2026-03-02 19:35:13,0.8669,0
9824,174,108,2026-03-02 19:37:58,0.36,0
7478,24,7,2026-03-02 19:39:22,0.4442,0
5922,115,4,2026-03-02 19:40:54,0.5759,0
1441,204,78,2026-03-02 19:54:51,0.6243,0
67,48,111,2026-03-02 19:55:17,0.1521,1
3893,225,90,2026-03-02 20:10:01,0.1202,1
4443,47,66,2026-03-02 20:11:29,0.6738,0
11719,30,63,2026-03-02 20:22:06,0.1018,1
1871,99,79,2026-03-02 20:42:22,0.2681,0
10842,83,8,2026-03-02 20:43:55,0.1849,1
5595,159,11,2026-03-02 20:49:06,0.4099,0
3606,211,77,2026-03-02 20:54:15,0.229,1
4611,51,115,2026-03-02 21:10:33,0.0525,1
7913,206,63,2026-03-02 21:15:37,0.6463,0
9845,112,34,2026-03-02 21:18:36,0.4749,0
10694,52,97,2026-03-02 21:24:16,0.4066,0
7247,110,112,2026-03-02 21:36:15,0.3813,0
5891,23,51,2026-03-02 21:40:18,0.1834,1
2089,247,7,2026-03-02 21:57:17,0.5015,0
6253,140,112,2026-03-02 22:01:23,0.0,1
5452,66,104,2026-03-02 22:15:50,1.0,0
8702,42,2,2026-03-02 22:22:59,0.5919,0
1232,79,99,2026-03-02 22:38:29,0.6056,0
8260,19,53,2026-03-02 22:50:09,0.6257,0
8749,210,84,2026-03-02 22:58:59,0.778,0
10379,15,78,2026-03-02 23:06:44,0.4281,0
228,108,75,2026-03-02 23:17:25,0.5072,0
5853,91,30,2026-03-02 23:33:53,0.0672,1
923,17,0,2026-03-02 23:44:31,0.6323,0
10290,230,70,2026-03-02 23:51:23,0.673,0
2445,143,11,2026-03-03 00:01:44,0.5733,0
7833,192,79,2026-03-03 00:15:49,0.4427,0
7292,48,50,2026-03-03 00:31:07,0.5014,0
1012,193,41,2026-03-03 00:31:21,0.7242,0
3017,56,88,2026-03-03 00:34:49,0.7755,0
10669,142,68,2026-03-03 00:41:18,0.4625,0
8874,148,90,2026-03-03 00:51:01,0.1424,1
7125,223,105,2026-03-03 00:52:27,0.2167,1
6622,194,27,2026-03-03 01:19:40,0.2106,1
9781,78,26,2026-03-03 01:20:14,0.4401,0
11641,63,59,2026-03-03 01:24:03,0.1828,1
4016,157,31,2026-03-03 01:35:57,0.2205,1
4794,76,42,2026-03-03 01:52:49,0.067,1
5322,170,106,2026-03-03 02:16:59,0.0616,1
174,154,99,2026-03-03 02:44:33,0.8061,0
7240,49,6,2026-03-03 02:56:20,0.651,0
2051,128,90,2026-03-03 02:56:57,0.6401,0
5231,44,119,2026-03-03 03:10:34,0.0489,1
4601,209,46,2026-03-03 03:59:35,1.0,0
6065,248,1,2026-03-03 04:01:02,0.3618,0
7669,181,86,2026-03-03 04:05:01,0.7216,0
2306,7,115,2026-03-03 04:26:35,0.0462,1
3528,111,36,2026-03-03 04:31:42,0.2801,0
10011,102,73,2026-03-03 04:42:38,0.207,1
6304,200,67,2026-03-03 04:55:34,0.1929,1
6524,169,83,2026-03-03 04:55:48,0.3033,0
4440,244,24,2026-03-03 04:59:26,0.6355,0
8798,43,80,2026-03-03 05:08:03,0.558,0
209,222,12,2026-03-03 05:45:35,0.785,0
410,104,105,2026-03-03 05:54:41,0.5324,0
9650,153,24,2026-03-03 05:58:56,0.3187,0
5683,190,32,2026-03-03 06:19:49,1.0,0
6070,34,100,2026-03-03 06:23:14,0.4129,0
8684,224,116,2026-03-03 06:25:25,0.1854,1
11556,194,18,2026-03-03 06:26:46,0.6792,0
9769,96,60,2026-03-03 06:29:03,0.5635,0
7989,165,107,2026-03-03 06:31:23,0.5558,0
5229,102,92,2026-03-03 06:38:02,0.1378,1
10194,117,116,2026-03-03 06:58:24,0.3486,0
3816,218,31,2026-03-03 06:58:27,0.4688,0
5499,202,80,2026-03-03 07:15:53,0.4114,0
11061,217,23,2026-03-03 07:25:14,0.1137,1
1627,215,119,2026-03-03 07:29:36,0.137,1
1626,222,66,2026-03-03 07:37:24,1.0,0
10571,99,75,2026-03-03 07:48:45,0.7704,0
9412,5,118,2026-03-03 08:03:39,0.2024,1
11260,234,72,2026-03-03 08:14:15,0.2797,0
5976,66,67,2026-03-03 08:16:13,0.338,0
7860,0,38,2026-03-03 08:30:33,0.1554,1
5035,52,46,2026-03-03 08:46:34,0.4451,0
3021,146,62,2026-03-03 08:55:50,1.0,0
8887,213,23,2026-03-03 08:56:23,0.531,0
10716,178,52,2026-03-03 09:00:24,0.1708,1
2972,63,11,2026-03-03 09:07:35,0.0,1
238,84,116,2026-03-03 09:18:33,0.5918,0
9726,32,116,2026-03-03 09:22:51,0.0,1
4514,2,0,2026-03-03 09:33:09,0.2364,1
1837,15,100,2026-03-03 09:37:50,0.2207,1
7423,163,37,2026-03-03 09:39:09,0.1254,1
10817,167,1,2026-03-03 09:58:04,0.5854,0
8172,59,56,2026-03-03 10:03:15,0.1561,1
6535,200,0,2026-03-03 10:03:29,0.3804,0
6452,175,119,2026-03-03 10:11:39,0.082,1
6718,6,16,2026-03-03 10:19:25,0.1211,1
11974,14,67,2026-03-03 10:24:11,0.9925,0
9767,104,33,2026-03-03 10:32:36,0.491,0
4284,3,14,2026-03-03 10:39:10,0.3583,0
5773,80,115,2026-03-03 10:49:59,0.1351,1
5211,221,100,2026-03-03 10:56:51,0.4939,0
1715,21,78,2026-03-03 11:18:42,0.2595,0
4635,40,114,2026-03-03 11:25:26,0.1426,1
9458,230,104,2026-03-03 11:27:48,0.3998,0
9349,123,33,2026-03-03 11:41:26,0.7463,0
9135,170,43,2026-03-03 11:42:55,0.0648,1
9554,226,7,2026-03-03 11:51:49,0.1117,1
16,134,8,2026-03-03 11:52:56,0.4606,0
2207,143,54,2026-03-03 12:17:56,0.0,1
720,17,60,2026-03-03 12:20:10,0.0,1
3698,114,88,2026-03-03 12:39:09,0.0,1
2755,30,106,2026-03-03 12:46:30,0.3888,0
32,105,38,2026-03-03 12:51:59,0.1244,1
2794,142,15,2026-03-03 13:32:02,0.6438,0
1054,220,30,2026-03-03 13:58:57,0.0214,1
5316,224,91,2026-03-03 14:01:18,0.0572,1
1216,165,98,2026-03-03 14:01:50,0.4888,0
6256,227,94,2026-03-03 14:02:49,0.0,1
11809,153,87,2026-03-03 14:03:03,0.5952,0
9643,201,92,2026-03-03 14:15:08,0.4611,0
6404,84,112,2026-03-03 14:15:56,0.3484,0
5196,33,26,2026-03-03 14:23:40,0.0,1
9624,28,115,2026-03-03 14:24:36,0.6752,0
3750,24,87,2026-03-03 14:31:57,0.1819,1
8983,121,13,2026-03-03 14:37:21,0.1438,1
1540,8,8,2026-03-03 14:44:32,0.8216,0
2507,55,112,2026-03-03 14:47:42,0.4658,0
2149,12,119,2026-03-03 15:17:51,0.7717,0
8185,117,102,2026-03-03 15:28:57,0.1757,1
5411,195,17,2026-03-03 15:41:30,0.3663,0
9354,208,34,2026-03-03 16:29:09,0.566,0
11363,87,99,2026-03-03 16:40:44,0.0344,1
5982,28,15,2026-03-03 16:41:42,0.6166,0
8170,179,60,2026-03-03 16:44:48,0.0066,1
3700,175,11,2026-03-03 16:46:11,0.5092,0
6769,158,36,2026-03-03 17:05:55,0.0547,1
7354,73,106,2026-03-03 17:46:29,1.0,0
6637,51,77,2026-03-03 17:53:26,0.4662,0
6694,124,3,2026-03-03 18:07:00,0.2504,0
10067,130,35,2026-03-03 18:12:59,0.276,0
11993,202,63,2026-03-03 18:20:08,0.3967,0
6820,52,57,2026-03-03 18:22:42,0.0461,1
1759,94,38,2026-03-03 18:40:28,0.469,0
8514,0,18,2026-03-03 18:47:18,0.4375,0
3045,115,49,2026-03-03 18:47:34,0.0132,1
10834,226,34,2026-03-03 18:49:16,0.3026,0
7198,29,42,2026-03-03 19:16:55,0.219,1
1368,168,0,2026-03-03 19:26:23,0.4548,0
6903,142,98,2026-03-03 19:51:44,0.0215,1
3070,106,113,2026-03-03 19:52:27,0.2145,1
1887,212,78,2026-03-03 19:53:45,0.5786,0
4102,246,58,2026-03-03 20:00:59,0.2321,1
3586,103,62,2026-03-03 20:07:00,0.4218,0
8256,134,94,2026-03-03 20:09:10,0.3997,0
7955,93,103,2026-03-03 20:11:05,1.0,0
10547,224,23,2026-03-03 20:21:40,0.3673,0
9197,62,70,2026-03-03 20:36:15,0.5224,0
8716,231,82,2026-03-03 20:46:41,0.2037,1
1072,5,112,2026-03-03 20:53:32,0.5323,0
10659,66,13,2026-03-03 21:01:23,0.701,0
1213,81,49,2026-03-03 21:01:57,0.0092,1
8044,105,81,2026-03-03 21:13:18,0.1574,1
8468,85,81,2026-03-03 21:24:59,0.4007,0
2326,140,15,2026-03-03 21:25:01,0.131,1
3273,144,59,2026-03-03 21:28:07,0.4451,0
4572,57,100,2026-03-03 21:29:13,0.1279,1
570,199,82,2026-03-03 21:30:51,0.4199,0
8760,68,67,2026-03-03 21:37:28,0.3913,0
5131,180,27,2026-03-03 21:58:09,0.0,1
8076,207,59,2026-03-03 22:05:38,0.0816,1
4575,104,86,2026-03-03 23:10:27,0.2967,0
7411,143,17,2026-03-03 23:16:32,0.4586,0
3116,164,40,2026-03-03 23:25:55,0.2712,0
3657,90,52,2026-03-03 23:28:00,0.3173,0
5064,145,63,2026-03-03 23:29:47,0.2722,0
9570,5,68,2026-03-03 23:33:03,0.0411,1
6849,91,27,2026-03-03 23:39:17,1.0,0
5268,183,13,2026-03-03 23:53:13,0.404,0
581,11,36,2026-03-03 23:53:18,0.1986,1
9687,123,71,2026-03-04 00:52:05,0.0413,1
2715,162,43,2026-03-04 00:56:48,0.4683,0
4042,179,40,2026-03-04 01:14:07,0.1853,1
1500,11,5,2026-03-04 01:38:34,0.1651,1
10573,85,7,2026-03-04 01:43:30,0.587,0
6362,98,70,2026-03-04 01:57:31,0.054,1
4598,94,4,2026-03-04 01:58:55,0.4664,0
8648,133,14,2026-03-04 02:08:57,0.0787,1
2300,232,95,2026-03-04 02:14:17,0.389,0
1902,141,35,2026-03-04 02:15:38,0.4884,0
6674,213,101,2026-03-04 02:18:20,0.1032,1
2184,89,117,2026-03-04 02:24:20,0.4684,0
8545,43,70,2026-03-04 02:32:04,1.0,0
11987,83,44,2026-03-04 02:37:38,0.104,1
5898,8,32,2026-03-04 02:53:55,0.7992,0
11463,198,95,2026-03-04 03:01:00,0.5564,0
4457,73,64,2026-03-04 03:09:03,0.6834,0
6729,36,102,2026-03-04 03:14:10,0.2581,0
5386,150,39,2026-03-04 03:21:36,0.6992,0
683,75,115,2026-03-04 03:21:43,0.3786,0
4023,156,8,2026-03-04 03:33:39,0.7997,0
355,130,14,2026-03-04 03:36:03,0.4143,0
8033,192,96,2026-03-04 03:39:47,0.1496,1
1675,84,119,2026-03-04 03:56:56,0.2903,0
5416,54,77,2026-03-04 04:47:59,0.3783,0
9823,12,82,2026-03-04 04:56:07,0.2507,0
2839,224,28,2026-03-04 04:59:43,0.42,0
836,94,61,2026-03-04 05:05:29,0.1311,1
8935,204,15,2026-03-04 05:31:23,0.4311,0
8117,84,61,2026-03-04 05:37:45,0.8957,0
3525,103,111,2026-03-04 05:47:10,0.6203,0
7013,46,72,2026-03-04 05:56:55,0.2436,1
7739,209,99,2026-03-04 06:14:20,0.4283,0
9918,181,31,2026-03-04 06:27:26,0.3702,0
5167,141,100,2026-03-04 06:37:29,0.5272,0
3050,1,61,2026-03-04 06:47:05,0.5115,0
11807,18,41,2026-03-04 06:48:41,0.0196,1
97,56,71,2026-03-04 06:51:23,0.4881,0
11116,100,36,2026-03-04 07:16:56,0.104,1
8567,116,119,2026-03-04 07:17:15,0.4623,0
3733,187,1,2026-03-04 07:29:29,0.8116,0
727,180,90,2026-03-04 07:34:11,0.1017,1
6344,16,112,2026-03-04 07:40:34,0.3101,0
6327,174,92,2026-03-04 07:54:42,0.5874,0
1159,79,110,2026-03-04 07:55:02,0.4408,0
935,167,80,2026-03-04 08:37:31,0.3845,0
722,241,101,2026-03-04 08:38:38,0.5271,0
5056,22,99,2026-03-04 08:45:03,0.389,0
10766,40,88,2026-03-04 09:10:22,0.7577,0
2767,226,57,2026-03-04 09:23:34,0.1021,1
6019,121,77,2026-03-04 09:28:24,0.302,0
10273,83,76,2026-03-04 09:32:14,0.5607,0
5568,192,119,2026-03-04 09:35:48,0.066,1
11360,181,69,2026-03-04 09:42:43,0.6989,0
1256,26,69,2026-03-04 09:58:24,0.6655,0
9248,157,48,2026-03-04 10:02:10,0.3679,0
460,232,29,2026-03-04 10:17:25,0.6824,0
8547,99,5,2026-03-04 10:30:02,0.85,0
2114,115,41,2026-03-04 10:30:06,0.2948,0
8886,80,57,2026-03-04 10:30:15,0.3505,0
988,25,12,2026-03-04 10:32:19,0.6209,0
6242,136,110,2026-03-04 10:33:00,0.1856,1
1002,6,53,2026-03-04 10:48:08,0.5528,0
9140,128,25,2026-03-04 11:01:34,0.6504,0
7469,222,51,2026-03-04 11:09:23,0.1758,1
9946,132,37,2026-03-04 11:32:11,0.0,1
4489,148,90,2026-03-04 11:53:17,0.1793,1
8084,151,106,2026-03-04 11:54:17,0.5321,0
5271,96,34,2026-03-04 12:03:42,0.3291,0
7226,235,77,2026-03-04 12:09:32,0.1203,1
9807,216,112,2026-03-04 12:18:30,0.5765,0
657,188,33,2026-03-04 12:20:37,0.7124,0
5320,4,44,2026-03-04 12:30:06,0.4186,0
7572,167,68,2026-03-04 12:37:30,0.2282,1
9765,107,42,2026-03-04 12:41:24,0.2346,1
9843,199,19,2026-03-04 12:42:36,0.3095,0
2483,248,10,2026-03-04 12:52:20,0.9159,0
3743,144,117,2026-03-04 12:55:37,0.4818,0
5234,184,73,2026-03-04 12:55:44,0.0,1
10487,18,111,2026-03-04 12:58:51,0.6461,0
7026,17,58,2026-03-04 13:00:59,0.3427,0
9028,28,106,2026-03-04 13:10:10,0.6214,0
5101,68,55,2026-03-04 13:35:28,0.5364,0
8929,57,55,2026-03-04 13:54:39,0.7888,0
11825,28,64,2026-03-04 14:03:43,0.7344,0
9503,196,43,2026-03-04 14:14:18,0.9839,0
8355,48,79,2026-03-04 14:52:52,0.5612,0
3288,144,40,2026-03-04 14:57:32,0.2654,0
7041,31,18,2026-03-04 15:25:16,0.586,0
1506,161,27,2026-03-04 15:51:03,0.6281,0
4986,203,83,2026-03-04 16:11:15,0.1749,1
3053,194,45,2026-03-04 16:13:22,0.7701,0
411,34,76,2026-03-04 16:27:18,0.1156,1
11865,179,15,2026-03-04 16:30:39,1.0,0
3623,33,34,2026-03-04 16:34:54,0.3331,0
10375,32,3,2026-03-04 17:09:12,0.2334,1
10527,172,64,2026-03-04 17:12:58,0.632,0
579,28,33,2026-03-04 17:26:43,0.5084,0
4058,58,92,2026-03-04 17:50:45,0.3795,0
2558,143,22,2026-03-04 18:04:33,0.3954,0
4590,26,45,2026-03-04 18:07:12,0.4357,0
11444,223,16,2026-03-04 18:28:18,0.0,1
6697,123,19,2026-03-04 18:29:46,0.0454,1
8627,165,102,2026-03-04 18:39:16,0.6827,0
9654,192,9,2026-03-04 18:46:54,0.6343,0
3105,110,25,2026-03-04 18:55:53,0.1997,1
9190,212,66,2026-03-04 19:08:29,0.2045,1
11112,82,3,2026-03-04 19:30:29,0.2313,1
7529,137,35,2026-03-04 19:38:40,0.6232,0
10529,135,53,2026-03-04 19:47:15,0.2745,0
6664,101,101,2026-03-04 19:47:29,0.0,1
1835,142,95,2026-03-04 20:02:22,1.0,0
5197,63,42,2026-03-04 20:11:50,0.4682,0
6698,20,75,2026-03-04 20:28:48,0.3001,0
5094,147,23,2026-03-04 20:33:14,0.4841,0
11404,202,57,2026-03-04 20:33:23,0.2388,1
10977,194,65,2026-03-04 20:51:10,0.2276,1
9636,55,76,2026-03-04 21:00:08,0.5248,0
625,118,75,2026-03-04 21:01:25,0.6484,0
6040,194,101,2026-03-04 21:01:29,0.0054,1
5275,160,6,2026-03-04 21:09:22,0.6644,0
471,85,78,2026-03-04 21:13:52,0.2785,0
2079,164,20,2026-03-04 21:14:27,0.0325,1
3455,102,108,2026-03-04 21:25:28,0.3831,0
6505,188,38,2026-03-04 21:25:59,0.3506,0
6883,56,106,2026-03-04 21:43:49,0.1387,1
10502,119,60,2026-03-04 21:50:14,0.3077,0
4301,171,82,2026-03-04 22:03:53,0.0,1
9312,104,52,2026-03-04 22:20:31,0.2335,1
11605,47,45,2026-03-04 22:20:44,0.444,0
9944,52,63,2026-03-04 22:28:01,0.4963,0
4686,237,113,2026-03-04 22:37:42,0.0649,1
9601,55,39,2026-03-04 22:46:01,0.637,0
9652,143,73,2026-03-04 22:47:00,0.2612,0
5025,89,3,2026-03-04 22:53:48,0.3236,0
7650,113,34,2026-03-04 22:58:13,1.0,0
6196,12,12,2026-03-04 23:02:33,0.5742,0
224,233,38,2026-03-04 23:04:37,0.674,0
2540,70,13,2026-03-04 23:36:12,0.5341,0
7233,151,24,2026-03-04 23:58:32,0.5317,0
10306,127,32,2026-03-05 00:00:58,0.0333,1
4164,244,3,2026-03-05 00:15:41,0.0,1
408,98,32,2026-03-05 00:15:49,0.5806,0
1386,181,41,2026-03-05 00:21:19,0.1237,1
3913,64,52,2026-03-05 00:32:28,0.2065,1
9789,188,86,2026-03-05 00:42:12,0.5704,0
4876,160,70,2026-03-05 00:46:55,0.1287,1
11652,62,116,2026-03-05 00:56:14,0.1815,1
618,81,29,2026-03-05 00:56:21,0.3954,0
4562,5,107,2026-03-05 01:01:33,0.6602,0
1496,67,13,2026-03-05 01:07:39,0.2406,1
4043,99,86,2026-03-05 01:19:43,0.3778,0
2539,238,41,2026-03-05 01:57:14,0.907,0
6687,203,100,2026-03-05 02:11:34,0.6339,0
1592,10,17,2026-03-05 02:23:44,0.701,0
4582,128,93,2026-03-05 02:34:59,0.503,0
11906,2,104,2026-03-05 02:37:31,0.4362,0
8674,42,115,2026-03-05 02:58:21,0.73,0
5164,229,10,2026-03-05 03:00:46,0.3972,0
6881,175,67,2026-03-05 03:04:47,0.7244,0
11754,56,33,2026-03-05 03:29:57,0.0,1
1251,41,0,2026-03-05 03:35:32,0.3448,0
10617,42,38,2026-03-05 03:37:16,0.5319,0
6546,193,3,2026-03-05 03:43:00,1.0,0
8235,152,119,2026-03-05 03:47:24,0.1834,1
5449,58,68,2026-03-05 03:52:17,0.0709,1
4033,245,112,2026-03-05 03:53:40,0.2945,0
8329,207,99,2026-03-05 04:18:36,0.7193,0
9615,140,84,2026-03-05 04:26:05,0.1055,1
7342,235,45,2026-03-05 04:27:41,0.0,1
5988,84,4,2026-03-05 04:29:37,1.0,0
7455,222,103,2026-03-05 04:30:38,0.384,0
9506,234,117,2026-03-05 04:30:48,0.6456,0
6079,12,16,2026-03-05 04:31:53,0.061,1
10737,27,21,2026-03-05 04:36:37,0.4508,0
10442,100,60,2026-03-05 06:25:08,0.389,0
10004,90,87,2026-03-05 06:26:39,0.3207,0
8023,24,14,2026-03-05 06:30:29,0.3352,0
450,105,2,2026-03-05 06:40:09,0.034,1
77,36,114,2026-03-05 06:41:25,0.1993,1
786,103,14,2026-03-05 06:51:17,0.5809,0
774,224,39,2026-03-05 07:06:08,0.4024,0
10473,26,58,2026-03-05 07:33:17,0.3271,0
4559,163,26,2026-03-05 07:35:44,0.6295,0
11884,36,116,2026-03-05 07:47:55,0.2799,0
2951,105,19,2026-03-05 07:51:37,0.4642,0
3875,177,33,2026-03-05 07:59:56,0.3909,0
838,206,34,2026-03-05 08:01:10,0.3578,0
516,200,6,2026-03-05 08:09:53,0.7864,0
7711,3,53,2026-03-05 08:19:12,0.5848,0
4360,223,110,2026-03-05 08:19:49,0.5837,0
1536,221,35,2026-03-05 08:20:51,0.7073,0
3755,136,60,2026-03-05 08:21:49,0.1472,1
10405,176,22,2026-03-05 08:28:24,0.2727,0
5983,121,104,2026-03-05 08:31:54,0.7659,0
5688,157,76,2026-03-05 08:38:33,0.539,0
10931,105,106,2026-03-05 09:04:56,0.3158,0
759,109,77,2026-03-05 09:11:06,0.2441,1
9366,51,24,2026-03-05 09:12:18,0.4705,0
6851,235,78,2026-03-05 09:13:40,0.0148,1
10056,91,91,2026-03-05 09:55:30,0.144,1
6058,28,80,2026-03-05 10:26:08,0.9513,0
3673,65,13,2026-03-05 10:49:43,0.3323,0
6727,131,13,2026-03-05 11:00:45,0.4184,0
8305,232,2,2026-03-05 11:08:06,0.0158,1
1666,130,70,2026-03-05 11:10:59,0.6527,0
2249,98,113,2026-03-05 11:17:38,0.7161,0
9251,97,62,2026-03-05 11:22:22,0.3293,0
3391,68,60,2026-03-05 11:35:21,0.1962,1
5414,175,68,2026-03-05 11:57:40,0.1269,1
4280,189,47,2026-03-05 12:03:08,0.491,0
2419,213,100,2026-03-05 12:07:31,0.3351,0
10423,209,37,2026-03-05 12:12:02,0.4578,0
8483,27,22,2026-03-05 12:22:36,0.3263,0
10200,191,93,2026-03-05 12:22:45,0.17,1
4680,13,52,2026-03-05 12:25:37,0.3558,0
6696,75,0,2026-03-05 12:33:46,0.5065,0
9952,45,58,2026-03-05 12:45:42,0.3943,0
11272,12,36,2026-03-05 12:55:18,0.346,0
193,67,21,2026-03-05 12:56:46,0.2945,0
10894,52,116,2026-03-05 13:02:19,0.58,0
4655,125,14,2026-03-05 13:06:44,0.6348,0
4585,112,23,2026-03-05 13:13:27,0.2197,1
11341,79,98,2026-03-05 13:17:59,0.1099,1
8860,11,66,2026-03-05 13:18:34,0.4604,0
421,189,54,2026-03-05 13:38:32,0.2354,1
2010,87,21,2026-03-05 13:39:57,0.2438,1
523,172,117,2026-03-05 13:46:15,0.2637,0
3317,149,112,2026-03-05 13:56:33,0.0,1
971,91,16,2026-03-05 14:09:22,0.0436,1
192,174,59,2026-03-05 14:19:00,0.1311,1
8056,4,31,2026-03-05 14:24:19,0.9643,0
7104,109,57,2026-03-05 14:25:42,0.0,1
3157,70,10,2026-03-05 14:26:28,0.8079,0
2121,246,31,2026-03-05 14:31:16,0.1608,1
7243,172,79,2026-03-05 15:21:38,0.4843,0
9090,120,19,2026-03-05 15:23:55,0.2695,0
10213,90,53,2026-03-05 15:28:21,0.483,0
2197,33,75,2026-03-05 16:16:23,0.0,1
10493,8,53,2026-03-05 16:38:25,0.0951,1
10986,63,34,2026-03-05 17:04:58,0.1318,1
11739,230,3,2026-03-05 17:21:14,0.0686,1
2475,70,54,2026-03-05 17:32:41,0.3582,0
10597,174,43,2026-03-05 17:55:23,0.3618,0
3591,99,103,2026-03-05 18:06:14,0.5034,0
7611,72,117,2026-03-05 18:17:31,0.0368,1
793,150,63,2026-03-05 18:18:24,0.1699,1
9930,162,6,2026-03-05 18:21:11,0.2577,0
3746,222,2,2026-03-05 18:21:12,0.5523,0
8856,28,86,2026-03-05 18:33:52,0.6496,0
3181,106,62,2026-03-05 18:43:00,0.2558,0
11241,168,87,2026-03-05 19:08:44,0.816,0
10671,101,53,2026-03-05 19:18:42,0.713,0
3458,230,81,2026-03-05 19:28:03,0.4047,0
2850,106,83,2026-03-05 19:29:39,1.0,0
7534,83,75,2026-03-05 19:36:17,0.0,1
931,165,48,2026-03-05 19:49:50,0.0478,1
1222,126,46,2026-03-05 19:51:11,0.3433,0
10606,118,75,2026-03-05 19:52:35,1.0,0
4146,166,42,2026-03-05 20:13:19,0.3085,0
5042,145,60,2026-03-05 20:30:19,0.7449,0
9850,23,41,2026-03-05 20:41:22,0.5263,0
9666,54,58,2026-03-05 20:43:05,0.0,1
5039,119,85,2026-03-05 20:46:56,0.1133,1
3988,70,80,2026-03-05 20:50:02,0.2531,0
10239,193,1,2026-03-05 20:50:26,0.5538,0
10462,160,40,2026-03-05 21:04:55,0.5793,0
9159,158,52,2026-03-05 21:07:59,0.2774,0
1326,145,56,2026-03-05 21:10:59,0.2417,1
6128,42,36,2026-03-05 21:12:39,0.5269,0
7091,74,112,2026-03-05 21:32:26,0.6817,0
4397,78,1,2026-03-05 21:44:37,0.6513,0
11164,2,100,2026-03-05 21:50:53,0.5329,0
8357,169,117,2026-03-05 21:50:55,0.2157,1
1918,198,112,2026-03-05 22:03:01,0.5911,0
2013,67,47,2026-03-05 22:03:25,0.3888,0
10792,241,65,2026-03-05 22:16:14,0.0584,1
944,196,108,2026-03-05 22:35:56,0.4229,0
2966,105,62,2026-03-05 22:36:44,0.4438,0
10481,173,77,2026-03-05 23:10:52,0.0489,1
11317,133,68,2026-03-05 23:20:01,0.0664,1
5516,66,118,2026-03-05 23:25:26,0.5372,0
8555,4,39,2026-03-05 23:33:01,0.6161,0
2353,192,45,2026-03-05 23:37:49,0.9628,0
5614,207,16,2026-03-05 23:44:31,0.6476,0
1154,148,72,2026-03-05 23:48:22,0.1431,1
6934,75,109,2026-03-05 23:55:28,0.319,0
7923,2,3,2026-03-06 00:03:59,0.5369,0
6714,69,64,2026-03-06 00:23:04,0.4388,0
7595,246,69,2026-03-06 00:23:49,0.7054,0
9809,147,34,2026-03-06 00:31:46,0.0273,1
11383,198,72,2026-03-06 01:03:53,0.1727,1
11602,72,68,2026-03-06 01:05:08,0.4322,0
4243,172,62,2026-03-06 01:21:30,0.6702,0
3769,245,60,2026-03-06 01:35:23,0.1144,1
1490,175,88,2026-03-06 01:53:26,0.3825,0
2596,42,28,2026-03-06 02:04:22,0.5632,0
7412,188,101,2026-03-06 02:05:36,0.3137,0
9348,33,66,2026-03-06 02:15:45,0.0372,1
11544,24,10,2026-03-06 02:27:47,0.6344,0
5728,165,94,2026-03-06 02:32:11,0.0059,1
2991,249,89,2026-03-06 02:52:42,0.1764,1
1145,221,111,2026-03-06 03:10:29,0.6215,0
11545,32,9,2026-03-06 03:25:47,0.1377,1
11735,22,101,2026-03-06 03:45:03,0.2928,0
9847,107,61,2026-03-06 04:02:33,0.7993,0
11885,165,0,2026-03-06 04:33:03,0.1732,1
7092,46,25,2026-03-06 04:39:24,0.5048,0
6062,223,30,2026-03-06 04:53:19,0.7491,0
9692,107,102,2026-03-06 04:56:21,0.5246,0
6573,24,53,2026-03-06 05:03:23,0.2518,0
9328,110,89,2026-03-06 05:22:46,0.6172,0
1718,24,36,2026-03-06 05:23:17,0.5119,0
5490,218,61,2026-03-06 05:34:18,0.6498,0
6085,193,23,2026-03-06 05:37:41,0.4473,0
8110,249,76,2026-03-06 05:46:55,0.7406,0
7916,221,6,2026-03-06 05:52:09,0.8036,0
9128,97,110,2026-03-06 06:17:30,0.569,0
5646,215,39,2026-03-06 06:29:06,0.3615,0
4663,232,17,2026-03-06 06:43:22,0.0083,1
5389,122,0,2026-03-06 06:47:43,0.3707,0
9747,233,72,2026-03-06 06:50:07,0.1955,1
1710,28,99,2026-03-06 06:59:23,0.7142,0
10913,19,95,2026-03-06 07:16:35,0.3406,0
10587,199,68,2026-03-06 07:17:04,0.5909,0
10864,81,10,2026-03-06 07:37:47,0.2477,1
3161,0,8,2026-03-06 07:39:24,0.2242,1
3421,163,21,2026-03-06 07:52:59,0.071,1
9613,178,102,2026-03-06 07:53:54,0.5591,0
3643,136,58,2026-03-06 07:55:02,0.6698,0
742,109,23,2026-03-06 08:12:50,0.0,1
670,16,84,2026-03-06 08:27:14,0.3344,0
1530,245,64,2026-03-06 08:48:54,0.5537,0
7445,196,105,2026-03-06 08:52:46,0.2993,0
10465,127,115,2026-03-06 09:17:01,0.7935,0
7511,225,8,2026-03-06 09:20:29,0.407,0
5927,91,103,2026-03-06 09:36:36,0.3844,0
10144,217,42,2026-03-06 09:43:58,0.4098,0
9356,82,112,2026-03-06 09:44:09,0.6543,0
492,148,14,2026-03-06 09:45:43,0.2513,0
2751,228,119,2026-03-06 10:32:44,0.0226,1
3091,163,113,2026-03-06 10:35:47,0.5767,0
1658,187,63,2026-03-06 10:51:13,0.6252,0
5107,196,84,2026-03-06 11:32:01,0.2229,1
1277,8,79,2026-03-06 11:32:33,0.0069,1
2559,238,78,2026-03-06 11:34:30,0.186,1
5971,42,118,2026-03-06 11:39:49,0.5322,0
4614,224,23,2026-03-06 11:43:51,0.0474,1
4163,233,90,2026-03-06 12:00:06,0.5536,0
3576,178,2,2026-03-06 12:01:39,0.2902,0
1793,209,109,2026-03-06 12:15:48,0.6469,0
4762,168,57,2026-03-06 12:17:35,0.4244,0
8641,189,47,2026-03-06 12:36:54,0.36,0
1228,237,101,2026-03-06 12:40:30,0.0,1
11181,6,4,2026-03-06 12:57:52,0.3932,0
1827,58,103,2026-03-06 12:57:58,0.6771,0
1141,20,27,2026-03-06 13:01:28,0.6647,0
2725,13,90,2026-03-06 13:05:07,0.0246,1
1163,208,22,2026-03-06 13:12:50,0.2237,1
5775,165,97,2026-03-06 13:13:37,0.4811,0
6992,67,0,2026-03-06 13:30:21,0.2578,0
8950,152,34,2026-03-06 13:49:06,0.4825,0
2529,122,24,2026-03-06 13:51:01,0.4477,0
6100,61,1,2026-03-06 14:03:53,0.7924,0
3952,142,55,2026-03-06 14:08:44,0.3155,0
196,115,27,2026-03-06 14:11:01,0.4352,0
1310,181,113,2026-03-06 14:13:48,0.3108,0
5415,187,74,2026-03-06 14:19:34,0.4567,0
2203,199,46,2026-03-06 14:42:20,0.6081,0
10300,141,33,2026-03-06 14:56:19,0.4663,0
5312,98,45,2026-03-06 14:58:09,0.2693,0
1362,70,83,2026-03-06 15:04:17,0.9583,0
8487,106,28,2026-03-06 15:07:06,0.5536,0
6558,95,87,2026-03-06 15:08:12,0.771,0
2416,57,33,2026-03-06 15:18:07,0.0,1
1717,58,79,2026-03-06 15:36:01,0.0859,1
2894,234,63,2026-03-06 15:37:01,0.4418,0
10430,239,62,2026-03-06 15:46:28,0.6069,0
5494,3,109,2026-03-06 16:03:50,0.3885,0
9154,96,57,2026-03-06 16:11:15,0.5492,0
11656,141,20,2026-03-06 16:11:58,0.0769,1
2742,5,7,2026-03-06 16:22:20,0.0453,1
6597,159,67,2026-03-06 16:47:27,0.4044,0
6387,83,54,2026-03-06 16:52:44,0.3212,0
623,110,51,2026-03-06 17:03:50,0.0562,1
3596,99,94,2026-03-06 17:10:03,0.3653,0
7293,56,74,2026-03-06 17:13:13,0.2885,0
5114,166,64,2026-03-06 17:18:39,0.1585,1
10208,32,60,2026-03-06 17:23:22,0.5557,0
1547,91,58,2026-03-06 18:10:18,0.4991,0
2803,36,41,2026-03-06 18:19:52,0.1599,1
1403,106,47,2026-03-06 18:25:50,0.4257,0
2275,98,0,2026-03-06 18:27:05,0.1237,1
658,51,67,2026-03-06 18:43:20,0.4459,0
7463,141,62,2026-03-06 18:45:51,0.3791,0
3674,69,49,2026-03-06 19:07:14,0.5174,0
7140,158,44,2026-03-06 19:14:14,0.4579,0
3580,170,45,2026-03-06 19:21:14,0.6216,0
1334,144,110,2026-03-06 19:33:55,0.353,0
10438,234,14,2026-03-06 19:37:36,0.4232,0
2288,158,80,2026-03-06 19:38:07,1.0,0
120,126,111,2026-03-06 19:46:18,0.1449,1
694,76,90,2026-03-06 19:54:05,0.3893,0
5667,177,39,2026-03-06 19:57:30,0.0,1
7583,177,6,2026-03-06 20:15:14,0.5109,0
223,201,117,2026-03-06 20:17:58,0.6147,0
6989,101,6,2026-03-06 20:21:29,0.1158,1
8462,248,114,2026-03-06 20:29:20,0.0,1
4022,181,1,2026-03-06 20:30:17,0.4855,0
10984,41,118,2026-03-06 20:33:39,0.6871,0
7420,233,113,2026-03-06 20:47:25,0.3511,0
5348,80,0,2026-03-06 20:51:24,0.5318,0
9538,0,75,2026-03-06 21:05:02,0.2386,1
2882,41,18,2026-03-06 21:16:46,0.0627,1
2629,6,79,2026-03-06 21:18:11,0.1596,1
436,20,65,2026-03-06 21:49:57,0.458,0
5485,240,70,2026-03-06 21:58:07,0.5183,0
11931,9,96,2026-03-06 21:59:59,0.1223,1
3860,184,8,2026-03-06 22:13:23,0.1237,1
10684,57,16,2026-03-06 22:13:45,0.1376,1
11765,241,27,2026-03-06 22:23:15,0.0,1
8399,190,101,2026-03-06 22:28:23,0.4874,0
3412,114,12,2026-03-06 22:53:59,0.6274,0
7545,33,113,2026-03-06 23:09:33,0.2781,0
3756,157,5,2026-03-06 23:11:49,0.0,1
9688,30,61,2026-03-06 23:18:23,0.145,1
8152,27,87,2026-03-06 23:19:31,0.3097,0
2129,150,111,2026-03-06 23:38:07,0.6492,0
8979,237,79,2026-03-06 23:38:27,0.2128,1
2748,64,2,2026-03-07 00:03:23,0.0772,1
5461,65,18,2026-03-07 00:04:44,0.3362,0
897,144,44,2026-03-07 00:08:57,0.1378,1
7383,207,0,2026-03-07 00:22:46,0.5062,0
11133,28,45,2026-03-07 00:34:44,0.8244,0
1398,181,8,2026-03-07 00:48:20,0.6615,0
6074,18,4,2026-03-07 00:48:26,0.3021,0
4967,149,68,2026-03-07 00:57:06,0.2813,0
7015,183,11,2026-03-07 00:57:27,0.497,0
3820,2,51,2026-03-07 00:58:05,0.4865,0
10696,199,100,2026-03-07 01:08:23,0.6083,0
11115,248,94,2026-03-07 01:32:43,0.58,0
10215,40,103,2026-03-07 01:39:28,0.3929,0
5491,152,71,2026-03-07 01:39:50,0.2274,1
10286,100,92,2026-03-07 01:47:49,0.5653,0
7108,68,95,2026-03-07 01:56:34,0.219,1
9679,60,76,2026-03-07 02:01:42,0.3249,0
646,170,46,2026-03-07 02:11:42,0.3145,0
6842,110,60,2026-03-07 02:26:23,0.4501,0
8214,136,23,2026-03-07 02:42:13,0.0,1
1165,118,3,2026-03-07 02:43:20,0.0926,1
5970,69,35,2026-03-07 03:01:16,0.2014,1
8292,14,77,2026-03-07 03:03:51,0.5797,0
9403,130,13,2026-03-07 03:17:16,0.8261,0
11110,17,28,2026-03-07 03:26:40,0.5459,0
2072,110,1,2026-03-07 03:29:47,0.5402,0
8442,23,66,2026-03-07 03:37:43,0.6487,0
4665,40,27,2026-03-07 03:40:14,0.4673,0
8675,4,92,2026-03-07 04:02:07,0.3615,0
4054,188,37,2026-03-07 04:04:36,0.2635,0
5858,16,0,2026-03-07 04:17:31,0.6248,0
721,211,53,2026-03-07 04:29:00,0.2088,1
3753,58,31,2026-03-07 04:42:55,0.5527,0
10265,3,110,2026-03-07 04:47:13,0.0,1
3435,236,101,2026-03-07 04:50:07,0.5206,0
5711,27,45,2026-03-07 05:04:14,0.4304,0
2168,170,63,2026-03-07 05:09:15,0.1394,1
5670,129,47,2026-03-07 05:11:23,0.012,1
1515,137,21,2026-03-07 05:16:28,1.0,0
7080,227,93,2026-03-07 05:30:43,1.0,0
1037,30,104,2026-03-07 05:37:38,0.6702,0
4249,242,107,2026-03-07 05:39:53,0.6724,0
7009,38,45,2026-03-07 05:47:02,0.4188,0
8042,9,27,2026-03-07 06:04:56,0.2502,0
10942,221,84,2026-03-07 06:22:19,0.8803,0
7517,143,72,2026-03-07 06:27:43,0.5953,0
1973,136,88,2026-03-07 06:28:27,0.0,1
8111,74,93,2026-03-07 06:30:19,0.2733,0
1357,81,68,2026-03-07 06:44:18,0.7719,0
1278,192,117,2026-03-07 07:09:23,0.5938,0
816,76,17,2026-03-07 07:10:01,1.0,0
3236,174,39,2026-03-07 07:12:17,0.3075,0
10628,111,66,2026-03-07 07:12:37,0.1022,1
5534,119,22,2026-03-07 07:18:19,0.2286,1
9311,193,105,2026-03-07 07:28:54,0.2776,0
1847,84,119,2026-03-07 07:37:29,0.1289,1
10670,23,76,2026-03-07 07:45:06,0.0,1
8356,194,107,2026-03-07 08:34:24,0.7287,0
4560,144,1,2026-03-07 08:35:35,0.1067,1
3289,46,59,2026-03-07 08:46:23,0.0882,1
2071,53,0,2026-03-07 09:03:46,0.5624,0
3975,148,60,2026-03-07 09:18:22,0.5317,0
7783,139,77,2026-03-07 09:25:03,0.0045,1
5453,125,17,2026-03-07 09:27:10,0.5419,0
2764,165,85,2026-03-07 10:00:10,0.6498,0
5479,110,7,2026-03-07 10:02:39,0.7109,0
6594,236,9,2026-03-07 10:05:44,0.6034,0
10828,191,60,2026-03-07 10:28:54,0.8818,0
10757,47,20,2026-03-07 10:31:19,0.6969,0
119,41,72,2026-03-07 10:38:14,0.4401,0
1253,71,1,2026-03-07 10:48:26,0.2136,1
8230,203,98,2026-03-07 10:49:12,0.5535,0
3014,127,95,2026-03-07 10:50:59,0.4735,0
54,86,50,2026-03-07 10:57:56,0.363,0
11618,42,117,2026-03-07 11:05:39,0.3737,0
5329,244,45,2026-03-07 11:14:03,0.4443,0
3004,83,80,2026-03-07 11:25:07,0.407,0
7791,128,44,2026-03-07 11:25:39,0.9482,0
3314,178,117,2026-03-07 11:30:56,0.2286,1
1179,129,0,2026-03-07 11:37:15,0.0208,1
11668,233,84,2026-03-07 11:57:55,0.5717,0
4392,31,11,2026-03-07 12:00:26,0.9543,0
8482,116,65,2026-03-07 12:10:21,0.4438,0
3275,79,63,2026-03-07 12:21:54,0.4327,0
3437,165,18,2026-03-07 12:32:47,0.2839,0
11053,13,66,2026-03-07 12:44:00,0.2113,1
4370,83,31,2026-03-07 12:44:16,0.3587,0
5822,204,31,2026-03-07 12:45:58,0.7539,0
5359,16,49,2026-03-07 12:56:24,0.4978,0
2038,218,55,2026-03-07 13:16:42,0.1094,1
8926,81,90,2026-03-07 13:24:52,0.5712,0
9711,241,28,2026-03-07 13:58:29,0.5922,0
7476,179,32,2026-03-07 14:07:41,0.6951,0
2332,156,26,2026-03-07 14:36:55,0.1402,1
8005,87,16,2026-03-07 14:43:32,0.1932,1
9101,115,89,2026-03-07 14:48:03,0.0205,1
8032,224,8,2026-03-07 14:56:13,0.4697,0
3553,64,50,2026-03-07 15:00:32,0.3324,0
7612,122,65,2026-03-07 15:00:58,0.7819,0
1591,242,118,2026-03-07 15:03:23,0.8365,0
6211,101,42,2026-03-07 15:28:50,0.0,1
4384,48,25,2026-03-07 15:31:24,0.5671,0
5295,22,55,2026-03-07 16:05:29,1.0,0
10139,118,90,2026-03-07 16:35:16,0.4817,0
5740,91,103,2026-03-07 16:37:44,0.347,0
1890,243,2,2026-03-07 16:40:06,0.3459,0
9291,190,71,2026-03-07 16:43:56,0.4128,0
7594,89,6,2026-03-07 16:55:03,0.3768,0
9953,179,112,2026-03-07 16:56:41,0.0,1
31,126,93,2026-03-07 16:57:46,0.111,1
2701,240,57,2026-03-07 17:09:59,0.1175,1
2471,26,84,2026-03-07 17:23:22,0.9962,0
9275,45,79,2026-03-07 17:24:14,0.7129,0
7753,121,84,2026-03-07 17:29:15,0.7855,0
10637,153,75,2026-03-07 17:33:34,0.0689,1
689,20,37,2026-03-07 17:34:26,0.5099,0
2317,13,67,2026-03-07 17:38:25,0.5789,0
1696,113,87,2026-03-07 17:48:50,0.0,1
1396,23,60,2026-03-07 17:58:47,0.2672,0
7866,72,115,2026-03-07 18:16:03,0.1079,1
11890,8,12,2026-03-07 18:44:05,0.4555,0
7435,178,84,2026-03-07 18:49:36,0.3942,0
9441,16,68,2026-03-07 19:02:16,0.6696,0
5763,89,49,2026-03-07 19:13:46,0.0,1
10369,203,37,2026-03-07 19:23:27,0.6113,0
10681,197,109,2026-03-07 19:51:09,0.2249,1
695,176,46,2026-03-07 19:52:24,0.6743,0
10657,30,39,2026-03-07 19:57:28,1.0,0
9694,158,8,2026-03-07 20:18:49,0.3926,0
11402,189,46,2026-03-07 20:19:09,0.5485,0
948,62,53,2026-03-07 20:41:13,0.3242,0
198,249,77,2026-03-07 20:45:49,0.7486,0
10539,187,111,2026-03-07 21:00:54,0.5914,0
2707,32,97,2026-03-07 21:20:23,0.0376,1
7976,241,30,2026-03-07 21:20:28,0.41,0
559,138,69,2026-03-07 21:38:41,0.1153,1
4201,41,11,2026-03-07 21:55:23,0.4438,0
7304,103,118,2026-03-07 21:57:08,0.6311,0
3964,137,110,2026-03-07 22:04:26,0.2672,0
1751,42,114,2026-03-07 22:18:01,0.5157,0
5522,235,15,2026-03-07 22:35:01,0.0047,1
11859,157,49,2026-03-07 22:43:01,0.0185,1
1730,244,109,2026-03-07 22:58:24,0.8506,0
10690,131,87,2026-03-07 23:02:24,0.217,1
2601,197,6,2026-03-07 23:04:31,0.1611,1
956,206,81,2026-03-07 23:15:48,0.7321,0
173,55,20,2026-03-07 23:31:06,0.6507,0
1065,210,12,2026-03-07 23:43:40,0.7267,0
8679,224,88,2026-03-07 23:50:43,0.3334,0
4491,1,99,2026-03-08 00:20:32,0.0,1
2004,160,83,2026-03-08 00:42:37,0.1124,1
7773,226,77,2026-03-08 01:09:26,0.3232,0
1110,72,18,2026-03-08 01:17:43,0.5737,0
965,119,119,2026-03-08 01:24:47,0.6476,0
1075,104,4,2026-03-08 01:50:43,0.1469,1
11657,15,75,2026-03-08 02:28:39,0.5747,0
7296,238,67,2026-03-08 02:37:29,0.6967,0
11014,45,28,2026-03-08 02:44:12,0.4921,0
1264,146,49,2026-03-08 03:12:41,0.9463,0
8729,133,34,2026-03-08 03:17:55,0.136,1
9522,162,5,2026-03-08 03:27:09,0.3796,0
9528,64,78,2026-03-08 03:33:13,0.559,0
5189,59,16,2026-03-08 03:56:20,0.6025,0
2980,13,19,2026-03-08 03:57:31,0.4001,0
11940,159,25,2026-03-08 04:07:21,0.556,0
11840,245,105,2026-03-08 04:14:50,0.2383,1
3357,124,63,2026-03-08 04:22:59,0.6276,0
9651,141,28,2026-03-08 04:24:13,0.3082,0
4152,11,64,2026-03-08 05:00:34,0.4003,0
9417,115,32,2026-03-08 05:18:55,0.2687,0
7616,122,100,2026-03-08 05:27:36,0.0362,1
10388,14,70,2026-03-08 05:28:47,0.0842,1
7567,44,51,2026-03-08 05:33:37,0.2838,0
9188,51,92,2026-03-08 05:35:07,0.3875,0
5834,42,6,2026-03-08 06:06:07,1.0,0
6932,222,113,2026-03-08 06:12:19,0.0394,1
11555,188,59,2026-03-08 06:19:22,0.6334,0
8697,179,57,2026-03-08 06:34:32,1.0,0
169,7,2,2026-03-08 06:35:29,0.3086,0
3940,79,62,2026-03-08 06:35:42,0.0397,1
505,78,60,2026-03-08 06:36:19,0.1767,1
11770,229,40,2026-03-08 06:49:43,0.198,1
7112,114,55,2026-03-08 07:51:46,0.2741,0
5223,119,75,2026-03-08 07:58:43,0.038,1
10516,183,0,2026-03-08 08:12:52,0.4492,0
9772,100,49,2026-03-08 08:23:41,0.3904,0
3541,169,116,2026-03-08 08:41:33,0.3366,0
6105,170,34,2026-03-08 08:45:13,0.1636,1
1521,193,29,2026-03-08 08:48:14,0.3469,0
499,149,4,2026-03-08 08:49:48,0.4368,0
5037,85,97,2026-03-08 10:08:22,0.3918,0
6377,242,19,2026-03-08 10:13:30,0.7414,0
1325,104,81,2026-03-08 10:20:07,0.5646,0
6308,161,108,2026-03-08 10:27:26,0.6376,0
1539,179,112,2026-03-08 10:41:06,0.184,1
5255,146,83,2026-03-08 10:57:47,0.608,0
5633,61,71,2026-03-08 10:59:43,0.4759,0
2185,164,12,2026-03-08 11:08:23,0.1219,1
6969,217,69,2026-03-08 11:15:23,0.5942,0
1869,162,106,2026-03-08 12:20:02,0.3657,0
4849,40,42,2026-03-08 12:38:54,0.6754,0
10454,13,82,2026-03-08 12:47:52,0.5978,0
1218,35,103,2026-03-08 13:06:12,0.3174,0
3405,54,22,2026-03-08 13:07:12,0.6048,0
9289,108,109,2026-03-08 13:14:41,0.7381,0
2637,110,51,2026-03-08 13:48:16,0.7612,0
473,131,4,2026-03-08 13:51:43,0.3166,0
2941,190,48,2026-03-08 14:01:18,0.0,1
7736,203,58,2026-03-08 14:12:11,0.1502,1
8182,38,60,2026-03-08 14:51:59,0.1629,1
8162,25,38,2026-03-08 14:53:47,0.0,1
3072,141,54,2026-03-08 14:55:42,0.3031,0
7503,71,41,2026-03-08 15:07:00,0.4187,0
4044,167,58,2026-03-08 15:19:18,0.3792,0
3865,83,4,2026-03-08 15:34:05,0.4713,0
9353,190,106,2026-03-08 15:42:35,0.0351,1
6912,45,85,2026-03-08 15:49:42,0.825,0
8727,139,87,2026-03-08 15:51:24,0.5306,0
8576,167,9,2026-03-08 15:57:23,0.0,1
11907,206,21,2026-03-08 16:05:01,0.3965,0
501,97,24,2026-03-08 16:07:13,0.6395,0
4248,25,75,2026-03-08 16:08:18,0.3377,0
4036,175,31,2026-03-08 16:11:29,0.515,0
2683,195,42,2026-03-08 16:33:28,0.4866,0
3425,18,33,2026-03-08 16:36:50,0.4469,0
11238,137,73,2026-03-08 16:38:20,0.0714,1
2513,204,5,2026-03-08 16:49:50,0.4141,0
8972,169,53,2026-03-08 17:05:29,0.4308,0
7848,71,58,2026-03-08 17:13:49,0.2338,1
2699,83,8,2026-03-08 17:19:12,0.337,0
9534,172,74,2026-03-08 17:26:18,0.6661,0
4789,39,111,2026-03-08 17:30:07,0.3653,0
7898,80,17,2026-03-08 17:32:48,0.0127,1
399,43,45,2026-03-08 17:36:00,0.4729,0
249,177,16,2026-03-08 17:39:40,0.161,1
3639,193,13,2026-03-08 18:05:43,0.0826,1
11683,226,18,2026-03-08 18:19:43,0.0869,1
7060,162,107,2026-03-08 18:20:10,0.0,1
1189,180,102,2026-03-08 18:40:31,0.4555,0
11547,191,80,2026-03-08 19:08:49,0.4556,0
5241,137,29,2026-03-08 19:21:50,1.0,0
9212,69,97,2026-03-08 19:33:14,0.6349,0
7073,247,61,2026-03-08 19:37:53,0.4183,0
5972,93,79,2026-03-08 19:42:52,0.0561,1
10180,224,118,2026-03-08 19:51:29,0.762,0
2358,105,69,2026-03-08 19:54:46,0.471,0
4664,57,2,2026-03-08 20:36:19,1.0,0
10614,194,106,2026-03-08 20:38:59,0.2692,0
10110,28,32,2026-03-08 20:39:56,0.0,1
741,95,27,2026-03-08 21:02:04,0.046,1
6140,48,33,2026-03-08 21:06:58,0.484,0
10032,54,83,2026-03-08 21:09:41,0.1497,1
6265,84,12,2026-03-08 21:09:46,0.7344,0
1345,82,105,2026-03-08 21:13:14,0.4352,0
11853,107,45,2026-03-08 21:19:57,0.4494,0
4287,200,68,2026-03-08 21:43:21,0.5185,0
6285,14,101,2026-03-08 21:51:17,0.4594,0
6957,208,81,2026-03-08 22:05:58,1.0,0
1223,193,2,2026-03-08 22:07:23,0.0,1
2950,194,10,2026-03-08 22:14:44,0.1526,1
9749,20,6,2026-03-08 22:29:09,0.3756,0
3651,241,5,2026-03-08 22:36:01,0.7964,0
2226,154,60,2026-03-08 22:41:55,0.2393,1
5795,29,79,2026-03-08 22:45:43,0.739,0
4436,130,56,2026-03-08 22:59:39,0.4789,0
353,159,14,2026-03-08 23:14:12,0.3513,0
8774,156,99,2026-03-08 23:24:53,0.4746,0
5463,133,29,2026-03-08 23:27:17,0.5752,0
5021,122,19,2026-03-08 23:50:06,0.1073,1
801,64,75,2026-03-09 00:04:16,0.2552,0
3955,58,47,2026-03-09 00:05:33,0.3116,0
6156,54,1,2026-03-09 00:36:24,1.0,0
2768,101,56,2026-03-09 00:37:16,0.0225,1
806,212,37,2026-03-09 00:56:55,0.2035,1
1090,166,94,2026-03-09 00:58:33,0.0,1
10281,85,17,2026-03-09 00:59:54,0.3453,0
10146,1,99,2026-03-09 01:14:03,0.1393,1
8630,45,53,2026-03-09 01:18:28,0.5934,0
7457,63,46,2026-03-09 01:26:41,0.246,1
9024,0,20,2026-03-09 01:34:10,0.1364,1
7993,152,15,2026-03-09 02:24:23,0.6795,0
11742,50,112,2026-03-09 02:29:51,0.4996,0
2151,220,5,2026-03-09 02:46:24,1.0,0
11870,153,27,2026-03-09 02:49:06,0.4486,0
8822,213,104,2026-03-09 03:01:03,0.4073,0
5337,149,38,2026-03-09 03:37:26,0.2434,1
10859,214,75,2026-03-09 03:50:16,0.4706,0
8781,169,22,2026-03-09 04:16:13,0.7012,0
8981,143,17,2026-03-09 04:22:57,0.4021,0
7884,29,96,2026-03-09 05:02:56,0.579,0
3828,56,114,2026-03-09 05:14:41,0.5115,0
2143,112,90,2026-03-09 05:18:01,0.5091,0
1184,13,54,2026-03-09 05:30:18,0.4906,0
6020,54,91,2026-03-09 05:53:16,0.0947,1
11947,29,0,2026-03-09 06:18:06,0.3714,0
9059,153,68,2026-03-09 06:32:19,0.3377,0
5558,162,13,2026-03-09 06:36:03,0.5853,0
452,98,16,2026-03-09 06:42:17,0.5668,0
970,2,64,2026-03-09 07:06:30,0.5274,0
5977,40,118,2026-03-09 07:12:26,0.2789,0
876,3,103,2026-03-09 07:20:47,0.8536,0
8108,177,75,2026-03-09 07:22:13,0.9849,0
6270,31,39,2026-03-09 07:22:46,0.1808,1
6164,183,117,2026-03-09 07:24:33,0.7297,0
467,219,23,2026-03-09 07:34:35,0.6634,0
3054,182,73,2026-03-09 08:08:10,0.1905,1
1788,71,97,2026-03-09 08:13:40,0.4839,0
9058,85,52,2026-03-09 08:19:57,0.5717,0
1083,8,29,2026-03-09 08:27:21,0.0,1
11421,40,93,2026-03-09 08:51:58,0.6994,0
10033,30,20,2026-03-09 09:00:02,0.5563,0
7490,187,78,2026-03-09 09:04:51,0.3807,0
6588,246,35,2026-03-09 09:38:53,0.0,1
4553,163,81,2026-03-09 09:39:15,0.0396,1
85,77,66,2026-03-09 10:02:31,0.0211,1
5925,112,85,2026-03-09 10:04:08,0.402,0
1975,183,30,2026-03-09 10:20:53,0.7592,0
6525,131,90,2026-03-09 10:27:42,0.8298,0
5468,225,33,2026-03-09 10:46:42,0.2384,1
6487,172,110,2026-03-09 11:06:27,0.5123,0
7100,159,87,2026-03-09 11:16:45,0.7996,0
8794,101,113,2026-03-09 11:23:12,0.4824,0
7078,76,86,2026-03-09 11:25:22,0.0928,1
6216,21,65,2026-03-09 11:41:15,0.6091,0
2394,157,24,2026-03-09 12:17:44,0.104,1
6795,56,48,2026-03-09 12:19:08,0.6362,0
9708,100,114,2026-03-09 12:32:35,0.2038,1
1372,94,54,2026-03-09 12:52:39,0.118,1
9975,201,100,2026-03-09 13:01:12,0.0,1
3918,188,91,2026-03-09 13:11:51,0.0301,1
11398,190,42,2026-03-09 13:12:40,0.694,0
8458,79,75,2026-03-09 13:34:51,0.0442,1
5265,198,71,2026-03-09 13:44:27,0.0872,1
11473,174,1,2026-03-09 13:48:16,0.6621,0
5999,188,6,2026-03-09 13:49:32,0.2193,1
6862,35,52,2026-03-09 13:54:43,1.0,0
1636,47,52,2026-03-09 13:58:47,0.5059,0
7150,126,18,2026-03-09 14:11:02,0.3158,0
349,118,71,2026-03-09 14:17:25,0.1,1
2786,178,92,2026-03-09 14:20:21,0.2227,1
3099,205,103,2026-03-09 14:41:19,0.1214,1
6834,58,0,2026-03-09 14:45:55,0.0,1
11829,152,16,2026-03-09 14:57:25,0.5617,0
2212,51,34,2026-03-09 15:05:09,0.2244,1
4362,216,91,2026-03-09 15:17:47,0.2163,1
359,217,78,2026-03-09 15:30:36,0.5523,0
5693,229,7,2026-03-09 15:30:36,0.1583,1
9539,230,27,2026-03-09 16:14:46,0.4136,0
1885,114,82,2026-03-09 16:35:43,0.6077,0
68,134,9,2026-03-09 16:54:46,0.6404,0
2598,94,86,2026-03-09 17:03:11,1.0,0
2899,29,117,2026-03-09 17:12:13,0.3312,0
6368,9,44,2026-03-09 17:16:14,0.453,0
9588,226,36,2026-03-09 17:24:07,0.0941,1
10052,205,104,2026-03-09 17:38:24,0.5663,0
7615,92,9,2026-03-09 17:39:21,0.5577,0
6829,135,52,2026-03-09 18:00:40,0.6134,0
8527,11,66,2026-03-09 18:55:57,0.4516,0
1294,30,63,2026-03-09 19:18:42,0.2069,1
9791,164,20,2026-03-09 19:31:49,0.2049,1
84,38,71,2026-03-09 19:43:41,0.2238,1
5214,43,55,2026-03-09 20:19:37,0.2245,1
9815,169,41,2026-03-09 20:21:16,0.5433,0
4974,151,34,2026-03-09 20:29:20,0.7442,0
3015,102,29,2026-03-09 21:02:04,0.0578,1
5790,198,28,2026-03-09 21:31:52,0.6462,0
8826,18,109,2026-03-09 22:08:41,0.0376,1
7212,208,82,2026-03-09 22:27:23,0.8401,0
4486,141,101,2026-03-09 22:34:23,0.6628,0
1376,31,118,2026-03-09 22:34:44,0.6794,0
11533,110,54,2026-03-09 22:45:44,0.24,1
11537,248,5,2026-03-09 22:46:14,0.5358,0
2812,155,89,2026-03-09 22:47:48,0.5298,0
7979,54,94,2026-03-09 22:53:58,0.1606,1
2922,117,28,2026-03-09 22:59:44,0.5325,0
9014,8,50,2026-03-09 23:03:23,0.7304,0
2021,238,23,2026-03-09 23:13:48,0.5804,0
10207,108,36,2026-03-09 23:20:51,0.0,1
4882,213,85,2026-03-09 23:21:38,0.0016,1
10210,73,88,2026-03-09 23:25:50,0.6959,0
5401,38,26,2026-03-09 23:38:26,0.2967,0
1600,245,99,2026-03-09 23:52:44,0.6507,0
7514,147,98,2026-03-10 00:47:16,1.0,0
5286,125,99,2026-03-10 01:18:46,0.6683,0
7126,103,91,2026-03-10 01:22:44,0.7607,0
5902,27,68,2026-03-10 01:24:40,0.3472,0
6902,249,68,2026-03-10 01:39:27,0.4606,0
6628,103,49,2026-03-10 01:41:17,1.0,0
9553,46,19,2026-03-10 01:52:39,0.5019,0
8678,77,49,2026-03-10 02:03:21,0.3663,0
11962,28,76,2026-03-10 02:08:34,0.4412,0
3141,227,69,2026-03-10 02:59:00,0.4919,0
11743,89,16,2026-03-10 03:07:09,0.3165,0
10136,195,4,2026-03-10 03:28:40,0.1848,1
348,208,28,2026-03-10 03:42:07,0.6959,0
2364,208,53,2026-03-10 03:42:57,0.0,1
5125,214,22,2026-03-10 04:09:23,0.4185,0
4423,136,30,2026-03-10 04:17:51,0.621,0
2399,29,115,2026-03-10 04:23:10,0.568,0
1653,244,71,2026-03-10 04:25:11,0.5507,0
4494,113,105,2026-03-10 04:37:03,0.0319,1
6593,89,84,2026-03-10 05:03:15,0.8369,0
7967,223,64,2026-03-10 05:17:42,0.4926,0
6943,106,19,2026-03-10 05:24:09,0.2084,1
7754,237,90,2026-03-10 05:44:42,0.4926,0
3708,53,29,2026-03-10 05:59:58,0.185,1
10604,247,98,2026-03-10 06:12:55,0.3219,0
2828,100,117,2026-03-10 06:35:22,0.514,0
8268,44,90,2026-03-10 07:04:20,0.1159,1
1700,125,22,2026-03-10 07:10:41,0.2802,0
4556,88,47,2026-03-10 07:10:50,0.0262,1
1045,132,94,2026-03-10 07:47:54,0.5195,0
5160,185,70,2026-03-10 08:05:26,0.1597,1
8459,77,30,2026-03-10 08:06:48,0.4897,0
3434,199,2,2026-03-10 08:09:36,0.2696,0
6691,135,5,2026-03-10 08:17:20,0.5253,0
9985,175,0,2026-03-10 08:51:41,0.5764,0
6801,213,96,2026-03-10 09:34:40,0.1738,1
9735,217,67,2026-03-10 09:45:32,0.4244,0
2369,231,41,2026-03-10 09:51:27,0.0,1
10226,244,38,2026-03-10 10:27:45,0.3235,0
9873,137,36,2026-03-10 10:59:11,0.507,0
1553,43,52,2026-03-10 11:06:56,0.3451,0
10836,244,54,2026-03-10 11:19:04,0.4128,0
5098,239,66,2026-03-10 11:22:22,0.882,0
2977,100,15,2026-03-10 11:22:47,0.43,0
4212,236,19,2026-03-10 11:32:35,0.1779,1
9370,136,41,2026-03-10 11:42:51,0.4703,0
7111,127,25,2026-03-10 12:01:56,0.4328,0
11721,175,46,2026-03-10 12:10:11,0.6811,0
5720,1,25,2026-03-10 12:17:55,0.4015,0
1644,29,77,2026-03-10 12:22:06,0.5688,0
9285,131,49,2026-03-10 12:26:55,0.2204,1
144,206,115,2026-03-10 12:45:08,0.4262,0
8112,90,117,2026-03-10 12:50:09,0.205,1
7333,174,33,2026-03-10 13:06:22,0.5131,0
336,98,0,2026-03-10 13:15:36,0.1735,1
2698,64,17,2026-03-10 13:20:12,0.2919,0
1963,179,98,2026-03-10 13:24:57,0.2964,0
1888,108,0,2026-03-10 13:27:46,0.5249,0
8137,78,63,2026-03-10 13:57:02,0.5061,0
1246,170,95,2026-03-10 14:00:24,0.2997,0
7487,198,16,2026-03-10 14:05:55,0.1151,1
1454,143,92,2026-03-10 14:34:29,0.4609,0
5026,133,113,2026-03-10 14:39:20,0.2357,1
5573,97,78,2026-03-10 14:52:38,0.4366,0
9499,97,75,2026-03-10 14:58:04,0.3671,0
10991,101,104,2026-03-10 15:05:15,0.2263,1
8418,168,5,2026-03-10 15:10:18,0.197,1
5330,68,74,2026-03-10 15:15:01,0.5022,0
4700,158,109,2026-03-10 15:16:47,0.8169,0
2720,225,41,2026-03-10 15:24:17,0.6797,0
10761,107,29,2026-03-10 15:34:02,0.3851,0
7761,231,94,2026-03-10 15:35:19,0.1054,1
1932,20,68,2026-03-10 16:10:49,0.4456,0
4933,237,50,2026-03-10 16:35:40,0.7428,0
7593,2,52,2026-03-10 16:37:05,0.4365,0
2841,246,33,2026-03-10 16:48:05,0.1045,1
187,187,105,2026-03-10 17:22:07,0.0379,1
1876,144,69,2026-03-10 17:35:43,0.0,1
11639,43,7,2026-03-10 17:47:19,0.0631,1
9691,94,0,2026-03-10 17:58:07,0.0994,1
2142,78,115,2026-03-10 18:00:23,1.0,0
10793,190,46,2026-03-10 18:02:20,0.1475,1
10101,147,75,2026-03-10 18:20:29,0.571,0
9323,176,16,2026-03-10 18:43:59,0.1339,1
7348,41,52,2026-03-10 19:01:18,0.4782,0
384,168,66,2026-03-10 19:18:30,0.3156,0
3436,98,12,2026-03-10 19:24:05,0.11,1
8812,46,104,2026-03-10 19:46:30,0.0536,1
10433,143,24,2026-03-10 19:51:29,0.5894,0
10287,207,52,2026-03-10 19:59:27,0.1233,1
6612,107,119,2026-03-10 20:02:45,0.2993,0
3386,9,76,2026-03-10 20:30:25,0.2139,1
8890,155,43,2026-03-10 20:32:57,0.2006,1
11263,160,36,2026-03-10 20:36:40,0.2902,0
2970,132,64,2026-03-10 20:38:10,0.1116,1
6121,148,66,2026-03-10 20:39:53,0.5274,0
5017,8,118,2026-03-10 20:43:33,0.4419,0
5962,234,27,2026-03-10 20:47:13,0.5091,0
4175,243,90,2026-03-10 21:00:47,0.959,0
9049,169,41,2026-03-10 21:08:35,0.3467,0
388,205,15,2026-03-10 21:11:54,0.334,0
6323,99,95,2026-03-10 21:22:00,0.5921,0
9866,10,113,2026-03-10 21:22:56,0.4899,0
3296,102,70,2026-03-10 21:44:30,0.4342,0
10035,167,20,2026-03-10 21:50:26,0.1265,1
11425,63,100,2026-03-10 21:57:55,0.811,0
3067,192,79,2026-03-10 22:04:25,0.9525,0
3892,231,34,2026-03-10 22:06:06,0.4094,0
8273,131,66,2026-03-10 22:06:18,0.622,0
2053,196,99,2026-03-10 22:10:47,0.6987,0
300,216,114,2026-03-10 22:32:40,0.9263,0
7372,231,101,2026-03-10 22:38:15,0.507,0
5390,36,14,2026-03-10 22:49:39,0.6036,0
2001,100,98,2026-03-10 23:07:23,0.1881,1
9764,223,4,2026-03-10 23:12:29,0.1773,1
8233,143,85,2026-03-10 23:21:43,0.524,0
10612,171,109,2026-03-10 23:30:41,0.2761,0
6160,43,7,2026-03-10 23:50:46,0.3215,0
8982,29,4,2026-03-10 23:52:32,0.3576,0
2623,83,102,2026-03-10 23:54:35,0.0586,1
8597,161,28,2026-03-10 23:55:23,0.0,1
9262,160,26,2026-03-10 23:58:02,0.1816,1
6024,70,69,2026-03-11 00:12:39,0.4059,0
3508,21,21,2026-03-11 00:17:50,0.0,1
9655,167,24,2026-03-11 00:25:33,0.5741,0
2566,233,92,2026-03-11 00:28:34,0.3778,0
8601,158,33,2026-03-11 00:44:20,0.3586,0
8956,54,19,2026-03-11 00:51:13,0.0,1
5279,219,117,2026-03-11 00:57:08,0.4251,0
9250,165,21,2026-03-11 01:29:52,0.1047,1
10811,105,51,2026-03-11 01:30:59,0.7308,0
11485,186,98,2026-03-11 01:45:29,0.8525,0
1379,56,86,2026-03-11 01:45:44,0.4771,0
11249,210,90,2026-03-11 01:50:15,0.0,1
5838,143,34,2026-03-11 02:00:25,1.0,0
4603,235,92,2026-03-11 02:01:17,0.6636,0
8402,26,60,2026-03-11 02:05:40,0.3151,0
4920,242,99,2026-03-11 02:15:23,0.251,0
11586,197,100,2026-03-11 02:49:38,0.3494,0
9752,66,86,2026-03-11 02:54:02,0.8469,0
3393,7,76,2026-03-11 02:58:56,0.2539,0
10443,168,42,2026-03-11 03:12:05,0.3584,0
808,82,31,2026-03-11 03:18:16,0.1342,1
8476,144,28,2026-03-11 03:35:28,0.1564,1
3076,141,38,2026-03-11 03:45:19,0.6666,0
2745,80,59,2026-03-11 03:56:04,0.3289,0
952,179,65,2026-03-11 03:56:59,0.5749,0
2996,131,74,2026-03-11 04:34:49,0.1233,1
5831,78,114,2026-03-11 04:53:25,0.3494,0
5704,82,109,2026-03-11 05:01:38,0.0414,1
9396,178,42,2026-03-11 05:17:07,0.6659,0
5059,0,103,2026-03-11 05:36:23,0.4125,0
4939,85,54,2026-03-11 05:42:37,0.2857,0
5317,149,29,2026-03-11 05:49:04,0.5634,0
5586,180,26,2026-03-11 05:51:53,0.1791,1
368,30,88,2026-03-11 05:55:11,0.4168,0
2688,225,46,2026-03-11 05:58:39,0.2467,1
2281,87,105,2026-03-11 06:10:18,0.01,1
5578,32,112,2026-03-11 06:14:57,0.5321,0
8191,167,0,2026-03-11 06:38:55,0.7718,0
3100,132,26,2026-03-11 06:46:37,0.0745,1
2065,178,67,2026-03-11 06:49:22,0.0435,1
7284,104,15,2026-03-11 07:00:44,0.4239,0
7479,23,24,2026-03-11 07:09:31,0.08,1
3741,147,57,2026-03-11 07:13:45,0.4342,0
5672,65,42,2026-03-11 07:25:30,0.5792,0
4723,186,116,2026-03-11 07:29:13,0.3301,0
6553,6,94,2026-03-11 07:29:33,0.5712,0
9846,196,69,2026-03-11 07:30:22,0.1786,1
5084,168,36,2026-03-11 07:36:08,0.3703,0
833,28,91,2026-03-11 07:45:14,0.2284,1
3348,11,81,2026-03-11 08:03:08,0.019,1
2141,12,102,2026-03-11 08:04:40,0.2913,0
4528,82,90,2026-03-11 08:15:05,0.5504,0
11877,236,41,2026-03-11 08:22:47,0.1019,1
3024,167,40,2026-03-11 08:28:17,0.0828,1
7416,167,85,2026-03-11 08:28:25,0.1571,1
8575,191,77,2026-03-11 08:37:40,0.182,1
6203,218,75,2026-03-11 08:59:50,0.3514,0
11401,99,5,2026-03-11 09:09:33,0.7114,0
4953,69,47,2026-03-11 09:19:36,0.7136,0
2856,95,69,2026-03-11 09:24:28,0.321,0
10515,66,98,2026-03-11 09:27:52,0.0,1
212,225,12,2026-03-11 09:40:15,0.7704,0
7581,27,24,2026-03-11 09:45:31,0.5403,0
6263,221,88,2026-03-11 10:11:36,0.759,0
8690,33,80,2026-03-11 10:18:23,0.6798,0
7527,157,105,2026-03-11 10:23:22,0.5497,0
5,65,11,2026-03-11 10:44:21,0.0708,1
1510,65,46,2026-03-11 10:53:08,0.5517,0
2822,166,80,2026-03-11 11:02:19,0.2162,1
654,195,98,2026-03-11 11:05:55,0.3557,0
9619,211,71,2026-03-11 11:08:52,0.4427,0
7832,190,70,2026-03-11 11:12:58,0.0,1
1194,145,66,2026-03-11 11:23:24,0.3964,0
1447,246,30,2026-03-11 11:27:10,0.2232,1
4265,217,91,2026-03-11 11:39:18,0.4324,0
10874,163,65,2026-03-11 11:54:51,0.374,0
4707,28,1,2026-03-11 12:23:49,0.5922,0
10392,124,96,2026-03-11 12:30:35,0.4048,0
9891,60,35,2026-03-11 12:33:28,1.0,0
9199,247,116,2026-03-11 12:49:53,1.0,0
2439,135,22,2026-03-11 12:50:46,0.2668,0
591,189,49,2026-03-11 12:56:42,0.3237,0
4264,23,12,2026-03-11 13:05:43,0.535,0
7849,89,62,2026-03-11 13:08:45,0.4686,0
6841,235,0,2026-03-11 13:17:26,0.38,0
6300,40,22,2026-03-11 13:18:10,0.7559,0
6887,237,77,2026-03-11 13:30:15,0.5258,0
10795,83,38,2026-03-11 13:33:43,0.2977,0
5960,53,7,2026-03-11 13:39:41,0.5335,0
8833,190,110,2026-03-11 14:00:54,0.1018,1
10946,165,19,2026-03-11 14:14:16,0.6783,0
6440,75,97,2026-03-11 14:30:25,0.3902,0
11992,26,116,2026-03-11 14:59:25,0.6019,0
3237,120,83,2026-03-11 14:59:27,0.6341,0
5712,53,28,2026-03-11 15:04:19,0.1153,1
6073,81,97,2026-03-11 15:08:10,0.4083,0
10906,50,58,2026-03-11 15:19:20,0.5492,0
11449,151,16,2026-03-11 15:30:38,0.673,0
11150,182,81,2026-03-11 15:37:50,0.2197,1
219,32,101,2026-03-11 16:01:16,0.6468,0
9302,236,106,2026-03-11 16:01:37,0.4313,0
1205,179,38,2026-03-11 16:12:23,1.0,0
11203,157,105,2026-03-11 16:14:50,0.4865,0
8688,173,119,2026-03-11 16:25:11,0.4174,0
9524,153,56,2026-03-11 16:27:47,0.9692,0
1034,120,21,2026-03-11 16:36:57,0.4672,0
3272,155,111,2026-03-11 16:37:07,0.1193,1
4181,92,4,2026-03-11 16:41:23,0.5858,0
392,34,113,2026-03-11 16:53:56,0.9609,0
9416,20,62,2026-03-11 16:55:18,0.4792,0
4192,16,2,2026-03-11 17:00:13,0.2652,0
3475,203,57,2026-03-11 17:22:22,0.0856,1
3243,195,8,2026-03-11 17:26:05,0.0664,1
954,81,103,2026-03-11 18:02:24,0.7185,0
6183,214,58,2026-03-11 18:08:38,0.1407,1
8311,193,15,2026-03-11 18:27:05,0.5127,0
4583,198,17,2026-03-11 18:28:45,0.4978,0
3331,136,27,2026-03-11 18:33:08,0.414,0
577,142,16,2026-03-11 18:39:02,0.6223,0
4814,96,93,2026-03-11 19:02:52,0.309,0
10266,46,4,2026-03-11 19:34:08,0.2961,0
8121,196,31,2026-03-11 19:50:22,0.4325,0
4883,75,67,2026-03-11 19:51:16,0.698,0
10521,6,32,2026-03-11 20:25:20,0.707,0
4185,186,25,2026-03-11 20:35:12,0.6337,0
7402,60,69,2026-03-11 20:37:46,0.2609,0
6909,73,64,2026-03-11 20:43:08,0.5737,0
5162,27,60,2026-03-11 20:53:35,0.3695,0
11034,195,100,2026-03-11 21:24:54,0.3041,0
9782,215,47,2026-03-11 21:27:42,0.6338,0
2631,125,80,2026-03-11 21:35:19,0.7158,0
6333,126,13,2026-03-11 21:51:02,0.4936,0
2692,191,45,2026-03-11 22:03:23,0.0219,1
1568,202,115,2026-03-11 22:04:56,0.6887,0
9051,207,95,2026-03-11 22:06:05,0.0,1
11592,52,16,2026-03-11 22:34:04,0.4918,0
10518,102,33,2026-03-11 22:55:02,0.3152,0
9731,33,27,2026-03-11 22:56:55,0.5801,0
5111,2,11,2026-03-11 23:26:16,0.1236,1
11976,63,94,2026-03-11 23:37:41,0.9185,0
4777,100,99,2026-03-11 23:46:29,0.0065,1
3531,163,114,2026-03-11 23:51:27,0.4757,0
8911,174,24,2026-03-11 23:54:30,0.2953,0
7519,77,21,2026-03-11 23:55:43,0.4336,0
8271,201,98,2026-03-12 00:14:01,0.3123,0
11080,188,92,2026-03-12 00:30:54,0.6067,0
10909,242,67,2026-03-12 00:34:21,0.1728,1
3185,218,53,2026-03-12 00:39:13,0.5313,0
7321,138,61,2026-03-12 00:40:49,0.2508,0
7380,88,77,2026-03-12 00:41:48,0.5263,0
6623,19,86,2026-03-12 00:46:10,0.4198,0
7305,117,4,2026-03-12 00:46:51,0.7995,0
7985,183,118,2026-03-12 01:01:00,0.1011,1
4667,137,65,2026-03-12 01:20:58,0.0675,1
794,152,62,2026-03-12 01:45:28,0.4268,0
11953,157,67,2026-03-12 01:46:04,0.4207,0
253,211,50,2026-03-12 01:57:06,0.3053,0
8966,28,47,2026-03-12 02:05:17,0.5581,0
11883,74,29,2026-03-12 02:08:18,0.4455,0
5859,108,54,2026-03-12 02:17:10,0.0,1
11565,73,34,2026-03-12 02:30:29,0.0412,1
7668,132,38,2026-03-12 02:40:22,0.6884,0
8067,14,117,2026-03-12 02:41:10,0.165,1
2081,26,106,2026-03-12 02:46:12,0.3197,0
8051,2,83,2026-03-12 02:53:27,0.4441,0
256,221,40,2026-03-12 03:05:30,0.7337,0
7139,150,55,2026-03-12 03:08:05,0.3429,0
2480,122,23,2026-03-12 03:17:46,0.712,0
5311,44,94,2026-03-12 03:35:01,0.2705,0
2352,180,13,2026-03-12 03:43:51,1.0,0
3685,182,45,2026-03-12 03:56:05,0.4481,0
4261,136,34,2026-03-12 04:00:56,0.6572,0
11517,61,97,2026-03-12 04:18:41,0.5019,0
1526,244,68,2026-03-12 04:26:51,0.1806,1
2487,149,93,2026-03-12 04:36:45,0.0,1
7626,40,86,2026-03-12 04:45:42,0.125,1
4488,144,31,2026-03-12 04:57:01,0.4423,0
6653,109,84,2026-03-12 04:57:07,0.0574,1
3481,48,5,2026-03-12 05:09:35,0.2212,1
6348,196,20,2026-03-12 05:11:21,0.7481,0
10109,34,67,2026-03-12 05:20:40,0.5335,0
1947,48,52,2026-03-12 05:24:26,0.6852,0
6076,1,34,2026-03-12 05:26:50,0.2229,1
5465,54,102,2026-03-12 05:49:36,0.5317,0
5767,168,87,2026-03-12 05:54:37,1.0,0
10359,156,106,2026-03-12 05:57:25,1.0,0
6035,111,110,2026-03-12 06:01:17,0.7469,0
6821,121,119,2026-03-12 06:03:07,0.0,1
2421,224,18,2026-03-12 06:24:07,0.503,0
6544,9,23,2026-03-12 06:24:40,0.3273,0
3052,92,72,2026-03-12 06:42:29,0.8144,0
2016,16,114,2026-03-12 07:37:03,0.6353,0
11322,206,84,2026-03-12 07:37:05,0.4383,0
8165,72,97,2026-03-12 07:49:44,0.5217,0
9152,241,103,2026-03-12 08:05:54,0.1444,1
1411,155,40,2026-03-12 08:26:12,0.2141,1
10421,169,49,2026-03-12 08:41:25,0.7732,0
11330,213,81,2026-03-12 08:49:49,0.44,0
3410,19,6,2026-03-12 09:00:19,0.3386,0
5438,84,57,2026-03-12 09:56:43,0.4575,0
5582,20,23,2026-03-12 09:58:12,0.6411,0
3546,104,8,2026-03-12 10:00:34,0.5219,0
7465,103,65,2026-03-12 10:06:08,0.1126,1
5019,198,104,2026-03-12 10:14:02,0.4862,0
10302,29,39,2026-03-12 10:14:22,0.8669,0
6319,157,60,2026-03-12 10:40:49,0.7026,0
6948,135,64,2026-03-12 10:42:56,0.1794,1
3423,146,78,2026-03-12 10:43:39,0.275,0
4860,238,16,2026-03-12 11:05:16,0.2913,0
5813,135,109,2026-03-12 11:36:52,0.1899,1
1646,63,49,2026-03-12 11:43:52,0.4542,0
6353,111,41,2026-03-12 11:44:20,0.3644,0
4156,104,2,2026-03-12 12:33:36,0.4197,0
2009,164,78,2026-03-12 12:56:27,0.3707,0
6893,242,115,2026-03-12 12:56:33,0.3571,0
10173,79,105,2026-03-12 13:04:48,0.2088,1
3987,134,30,2026-03-12 13:10:49,0.7278,0
8888,154,21,2026-03-12 13:12:09,0.1336,1
10398,81,32,2026-03-12 13:16:22,0.2371,1
2691,27,36,2026-03-12 13:23:26,0.6846,0
4454,89,59,2026-03-12 13:30:16,0.1336,1
5476,18,14,2026-03-12 13:46:07,0.1387,1
3632,9,4,2026-03-12 13:54:46,0.6607,0
6192,57,56,2026-03-12 14:06:25,0.196,1
10993,112,44,2026-03-12 14:07:11,0.9925,0
5409,9,15,2026-03-12 14:14:53,0.0639,1
4831,134,49,2026-03-12 14:16:12,0.4673,0
10474,135,91,2026-03-12 14:26:24,0.8667,0
4367,83,43,2026-03-12 14:28:07,0.5034,0
2176,224,95,2026-03-12 14:33:27,0.2234,1
6608,190,74,2026-03-12 14:45:54,0.3209,0
2157,5,113,2026-03-12 14:52:46,0.7303,0
10349,26,98,2026-03-12 14:53:16,0.5474,0
1758,95,7,2026-03-12 14:54:07,0.069,1
6469,243,102,2026-03-12 15:00:21,0.4227,0
1266,30,19,2026-03-12 15:13:11,0.4108,0
4030,81,45,2026-03-12 15:20:09,0.0011,1
7424,240,4,2026-03-12 15:51:00,0.0375,1
9965,220,89,2026-03-12 16:03:07,0.2155,1
615,212,78,2026-03-12 16:09:21,0.1982,1
880,50,29,2026-03-12 16:19:19,0.7486,0
4017,231,7,2026-03-12 16:34:35,0.4737,0
11631,129,54,2026-03-12 16:38:22,0.3989,0
9269,88,66,2026-03-12 16:41:30,0.2591,0
9498,218,58,2026-03-12 17:02:00,0.3484,0
1292,145,22,2026-03-12 17:12:32,0.1341,1
1285,215,27,2026-03-12 17:13:03,0.5055,0
2067,68,81,2026-03-12 17:25:26,0.0,1
258,34,60,2026-03-12 18:28:12,0.3008,0
9590,17,12,2026-03-12 18:52:51,0.5056,0
5406,207,47,2026-03-12 18:59:14,0.5518,0
5020,145,21,2026-03-12 19:04:27,0.1907,1
2322,4,109,2026-03-12 19:39:50,0.6158,0
8797,117,117,2026-03-12 20:12:54,0.219,1
3766,213,116,2026-03-12 20:13:45,0.6944,0
3096,155,64,2026-03-12 20:28:05,0.5217,0
11661,13,7,2026-03-12 20:28:48,0.3887,0
8788,184,70,2026-03-12 20:46:43,0.2105,1
9460,29,7,2026-03-12 20:52:38,0.6243,0
2221,245,45,2026-03-12 20:57:57,0.1332,1
9663,129,60,2026-03-12 21:11:02,0.948,0
5469,186,85,2026-03-12 21:12:50,0.4168,0
2450,202,64,2026-03-12 21:53:41,0.4758,0
5592,214,99,2026-03-12 22:13:14,0.6832,0
6699,229,84,2026-03-12 22:21:14,0.4569,0
8932,82,66,2026-03-12 22:23:45,0.675,0
4114,44,56,2026-03-12 22:28:15,0.0,1
7565,155,18,2026-03-12 22:33:37,0.0876,1
11968,82,1,2026-03-12 22:36:22,0.115,1
5277,184,114,2026-03-12 22:44:26,0.2735,0
7038,125,64,2026-03-12 22:50:07,0.591,0
7261,43,46,2026-03-12 23:09:34,0.0248,1
5554,68,109,2026-03-12 23:16:44,0.4135,0
5690,90,56,2026-03-12 23:17:51,0.055,1
8203,222,109,2026-03-12 23:27:59,0.6392,0
7930,3,118,2026-03-12 23:35:08,0.5192,0
2319,78,117,2026-03-13 00:05:11,0.6035,0
10333,104,90,2026-03-13 00:19:06,0.1195,1
4739,197,34,2026-03-13 00:30:15,0.3616,0
10425,179,39,2026-03-13 00:32:46,0.2597,0
8445,167,45,2026-03-13 00:33:56,0.254,0
11243,152,84,2026-03-13 00:37:00,0.5215,0
11121,225,8,2026-03-13 00:39:35,0.1423,1
10238,42,19,2026-03-13 00:40:48,0.6106,0
6556,46,46,2026-03-13 01:04:11,0.3482,0
10677,3,80,2026-03-13 01:10:23,0.8278,0
5942,186,5,2026-03-13 01:35:09,0.6342,0
5784,108,0,2026-03-13 01:49:36,0.2704,0
738,200,112,2026-03-13 02:06:07,0.0095,1
8433,38,89,2026-03-13 02:11:00,0.131,1
5685,206,103,2026-03-13 02:22:25,0.4973,0
1114,76,49,2026-03-13 02:28:35,0.2827,0
7604,127,16,2026-03-13 02:47:55,0.5683,0
10417,106,55,2026-03-13 02:48:53,0.4759,0
1263,158,105,2026-03-13 03:04:43,0.0818,1
7316,248,8,2026-03-13 03:05:20,0.3261,0
1473,197,101,2026-03-13 03:13:25,0.5847,0
4637,149,99,2026-03-13 03:14:04,0.1184,1
1212,196,61,2026-03-13 03:32:22,0.0,1
11930,136,91,2026-03-13 03:33:58,0.4546,0
5769,86,53,2026-03-13 03:35:50,0.7886,0
3833,44,15,2026-03-13 03:54:33,0.2553,0
179,8,81,2026-03-13 04:02:48,0.4459,0
10835,65,107,2026-03-13 04:35:27,0.1247,1
3822,111,88,2026-03-13 04:42:51,0.562,0
6248,230,38,2026-03-13 04:47:20,0.3237,0
11210,113,91,2026-03-13 04:56:38,0.1484,1
11701,216,105,2026-03-13 05:16:33,0.0,1
8811,15,28,2026-03-13 05:38:24,0.4413,0
7331,63,50,2026-03-13 05:50:50,0.0091,1
4658,143,84,2026-03-13 06:10:26,0.9973,0
2313,71,97,2026-03-13 06:29:57,0.4125,0
6336,170,2,2026-03-13 06:50:27,0.133,1
8544,102,80,2026-03-13 07:04:31,0.1812,1
11146,69,51,2026-03-13 07:05:18,0.5511,0
2316,59,29,2026-03-13 07:16:36,0.1535,1
2550,135,39,2026-03-13 07:51:48,0.5834,0
1416,189,23,2026-03-13 08:04:51,0.2295,1
5919,12,99,2026-03-13 08:36:10,0.6602,0
4958,213,21,2026-03-13 09:03:00,0.7908,0
7266,149,17,2026-03-13 09:12:38,0.6346,0
5881,239,23,2026-03-13 09:12:40,0.5244,0
8893,74,53,2026-03-13 09:14:03,0.6473,0
8780,138,101,2026-03-13 09:17:54,0.2829,0
3385,194,38,2026-03-13 09:37:52,0.3911,0
11151,107,9,2026-03-13 09:43:56,0.0954,1
2436,186,34,2026-03-13 09:46:27,0.2572,0
11904,104,78,2026-03-13 10:02:03,0.2998,0
398,152,16,2026-03-13 10:11:01,0.2425,1
6669,34,91,2026-03-13 10:16:49,0.0,1
5505,4,10,2026-03-13 10:18:25,0.3171,0
10376,67,71,2026-03-13 10:26:10,0.3812,0
1884,200,35,2026-03-13 10:31:21,0.4536,0
11429,237,7,2026-03-13 10:32:51,0.2999,0
4638,100,85,2026-03-13 10:33:31,0.8838,0
281,46,78,2026-03-13 10:36:47,0.1324,1
106,21,101,2026-03-13 10:37:31,0.4921,0
5694,115,44,2026-03-13 11:00:23,1.0,0
5297,142,99,2026-03-13 11:01:43,0.1622,1
558,10,50,2026-03-13 11:05:51,0.3876,0
6409,3,32,2026-03-13 11:15:16,0.4285,0
5729,98,29,2026-03-13 12:18:40,0.5332,0
9495,181,94,2026-03-13 13:05:06,0.5302,0
4805,109,19,2026-03-13 13:16:07,0.5749,0
1939,202,64,2026-03-13 13:17:13,0.1966,1
2488,249,86,2026-03-13 13:20:46,0.5611,0
7796,16,12,2026-03-13 14:00:30,0.0,1
10819,104,68,2026-03-13 14:13:12,0.4861,0
3516,52,9,2026-03-13 14:17:09,0.5045,0
4421,135,118,2026-03-13 14:40:12,0.6049,0
293,239,24,2026-03-13 14:49:12,0.0,1
4568,189,35,2026-03-13 15:06:26,0.2407,1
2987,227,105,2026-03-13 15:13:17,0.0,1
9381,140,66,2026-03-13 15:16:08,0.2837,0
11409,2,10,2026-03-13 15:16:23,0.4985,0
9477,92,105,2026-03-13 15:34:12,0.2255,1
3419,95,37,2026-03-13 15:46:02,0.6654,0
6773,163,16,2026-03-13 16:01:57,0.6406,0
11913,160,18,2026-03-13 16:05:10,0.6509,0
1998,56,19,2026-03-13 16:11:19,1.0,0
1608,142,6,2026-03-13 16:12:28,0.2785,0
8015,76,66,2026-03-13 16:15:41,0.5759,0
1669,138,53,2026-03-13 16:51:13,0.5093,0
8184,32,112,2026-03-13 17:21:23,0.1568,1
5926,14,17,2026-03-13 17:24:57,0.1282,1
7143,187,31,2026-03-13 17:28:50,0.917,0
8210,46,23,2026-03-13 17:29:33,0.3074,0
7117,160,61,2026-03-13 17:48:28,0.3123,0
4462,163,46,2026-03-13 17:48:42,0.2363,1
3422,116,30,2026-03-13 18:05:46,0.6242,0
10885,244,92,2026-03-13 18:08:48,0.6302,0
3926,34,53,2026-03-13 18:10:58,1.0,0
1088,18,31,2026-03-13 18:26:00,0.5082,0
4697,233,1,2026-03-13 18:26:59,0.4077,0
4080,103,103,2026-03-13 18:29:11,0.7971,0
1276,115,41,2026-03-13 18:29:38,0.5453,0
8158,209,111,2026-03-13 18:41:53,0.1971,1
6037,88,77,2026-03-13 18:53:20,0.081,1
9905,226,4,2026-03-13 18:54:39,0.5999,0
5118,214,103,2026-03-13 19:23:49,0.0735,1
4672,60,47,2026-03-13 19:27:33,0.0251,1
8977,189,33,2026-03-13 19:48:58,0.0,1
406,229,50,2026-03-13 19:53:47,0.4398,0
4468,14,102,2026-03-13 19:58:49,0.5133,0
7509,176,11,2026-03-13 20:30:35,0.4208,0
2093,55,70,2026-03-13 20:40:09,0.4875,0
6966,94,116,2026-03-13 20:48:16,0.6412,0
3459,225,18,2026-03-13 21:13:37,0.4085,0
9928,128,92,2026-03-13 21:40:52,0.3964,0
11700,203,44,2026-03-13 21:46:31,0.1694,1
5430,21,14,2026-03-13 21:48:09,0.4461,0
638,229,88,2026-03-13 22:11:14,1.0,0
1027,180,78,2026-03-13 22:20:40,0.4258,0
1316,35,51,2026-03-13 22:25:46,0.0,1
2280,135,105,2026-03-13 22:36:15,0.3395,0
7531,1,51,2026-03-13 22:45:35,1.0,0
3244,172,90,2026-03-13 22:50:54,0.3794,0
3808,58,55,2026-03-13 23:08:36,0.3534,0
9338,129,103,2026-03-13 23:29:27,0.2411,1
8250,14,3,2026-03-14 00:06:24,0.7111,0
5748,109,60,2026-03-14 00:11:03,0.8971,0
11428,203,115,2026-03-14 00:17:25,0.3967,0
7404,141,10,2026-03-14 00:37:41,0.3052,0
360,225,87,2026-03-14 00:49:12,1.0,0
2947,35,47,2026-03-14 00:49:28,0.3061,0
9406,35,101,2026-03-14 00:56:47,0.7122,0
9568,100,74,2026-03-14 01:22:48,0.1236,1
1115,15,103,2026-03-14 01:26:30,0.6834,0
1956,106,41,2026-03-14 01:33:41,0.5061,0
10419,217,52,2026-03-14 01:44:05,0.9586,0
3758,110,65,2026-03-14 01:49:50,0.4532,0
6606,33,94,2026-03-14 02:17:49,0.0,1
8046,247,64,2026-03-14 02:22:44,0.1301,1
11548,108,37,2026-03-14 02:38:55,0.4255,0
3915,70,92,2026-03-14 02:50:31,0.4909,0
6229,23,3,2026-03-14 03:00:53,0.198,1
6176,25,82,2026-03-14 03:02:34,0.0984,1
6001,246,9,2026-03-14 03:19:58,0.3836,0
7001,1,11,2026-03-14 03:38:57,0.1546,1
5945,26,6,2026-03-14 03:50:40,0.4888,0
306,115,69,2026-03-14 03:54:54,0.1193,1
7911,1,46,2026-03-14 04:07:15,0.663,0
6252,167,96,2026-03-14 04:07:20,0.4421,0
1692,150,17,2026-03-14 04:09:50,0.2808,0
11451,223,115,2026-03-14 04:15:14,0.5001,0
7947,79,54,2026-03-14 04:16:10,0.5473,0
8363,198,57,2026-03-14 04:17:08,0.6275,0
5700,23,15,2026-03-14 04:24:19,0.7169,0
3089,38,47,2026-03-14 04:41:16,0.293,0
3109,110,93,2026-03-14 04:45:28,0.1173,1
2452,73,15,2026-03-14 04:47:28,0.1972,1
9472,212,78,2026-03-14 04:50:18,0.0,1
11875,49,82,2026-03-14 05:04:51,0.0231,1
1424,146,57,2026-03-14 05:06:08,0.6961,0
3801,204,31,2026-03-14 05:13:57,0.6634,0
8389,3,3,2026-03-14 05:28:27,0.7134,0
5053,32,29,2026-03-14 05:58:06,0.5247,0
921,24,102,2026-03-14 06:05:53,0.6644,0
3515,171,49,2026-03-14 06:11:47,0.7783,0
2216,199,44,2026-03-14 06:23:29,0.504,0
5943,115,8,2026-03-14 06:25:21,0.0,1
5950,11,93,2026-03-14 06:25:39,0.2707,0
7961,238,29,2026-03-14 06:28:32,0.6727,0
7310,116,42,2026-03-14 07:09:39,0.4881,0
7784,140,52,2026-03-14 07:32:00,0.2189,1
10685,180,23,2026-03-14 07:45:31,1.0,0
1745,35,24,2026-03-14 07:47:12,0.3724,0
1601,157,110,2026-03-14 08:09:44,0.7772,0
2213,66,79,2026-03-14 08:43:23,0.5409,0
8474,12,61,2026-03-14 08:57:03,0.9158,0
7218,136,12,2026-03-14 09:18:37,0.1497,1
3016,238,92,2026-03-14 09:20:46,0.0306,1
1555,144,15,2026-03-14 10:00:09,0.0,1
11393,207,26,2026-03-14 10:22:32,0.067,1
4532,148,74,2026-03-14 10:25:26,0.4515,0
3404,90,51,2026-03-14 10:25:32,0.333,0
8953,175,109,2026-03-14 10:30:39,0.501,0
11951,5,82,2026-03-14 10:30:42,0.3097,0
4484,140,6,2026-03-14 11:07:44,0.333,0
3806,144,36,2026-03-14 11:09:08,0.2085,1
732,89,110,2026-03-14 11:11:17,0.7115,0
10572,171,77,2026-03-14 11:55:57,0.8537,0
7671,42,26,2026-03-14 12:26:45,0.3016,0
131,208,78,2026-03-14 12:47:30,0.4555,0
7162,243,100,2026-03-14 12:56:52,0.4037,0
5031,69,82,2026-03-14 12:58:38,0.1337,1
3770,7,87,2026-03-14 12:59:19,0.737,0
3092,213,104,2026-03-14 13:13:48,0.2143,1
2420,239,112,2026-03-14 13:25:42,0.6957,0
1739,31,34,2026-03-14 13:50:27,0.0538,1
9194,149,110,2026-03-14 13:54:25,0.1929,1
3246,73,6,2026-03-14 13:55:42,0.4075,0
8429,201,93,2026-03-14 13:58:28,0.3857,0
10568,77,80,2026-03-14 13:58:36,0.2559,0
959,63,41,2026-03-14 14:03:54,0.7466,0
6424,218,87,2026-03-14 14:32:48,0.2444,1
10150,179,118,2026-03-14 14:36:51,0.1623,1
761,172,80,2026-03-14 14:39:45,0.2634,0
8857,35,56,2026-03-14 14:52:02,0.6087,0
6996,226,87,2026-03-14 14:54:34,0.73,0
3460,195,107,2026-03-14 14:55:41,0.4174,0
7480,38,37,2026-03-14 15:23:44,0.0885,1
9555,240,58,2026-03-14 15:31:36,0.3358,0
9561,33,1,2026-03-14 15:39:20,0.4564,0
8803,152,60,2026-03-14 15:42:57,0.1014,1
2122,35,111,2026-03-14 15:42:58,0.4902,0
1005,221,115,2026-03-14 16:10:07,0.4111,0
9814,237,100,2026-03-14 16:16:42,0.4401,0
6361,65,39,2026-03-14 16:17:05,0.357,0
7601,239,8,2026-03-14 16:20:34,0.6335,0
4297,146,16,2026-03-14 16:30:40,0.8257,0
1207,189,95,2026-03-14 16:56:33,0.6021,0
648,222,4,2026-03-14 17:13:31,1.0,0
11597,48,40,2026-03-14 17:30:00,0.3934,0
5157,166,37,2026-03-14 17:36:32,0.1874,1
10395,114,94,2026-03-14 17:44:03,0.4109,0
3823,19,4,2026-03-14 17:52:42,0.3226,0
10016,77,19,2026-03-14 18:17:28,0.0974,1
5135,197,100,2026-03-14 18:37:54,0.2639,0
11368,215,25,2026-03-14 18:43:22,0.2508,0
3798,193,60,2026-03-14 18:47:44,0.4529,0
2876,169,92,2026-03-14 18:48:20,0.2699,0
4872,45,109,2026-03-14 18:49:53,0.1037,1
11456,49,66,2026-03-14 19:08:59,0.3046,0
821,87,33,2026-03-14 19:10:10,0.0646,1
11722,108,99,2026-03-14 19:11:59,0.7267,0
5907,78,93,2026-03-14 19:27:38,1.0,0
3124,214,111,2026-03-14 19:33:32,0.647,0
5378,96,110,2026-03-14 19:35:38,0.4496,0
3864,199,31,2026-03-14 19:38:04,0.3842,0
2687,95,17,2026-03-14 19:38:58,0.6636,0
11948,30,36,2026-03-14 19:56:01,0.6907,0
11604,125,48,2026-03-14 20:17:14,0.5613,0
0,22,40,2026-03-14 20:44:58,0.3057,0
8443,195,110,2026-03-14 20:59:51,0.0227,1
10722,199,6,2026-03-14 21:09:01,0.121,1
93,122,50,2026-03-14 21:15:12,0.5764,0
4975,246,47,2026-03-14 21:21:53,0.3062,0
1968,115,5,2026-03-14 21:38:28,0.2571,0
11125,38,114,2026-03-14 21:51:54,0.0589,1
963,201,96,2026-03-14 21:52:20,0.5388,0
2785,7,101,2026-03-14 22:25:30,0.368,0
7278,45,65,2026-03-14 22:38:20,0.3546,0
6758,205,35,2026-03-14 22:48:08,0.1171,1
4698,4,4,2026-03-14 23:14:55,0.6176,0
4580,96,39,2026-03-14 23:15:56,0.5444,0
7577,84,23,2026-03-14 23:24:11,0.0,1
8221,166,48,2026-03-14 23:35:35,1.0,0
8093,190,3,2026-03-14 23:40:20,0.4999,0
3804,52,48,2026-03-14 23:43:06,1.0,0
2573,203,22,2026-03-14 23:55:56,0.0,1
3550,176,112,2026-03-15 00:17:06,0.0145,1
11194,239,21,2026-03-15 00:26:30,0.6533,0
5038,85,67,2026-03-15 00:28:12,0.5803,0
1740,18,33,2026-03-15 00:35:50,0.7465,0
11099,209,18,2026-03-15 00:51:56,0.7048,0
4897,159,75,2026-03-15 01:11:55,0.086,1
3732,96,22,2026-03-15 02:08:26,0.9566,0
5237,53,71,2026-03-15 02:11:39,0.1182,1
11614,125,81,2026-03-15 02:26:13,0.161,1
4329,12,2,2026-03-15 02:31:50,0.1811,1
10042,1,118,2026-03-15 02:59:07,0.1449,1
9423,74,26,2026-03-15 03:03:26,0.4588,0
5882,173,33,2026-03-15 03:17:15,0.362,0
7632,53,32,2026-03-15 03:18:17,0.0398,1
9434,171,106,2026-03-15 03:26:54,0.3114,0
7417,224,62,2026-03-15 04:04:49,0.1649,1
6774,99,27,2026-03-15 04:06:34,0.5429,0
11090,124,18,2026-03-15 04:13:24,0.2118,1
2497,33,18,2026-03-15 04:15:18,1.0,0
5299,97,82,2026-03-15 05:06:36,0.253,0
2259,77,4,2026-03-15 05:10:16,0.3271,0
1763,179,47,2026-03-15 05:54:10,0.5505,0
1910,150,91,2026-03-15 05:58:08,0.1418,1
4411,167,71,2026-03-15 06:08:22,0.505,0
9986,52,2,2026-03-15 06:20:48,0.4755,0
7785,43,68,2026-03-15 06:26:36,0.1662,1
9466,196,70,2026-03-15 06:37:15,0.8374,0
8974,219,119,2026-03-15 06:44:22,0.3281,0
9931,34,79,2026-03-15 06:45:08,0.4626,0
6502,225,118,2026-03-15 06:45:11,0.0408,1
7779,42,3,2026-03-15 06:54:21,0.3235,0
8786,13,100,2026-03-15 06:56:33,0.2896,0
5678,206,21,2026-03-15 06:57:52,0.2165,1
6038,6,63,2026-03-15 06:58:48,0.6237,0
7031,16,106,2026-03-15 07:30:21,0.0669,1
11677,5,105,2026-03-15 07:50:18,0.2724,0
1346,149,77,2026-03-15 07:55:54,0.9071,0
3361,116,103,2026-03-15 08:00:02,0.4507,0
1492,103,101,2026-03-15 08:22:04,0.9006,0
8134,186,18,2026-03-15 09:05:13,0.2707,0
5014,48,7,2026-03-15 09:28:34,0.5731,0
5875,218,39,2026-03-15 09:32:13,0.9212,0
4622,3,118,2026-03-15 09:43:16,0.706,0
2808,80,25,2026-03-15 09:53:48,0.3544,0
9206,17,42,2026-03-15 10:00:23,0.7817,0
6726,108,19,2026-03-15 10:14:55,0.3953,0
751,113,10,2026-03-15 10:15:26,0.1662,1
3925,51,119,2026-03-15 10:18:53,0.4491,0
7831,243,35,2026-03-15 10:30:43,0.3389,0
2647,155,25,2026-03-15 10:37:14,0.2409,1
6633,159,68,2026-03-15 10:38:24,0.0,1
9770,189,45,2026-03-15 10:42:41,0.3017,0
4053,243,54,2026-03-15 10:43:59,0.2724,0
6959,19,28,2026-03-15 10:58:56,0.6301,0
188,105,95,2026-03-15 11:23:47,0.5163,0
7323,208,87,2026-03-15 11:43:09,0.816,0
9280,49,35,2026-03-15 11:46:36,0.2784,0
8865,169,65,2026-03-15 11:51:46,0.6291,0
9754,29,108,2026-03-15 11:58:12,0.1653,1
3776,92,49,2026-03-15 12:09:57,0.39,0
6431,166,8,2026-03-15 12:25:06,0.6424,0
10326,142,15,2026-03-15 12:44:41,0.4111,0
653,37,101,2026-03-15 12:49:51,0.1608,1
7085,62,29,2026-03-15 12:58:15,0.2803,0
3672,144,91,2026-03-15 13:37:09,0.719,0
1063,184,67,2026-03-15 13:38:17,0.6951,0
3264,86,115,2026-03-15 13:41:02,0.2924,0
10301,8,93,2026-03-15 13:55:01,0.4233,0
5567,228,68,2026-03-15 14:05:30,0.215,1
9276,146,45,2026-03-15 14:14:21,0.5088,0
8239,217,1,2026-03-15 14:37:24,0.4744,0
3355,31,118,2026-03-15 14:55:12,0.2153,1
3486,54,43,2026-03-15 15:08:33,0.3518,0
11581,60,26,2026-03-15 15:18:44,0.2815,0
325,181,30,2026-03-15 15:30:21,0.2971,0
8585,108,28,2026-03-15 15:34:05,0.4779,0
5843,50,39,2026-03-15 15:38:37,0.7257,0
10178,86,49,2026-03-15 15:43:57,0.615,0
10626,68,27,2026-03-15 16:01:22,0.4294,0
1112,33,34,2026-03-15 16:16:18,0.2688,0
7958,0,19,2026-03-15 16:34:22,0.2224,1
8610,244,119,2026-03-15 16:35:16,0.256,0
7129,33,24,2026-03-15 16:40:38,0.5431,0
9292,115,11,2026-03-15 16:49:52,0.4813,0
8013,29,86,2026-03-15 17:05:46,0.2021,1
9042,145,97,2026-03-15 17:22:51,0.1773,1
3093,109,6,2026-03-15 18:27:18,0.9005,0
6956,101,29,2026-03-15 18:28:25,0.409,0
9799,77,111,2026-03-15 18:36:01,0.0282,1
10548,168,16,2026-03-15 18:57:36,0.5204,0
5569,133,21,2026-03-15 19:11:27,0.1928,1
906,81,78,2026-03-15 19:27:54,0.2319,1
5664,22,29,2026-03-15 19:49:42,0.4683,0
716,179,96,2026-03-15 19:56:18,0.6408,0
5209,204,46,2026-03-15 20:02:24,0.403,0
7636,117,49,2026-03-15 20:07:36,0.5695,0
10460,59,35,2026-03-15 20:09:05,0.4763,0
4082,201,57,2026-03-15 20:12:26,0.388,0
11623,14,69,2026-03-15 20:20:23,0.2578,0
5517,191,20,2026-03-15 21:20:48,0.647,0
6394,242,57,2026-03-15 21:35:55,0.1129,1
3175,22,75,2026-03-15 21:40:27,0.3819,0
5259,237,3,2026-03-15 21:44:23,0.1171,1
2509,229,117,2026-03-15 21:44:44,0.7358,0
636,133,102,2026-03-15 21:50:55,0.5146,0
2604,211,2,2026-03-15 22:28:22,0.5209,0
5009,206,61,2026-03-15 22:49:10,0.1315,1
10839,47,65,2026-03-15 23:01:39,0.5847,0
6161,178,27,2026-03-15 23:05:58,0.1831,1
11331,31,119,2026-03-15 23:09:32,0.3975,0
5239,195,14,2026-03-15 23:18:38,0.3526,0
4839,165,3,2026-03-15 23:21:11,0.1024,1
1811,119,28,2026-03-15 23:23:04,0.4934,0
11860,245,8,2026-03-15 23:23:38,0.3406,0
8566,79,119,2026-03-15 23:34:52,0.1352,1
8862,56,69,2026-03-15 23:44:03,0.3164,0
6343,245,67,2026-03-15 23:50:05,0.1497,1
7996,70,41,2026-03-15 23:57:39,0.1087,1
10603,238,105,2026-03-16 00:05:06,0.5272,0
589,86,49,2026-03-16 00:07:02,1.0,0
8952,85,98,2026-03-16 00:10:28,0.2379,1
6918,223,52,2026-03-16 00:22:32,0.4286,0
2870,137,25,2026-03-16 00:24:18,0.1987,1
8338,57,59,2026-03-16 00:30:06,0.243,1
4750,224,97,2026-03-16 00:37:24,0.2591,0
6415,138,116,2026-03-16 00:43:36,0.5048,0
10850,164,72,2026-03-16 00:46:48,0.0,1
11687,86,110,2026-03-16 00:46:49,0.4773,0
9229,217,90,2026-03-16 01:07:45,0.0,1
6632,181,116,2026-03-16 01:14:42,0.3286,0
10583,38,25,2026-03-16 01:18:15,0.502,0
4734,63,13,2026-03-16 01:23:32,0.4567,0
1287,154,104,2026-03-16 01:28:49,0.3215,0
2686,178,96,2026-03-16 01:37:49,0.6069,0
11410,64,14,2026-03-16 01:39:10,0.1118,1
7820,75,24,2026-03-16 01:40:02,0.5141,0
6971,69,43,2026-03-16 01:58:52,0.5713,0
9829,108,103,2026-03-16 02:18:19,0.75,0
6783,36,98,2026-03-16 02:21:16,0.3097,0
2797,197,32,2026-03-16 02:28:49,0.3536,0
9763,224,74,2026-03-16 02:35:14,0.585,0
2020,76,54,2026-03-16 02:38:12,0.7511,0
6792,55,75,2026-03-16 02:40:11,0.3392,0
6276,82,17,2026-03-16 02:45:19,0.4476,0
5489,87,83,2026-03-16 02:50:18,0.0,1
96,204,19,2026-03-16 02:58:20,0.0,1
4482,131,12,2026-03-16 03:01:29,0.4403,0
5254,86,24,2026-03-16 03:02:51,0.5061,0
1484,129,12,2026-03-16 03:10:19,0.4824,0
3809,25,55,2026-03-16 03:12:19,0.1531,1
9906,90,102,2026-03-16 03:34:59,0.1531,1
2011,131,53,2026-03-16 03:42:52,0.6263,0
1832,201,4,2026-03-16 03:52:44,0.0608,1
849,2,52,2026-03-16 04:03:41,0.3476,0
3174,197,4,2026-03-16 04:06:00,0.7756,0
9261,17,1,2026-03-16 04:09:24,0.2902,0
3156,169,15,2026-03-16 04:17:05,0.5212,0
8912,145,14,2026-03-16 04:31:41,0.6264,0
8816,246,4,2026-03-16 04:34:58,0.2442,1
6439,177,105,2026-03-16 04:37:29,0.498,0
2484,135,86,2026-03-16 04:50:14,0.4828,0
11959,17,106,2026-03-16 05:13:05,0.5314,0
6039,7,111,2026-03-16 05:15:17,0.0,1
5005,64,80,2026-03-16 05:59:17,0.2902,0
10289,240,41,2026-03-16 06:10:09,0.4979,0
5511,34,118,2026-03-16 06:10:27,0.0,1
6763,61,103,2026-03-16 06:17:41,0.8209,0
5924,67,8,2026-03-16 06:26:49,0.6038,0
5177,188,5,2026-03-16 06:57:55,1.0,0
10901,127,80,2026-03-16 07:05:08,0.0428,1
7315,46,78,2026-03-16 07:16:36,0.4303,0
8745,18,86,2026-03-16 07:19:13,0.6717,0
2405,32,36,2026-03-16 07:20:43,0.1411,1
3608,119,65,2026-03-16 08:19:29,0.0158,1
11901,129,29,2026-03-16 09:13:53,0.3446,0
7488,115,11,2026-03-16 09:28:18,0.2073,1
1477,127,65,2026-03-16 09:47:03,0.0,1
11106,220,7,2026-03-16 09:48:27,0.4408,0
8222,116,24,2026-03-16 09:48:52,0.484,0
6810,188,53,2026-03-16 09:52:57,0.4582,0
11364,185,56,2026-03-16 09:56:46,0.6938,0
8523,211,45,2026-03-16 10:02:13,0.2342,1
7367,41,74,2026-03-16 10:08:15,0.2543,0
5432,104,52,2026-03-16 10:24:52,0.2098,1
10344,120,39,2026-03-16 10:36:38,1.0,0
7410,38,61,2026-03-16 10:48:54,0.7136,0
10562,219,17,2026-03-16 11:04:11,0.6203,0
7287,113,112,2026-03-16 11:14:39,0.235,1
1369,140,24,2026-03-16 11:15:38,0.6232,0
10947,36,15,2026-03-16 11:16:56,0.516,0
11386,45,2,2026-03-16 11:24:58,0.2987,0
9838,226,89,2026-03-16 11:27:04,0.4399,0
4564,11,45,2026-03-16 12:06:38,0.7718,0
11408,30,115,2026-03-16 12:06:57,0.4091,0
11221,184,75,2026-03-16 12:29:18,0.4543,0
4304,92,99,2026-03-16 12:37:47,0.5704,0
425,38,35,2026-03-16 12:46:45,0.6007,0
7474,137,20,2026-03-16 13:08:22,0.4054,0
10892,7,87,2026-03-16 13:15:29,0.1316,1
4810,5,102,2026-03-16 13:25:55,0.5902,0
4599,193,97,2026-03-16 13:29:35,0.4232,0
3127,71,57,2026-03-16 13:44:22,0.3294,0
11924,179,87,2026-03-16 13:49:50,0.201,1
2344,66,60,2026-03-16 14:06:36,0.2933,0
7951,36,62,2026-03-16 14:10:33,0.0638,1
5865,141,80,2026-03-16 14:25:44,0.7662,0
11869,85,0,2026-03-16 14:34:23,0.201,1
672,60,49,2026-03-16 14:43:38,0.7134,0
3891,162,24,2026-03-16 15:14:52,0.5275,0
4604,192,96,2026-03-16 15:15:56,0.5962,0
8930,128,24,2026-03-16 15:26:10,0.5772,0
10816,192,68,2026-03-16 15:27:52,0.6833,0
5774,169,8,2026-03-16 15:59:19,0.6447,0
8011,237,9,2026-03-16 16:16:36,0.1916,1
9455,164,46,2026-03-16 17:23:55,0.5864,0
63,133,15,2026-03-16 17:34:59,1.0,0
7981,171,66,2026-03-16 17:42:44,0.0,1
6904,167,8,2026-03-16 17:52:28,1.0,0
4246,158,35,2026-03-16 18:22:04,0.7314,0
8374,137,48,2026-03-16 18:29:05,0.0,1
1488,12,62,2026-03-16 18:38:06,0.4377,0
3064,55,28,2026-03-16 18:59:02,0.5707,0
10701,60,90,2026-03-16 19:06:22,0.3201,0
4873,150,115,2026-03-16 19:36:41,0.1327,1
7912,95,0,2026-03-16 19:53:56,0.0895,1
2611,236,7,2026-03-16 20:05:21,0.095,1
3216,200,54,2026-03-16 20:06:23,0.5477,0
254,10,72,2026-03-16 20:09:48,0.9368,0
8681,108,66,2026-03-16 20:15:54,0.5705,0
11830,184,64,2026-03-16 20:16:43,0.0801,1
5752,138,96,2026-03-16 20:27:49,0.3619,0
6434,107,52,2026-03-16 20:34:56,0.1986,1
5730,118,24,2026-03-16 20:36:22,0.5974,0
1803,186,91,2026-03-16 20:58:01,0.5494,0
3638,200,22,2026-03-16 21:17:06,0.4465,0
4195,98,40,2026-03-16 21:29:46,0.2663,0
5583,7,78,2026-03-16 21:32:24,0.6021,0
3680,196,38,2026-03-16 21:41:07,0.0,1
11562,236,8,2026-03-16 21:48:35,0.4422,0
2588,91,61,2026-03-16 21:50:39,0.4313,0
3648,37,22,2026-03-16 21:59:30,0.6537,0
10320,206,45,2026-03-16 22:12:43,0.4775,0
7778,132,11,2026-03-16 22:13:29,0.527,0
11479,47,67,2026-03-16 22:30:53,0.3156,0
167,9,13,2026-03-16 22:34:45,0.6555,0
945,239,35,2026-03-16 22:48:42,0.1639,1
8818,95,48,2026-03-16 22:55:00,1.0,0
10648,150,19,2026-03-16 23:01:39,0.198,1
1227,138,87,2026-03-16 23:23:20,1.0,0
2253,70,110,2026-03-16 23:38:33,1.0,0
10296,241,53,2026-03-16 23:41:43,0.2827,0
3254,171,99,2026-03-17 00:09:59,0.5985,0
5261,78,67,2026-03-17 00:17:08,0.1405,1
5242,196,76,2026-03-17 00:38:47,0.1042,1
8359,19,89,2026-03-17 00:41:13,0.065,1
11599,44,80,2026-03-17 00:42:43,0.6787,0
10689,150,97,2026-03-17 00:44:26,0.0,1
3697,79,50,2026-03-17 00:45:51,0.1631,1
6060,198,102,2026-03-17 00:59:08,1.0,0
9963,2,43,2026-03-17 01:05:19,0.6348,0
11688,243,24,2026-03-17 01:12:16,0.4002,0
2931,204,31,2026-03-17 01:21:04,1.0,0
5087,31,47,2026-03-17 01:22:25,0.4607,0
7093,94,108,2026-03-17 01:38:12,0.5827,0
7433,50,97,2026-03-17 01:48:32,0.2883,0
10182,195,110,2026-03-17 01:53:12,0.6436,0
5680,50,49,2026-03-17 02:00:03,0.5537,0
9186,99,90,2026-03-17 02:04:32,0.1373,1
2219,161,41,2026-03-17 02:05:38,0.7125,0
939,130,102,2026-03-17 02:11:02,0.2366,1
4073,195,54,2026-03-17 02:26:15,0.106,1
7968,37,76,2026-03-17 03:01:52,0.0,1
2206,82,32,2026-03-17 03:03:27,0.4517,0
2035,1,99,2026-03-17 03:09:14,0.4444,0
4864,95,45,2026-03-17 03:15:40,0.3965,0
8095,83,87,2026-03-17 03:31:47,0.5365,0
863,102,89,2026-03-17 03:40:46,0.3501,0
4323,156,103,2026-03-17 03:52:57,0.6557,0
8330,112,66,2026-03-17 04:20:05,0.327,0
9803,182,94,2026-03-17 04:23:52,0.5389,0
1014,48,46,2026-03-17 04:34:28,0.5501,0
5523,13,38,2026-03-17 04:50:53,0.1672,1
1671,246,107,2026-03-17 04:55:30,0.3273,0
8019,0,33,2026-03-17 05:01:14,0.3566,0
6882,234,93,2026-03-17 05:29:16,0.8111,0
5070,115,62,2026-03-17 05:36:47,0.7088,0
4009,200,111,2026-03-17 05:38:30,0.6709,0
1757,15,75,2026-03-17 06:16:52,0.4339,0
5246,65,95,2026-03-17 06:18:31,1.0,0
1781,115,38,2026-03-17 06:20:18,0.4566,0
7822,187,25,2026-03-17 06:23:38,0.8333,0
2224,8,36,2026-03-17 06:25:49,0.5678,0
4112,8,100,2026-03-17 06:33:17,0.6571,0
4837,246,90,2026-03-17 06:34:53,0.3248,0
9606,76,24,2026-03-17 06:50:11,0.0969,1
6468,108,7,2026-03-17 07:04:51,0.3724,0
4850,62,36,2026-03-17 07:04:53,0.1371,1
11516,102,45,2026-03-17 07:06:33,0.0,1
1944,215,27,2026-03-17 07:08:42,0.6243,0
4642,72,71,2026-03-17 07:11:56,0.3458,0
5429,43,50,2026-03-17 07:22:39,1.0,0
5323,202,27,2026-03-17 07:25:28,0.3947,0
5876,245,94,2026-03-17 07:39:11,0.5871,0
4184,213,85,2026-03-17 07:50:36,0.3062,0
72,228,15,2026-03-17 08:29:53,0.7864,0
8204,47,119,2026-03-17 08:37:35,0.5687,0
10479,19,111,2026-03-17 08:52:53,0.34,0
5921,179,76,2026-03-17 08:54:28,0.0284,1
6794,239,75,2026-03-17 08:59:34,0.0,1
1662,127,10,2026-03-17 09:19:26,0.6744,0
4228,27,114,2026-03-17 09:32:11,0.1821,1
10510,82,8,2026-03-17 09:38:36,0.7471,0
3973,172,30,2026-03-17 09:44:39,0.5637,0
9947,46,54,2026-03-17 10:03:08,0.3682,0
8038,159,3,2026-03-17 10:03:54,0.4612,0
7220,53,14,2026-03-17 10:11:31,0.6778,0
201,140,49,2026-03-17 10:15:40,0.0,1
6925,125,46,2026-03-17 10:26:47,0.3499,0
8312,118,2,2026-03-17 10:44:55,0.5008,0
7741,43,101,2026-03-17 10:45:14,0.5139,0
4858,155,10,2026-03-17 10:51:58,0.4529,0
9097,246,28,2026-03-17 11:07:50,0.5414,0
1898,6,14,2026-03-17 11:22:45,0.5944,0
9259,25,51,2026-03-17 12:02:03,0.0517,1
1560,232,10,2026-03-17 12:02:10,0.0,1
4668,6,119,2026-03-17 12:20:35,0.3371,0
4595,206,12,2026-03-17 12:23:31,0.0571,1
5984,11,88,2026-03-17 12:39:36,0.2329,1
9030,1,57,2026-03-17 12:41:31,0.0,1
1511,177,31,2026-03-17 12:51:46,0.0,1
1764,130,52,2026-03-17 12:52:11,0.7685,0
9849,90,100,2026-03-17 12:58:09,0.3898,0
4271,9,3,2026-03-17 13:21:14,0.1026,1
3375,65,118,2026-03-17 13:22:03,0.4843,0
10278,164,41,2026-03-17 13:43:19,0.2802,0
5285,239,26,2026-03-17 13:51:39,0.2464,1
5559,92,30,2026-03-17 14:08:23,0.6032,0
905,175,85,2026-03-17 14:26:35,0.7646,0
3765,103,116,2026-03-17 14:29:57,0.4341,0
7584,87,78,2026-03-17 14:32:47,0.5654,0
7358,177,26,2026-03-17 14:44:43,0.556,0
5091,55,0,2026-03-17 15:02:57,0.4039,0
2889,209,49,2026-03-17 15:16:05,0.4577,0
338,195,57,2026-03-17 15:44:33,0.2658,0
1990,111,77,2026-03-17 15:45:24,0.3067,0
3772,49,19,2026-03-17 15:53:56,0.4253,0
305,84,87,2026-03-17 16:03:51,0.4612,0
6292,108,57,2026-03-17 16:14:04,0.1083,1
7836,230,56,2026-03-17 16:17:39,0.1571,1
2516,183,111,2026-03-17 16:31:47,0.0,1
6831,132,34,2026-03-17 16:50:51,0.4943,0
496,148,98,2026-03-17 17:02:30,0.0189,1
7596,92,25,2026-03-17 17:03:09,0.382,0
1833,64,40,2026-03-17 17:05:55,0.0609,1
3849,150,19,2026-03-17 17:12:35,0.3696,0
3794,77,85,2026-03-17 17:17:04,0.4995,0
4296,175,36,2026-03-17 17:29:02,0.3007,0
175,148,6,2026-03-17 17:37:48,0.4553,0
2675,115,105,2026-03-17 17:38:58,0.6328,0
10133,195,7,2026-03-17 17:54:05,1.0,0
10367,157,99,2026-03-17 18:06:00,0.3897,0
529,190,73,2026-03-17 18:12:37,0.4544,0
11522,94,20,2026-03-17 18:18:18,0.0,1
7763,99,33,2026-03-17 18:18:26,0.6539,0
6314,145,44,2026-03-17 18:23:42,0.3569,0
6756,113,106,2026-03-17 18:33:31,0.5286,0
332,155,20,2026-03-17 18:42:09,0.3988,0
5798,220,98,2026-03-17 18:51:26,0.5888,0
6069,40,39,2026-03-17 18:51:46,0.7231,0
3792,173,67,2026-03-17 18:57:19,0.8135,0
2560,88,20,2026-03-17 18:57:53,0.7873,0
779,108,102,2026-03-17 19:10:08,0.6752,0
11624,229,112,2026-03-17 19:19:18,0.6413,0
1638,0,94,2026-03-17 19:19:50,0.3076,0
3620,29,90,2026-03-17 20:09:39,0.0312,1
2532,159,103,2026-03-17 20:09:42,0.3139,0
6226,32,103,2026-03-17 20:14:11,0.6128,0
3976,46,5,2026-03-17 20:28:14,0.2041,1
1797,52,101,2026-03-17 20:38:46,0.2472,1
8029,202,12,2026-03-17 20:42:35,0.2882,0
5049,87,77,2026-03-17 20:50:03,0.6856,0
9861,124,111,2026-03-17 21:54:51,0.3884,0
1077,32,115,2026-03-17 22:02:48,0.1734,1
1566,130,44,2026-03-17 22:16:43,1.0,0
5698,78,17,2026-03-17 22:24:00,0.0667,1
1663,95,81,2026-03-17 22:25:24,0.5914,0
11281,71,19,2026-03-17 22:49:30,0.3914,0
9023,117,48,2026-03-17 22:52:53,0.5505,0
3118,55,53,2026-03-17 22:54:54,0.2824,0
11585,117,41,2026-03-17 22:55:36,0.309,0
1331,248,21,2026-03-17 23:17:27,0.4994,0
10771,208,17,2026-03-17 23:24:14,0.858,0
10948,98,93,2026-03-17 23:31:01,0.4342,0
5778,48,11,2026-03-17 23:57:40,0.3674,0
4260,126,17,2026-03-18 00:22:25,0.3749,0
4792,27,34,2026-03-18 00:32:18,0.1994,1
8582,122,44,2026-03-18 00:45:37,0.0,1
9840,53,26,2026-03-18 00:56:30,1.0,0
7381,89,49,2026-03-18 01:13:39,0.5781,0
6673,156,104,2026-03-18 01:19:47,0.5598,0
1743,214,109,2026-03-18 01:48:47,0.7552,0
10922,91,92,2026-03-18 02:26:18,0.1873,1
10687,192,114,2026-03-18 02:30:55,0.0,1
3943,217,11,2026-03-18 02:39:40,0.7841,0
6015,130,66,2026-03-18 03:15:18,0.0601,1
2544,156,48,2026-03-18 03:17:00,0.1608,1
2831,249,109,2026-03-18 03:19:05,0.6452,0
3114,147,48,2026-03-18 03:23:17,0.4741,0
3721,52,5,2026-03-18 04:19:17,0.3169,0
3139,106,41,2026-03-18 04:20:08,0.7751,0
3218,215,78,2026-03-18 04:32:19,0.1818,1
10140,199,70,2026-03-18 04:33:50,0.2229,1
9327,199,16,2026-03-18 04:51:44,0.5179,0
2351,119,80,2026-03-18 05:36:57,0.3039,0
6738,162,33,2026-03-18 05:46:04,0.9551,0
7945,197,8,2026-03-18 05:54:31,0.2499,1
10000,80,14,2026-03-18 06:10:08,0.6289,0
6339,171,59,2026-03-18 06:12:28,1.0,0
3511,41,26,2026-03-18 06:13:52,0.2171,1
9884,1,14,2026-03-18 06:40:45,0.3053,0
3302,63,70,2026-03-18 06:40:53,0.529,0
8931,181,101,2026-03-18 06:50:36,0.4153,0
6411,157,16,2026-03-18 06:53:25,0.2153,1
400,46,78,2026-03-18 06:58:42,0.1894,1
5156,38,70,2026-03-18 07:07:59,0.8711,0
3180,219,52,2026-03-18 07:09:10,0.2901,0
7959,26,76,2026-03-18 07:12:50,0.3502,0
4169,87,104,2026-03-18 07:15:48,0.2746,0
10533,240,68,2026-03-18 07:26:26,0.3979,0
5361,118,14,2026-03-18 07:28:12,0.8266,0
2695,97,66,2026-03-18 07:40:51,0.9107,0
11628,94,42,2026-03-18 07:47:09,0.9928,0
506,217,64,2026-03-18 07:59:12,0.5166,0
2328,79,15,2026-03-18 08:03:58,0.0278,1
9106,7,41,2026-03-18 08:23:56,0.4127,0
1645,13,38,2026-03-18 08:28:12,0.0998,1
4647,236,63,2026-03-18 08:34:14,0.7279,0
8732,49,57,2026-03-18 08:37:53,0.1815,1
1279,143,100,2026-03-18 08:49:17,0.6235,0
6109,240,38,2026-03-18 09:04:24,0.2697,0
9178,181,113,2026-03-18 09:14:23,0.4453,0
1131,4,31,2026-03-18 09:31:04,1.0,0
4517,103,64,2026-03-18 09:34:46,0.3372,0
9842,40,103,2026-03-18 09:58:09,0.138,1
1926,88,20,2026-03-18 10:04:59,0.0046,1
5291,16,26,2026-03-18 10:06:04,0.3949,0
6722,73,50,2026-03-18 10:16:46,0.6829,0
6355,157,70,2026-03-18 10:45:25,0.3353,0
11440,114,32,2026-03-18 11:06:36,0.0377,1
10095,13,48,2026-03-18 11:10:28,0.2567,0
1825,83,97,2026-03-18 11:19:53,0.0,1
4949,106,27,2026-03-18 11:27:20,0.8792,0
6857,58,106,2026-03-18 11:31:26,0.3932,0
5850,170,33,2026-03-18 11:45:44,0.6572,0
3634,237,96,2026-03-18 11:59:22,0.5147,0
123,234,72,2026-03-18 12:10:34,0.2427,1
5142,50,108,2026-03-18 12:15:04,0.3499,0
11185,86,65,2026-03-18 12:23:27,0.2962,0
9883,88,52,2026-03-18 12:27:11,0.4979,0
7135,80,54,2026-03-18 12:53:58,0.1977,1
9473,163,19,2026-03-18 12:56:14,0.218,1
1772,195,115,2026-03-18 13:02:32,0.5814,0
10366,115,5,2026-03-18 13:22:05,0.5792,0
725,139,9,2026-03-18 13:27:01,0.0,1
10199,215,23,2026-03-18 13:28:13,0.1348,1
1753,3,73,2026-03-18 13:41:17,0.5803,0
11333,62,103,2026-03-18 13:51:30,0.4589,0
3757,188,10,2026-03-18 13:54:32,0.011,1
568,195,55,2026-03-18 14:15:57,0.2642,0
8047,64,53,2026-03-18 14:36:11,0.5369,0
2320,181,87,2026-03-18 14:48:19,0.1564,1
6978,18,110,2026-03-18 14:48:38,0.3667,0
1773,54,73,2026-03-18 14:50:15,0.1525,1
10340,183,35,2026-03-18 14:56:51,0.1536,1
1908,200,44,2026-03-18 15:29:32,0.6069,0
3144,132,31,2026-03-18 15:40:48,0.3525,0
9148,81,109,2026-03-18 16:18:37,0.3566,0
7312,203,103,2026-03-18 16:21:23,0.2426,1
8928,2,101,2026-03-18 16:24:02,0.0753,1
7205,93,15,2026-03-18 16:24:05,0.2764,0
583,197,51,2026-03-18 16:27:05,0.7294,0
1850,232,113,2026-03-18 16:53:29,0.565,0
9523,240,71,2026-03-18 16:57:11,0.5779,0
7250,197,112,2026-03-18 17:13:29,0.2164,1
7251,77,68,2026-03-18 17:36:05,0.6416,0
6772,5,119,2026-03-18 17:43:05,1.0,0
5571,216,56,2026-03-18 18:10:04,0.481,0
5669,204,28,2026-03-18 18:21:14,0.1801,1
6559,243,90,2026-03-18 18:49:14,0.6969,0
9779,239,118,2026-03-18 18:49:38,0.2855,0
1175,116,70,2026-03-18 18:57:38,0.3471,0
7793,56,32,2026-03-18 19:36:29,0.0878,1
7568,47,8,2026-03-18 19:57:09,0.3765,0
8746,229,47,2026-03-18 20:07:08,0.0624,1
955,33,22,2026-03-18 20:11:34,0.547,0
1913,178,94,2026-03-18 20:23:52,0.4511,0
4712,142,0,2026-03-18 20:41:44,0.2434,1
10665,107,23,2026-03-18 20:56:08,0.1951,1
649,143,13,2026-03-18 21:12:05,0.4596,0
11167,2,42,2026-03-18 21:16:05,0.4971,0
9795,48,50,2026-03-18 21:18:24,0.1417,1
7905,170,102,2026-03-18 21:23:27,0.2319,1
393,217,112,2026-03-18 21:27:56,0.2526,0
4784,158,96,2026-03-18 21:31:31,0.1606,1
11280,177,59,2026-03-18 21:32:26,0.6476,0
10695,14,62,2026-03-18 21:57:18,0.3288,0
753,88,29,2026-03-18 22:14:48,0.4961,0
3129,202,53,2026-03-18 22:38:12,0.7294,0
5036,174,87,2026-03-18 22:44:54,0.0,1
11369,54,23,2026-03-18 23:05:43,0.215,1
2652,175,46,2026-03-18 23:09:59,0.0946,1
9673,233,100,2026-03-18 23:16:04,0.4417,0
207,83,62,2026-03-18 23:19:23,0.4036,0
1286,181,101,2026-03-18 23:20:28,0.0,1
11454,85,66,2026-03-18 23:41:30,1.0,0
7074,7,81,2026-03-18 23:52:18,0.0,1
2613,249,98,2026-03-18 23:52:32,0.5779,0
1513,123,101,2026-03-18 23:59:44,0.6788,0
14,219,3,2026-03-19 00:03:14,0.7468,0
2305,122,71,2026-03-19 00:03:18,0.4797,0
2368,227,59,2026-03-19 00:18:14,0.4644,0
7325,97,84,2026-03-19 00:24:58,0.6533,0
6129,207,56,2026-03-19 00:43:15,0.3565,0
7062,59,45,2026-03-19 01:16:16,0.126,1
3649,146,82,2026-03-19 01:21:14,0.4899,0
5585,229,85,2026-03-19 01:24:02,0.5058,0
1070,210,93,2026-03-19 01:38:52,0.7136,0
6195,119,33,2026-03-19 02:54:17,0.1666,1
1282,183,6,2026-03-19 03:17:47,0.954,0
1187,88,92,2026-03-19 03:29:05,0.3068,0
9802,43,62,2026-03-19 04:09:26,0.0461,1
9111,235,25,2026-03-19 04:22:41,0.6229,0
3971,241,50,2026-03-19 04:25:18,0.2784,0
4363,29,31,2026-03-19 04:25:56,0.9786,0
7762,23,78,2026-03-19 04:30:11,0.5365,0
6497,113,29,2026-03-19 04:46:52,0.1036,1
2571,44,112,2026-03-19 04:52:49,0.4499,0
6702,115,72,2026-03-19 05:08:06,0.8227,0
6786,113,87,2026-03-19 05:13:24,0.6127,0
6823,45,104,2026-03-19 05:13:55,0.7277,0
8903,242,40,2026-03-19 05:14:37,0.3618,0
9740,229,65,2026-03-19 05:48:46,0.7735,0
5737,196,93,2026-03-19 05:58:26,0.7391,0
7154,5,48,2026-03-19 06:10:09,0.0761,1
967,48,35,2026-03-19 06:37:09,0.5772,0
1960,15,7,2026-03-19 06:47:46,0.1067,1
4429,198,66,2026-03-19 06:59:05,0.1742,1
11467,245,104,2026-03-19 07:30:54,0.7667,0
6941,204,9,2026-03-19 08:24:26,0.2302,1
9320,151,0,2026-03-19 08:39:09,0.3009,0
2153,206,48,2026-03-19 08:47:59,0.2438,1
4055,166,104,2026-03-19 08:51:22,0.2435,1
2728,168,22,2026-03-19 09:23:50,0.4321,0
8867,239,53,2026-03-19 10:01:34,0.8077,0
5238,98,72,2026-03-19 10:20:19,0.3355,0
3974,58,44,2026-03-19 10:28:04,0.5386,0
5552,244,78,2026-03-19 10:32:51,0.6307,0
8454,40,85,2026-03-19 10:37:08,0.6331,0
7057,199,90,2026-03-19 10:47:46,0.5683,0
1248,213,14,2026-03-19 10:50:13,0.287,0
9182,193,58,2026-03-19 10:56:20,0.8608,0
2945,194,101,2026-03-19 11:05:07,0.1863,1
9380,58,35,2026-03-19 11:22:40,0.0709,1
4531,235,78,2026-03-19 11:39:24,0.4764,0
9219,36,37,2026-03-19 11:59:10,0.0558,1
7645,244,18,2026-03-19 12:07:25,0.0,1
1402,221,43,2026-03-19 12:10:29,0.106,1
11608,228,114,2026-03-19 12:14:50,0.5317,0
2049,155,50,2026-03-19 12:21:43,0.5779,0
3261,79,65,2026-03-19 12:27:10,0.7161,0
3300,109,17,2026-03-19 12:41:18,0.0591,1
7242,125,54,2026-03-19 12:47:27,1.0,0
148,178,57,2026-03-19 13:02:23,0.3682,0
2805,249,66,2026-03-19 13:07:13,0.602,0
2456,40,43,2026-03-19 13:16:03,0.5655,0
9471,131,46,2026-03-19 13:16:37,0.5294,0
8012,169,49,2026-03-19 13:27:33,0.8264,0
4014,11,45,2026-03-19 13:27:52,0.4068,0
4773,235,66,2026-03-19 13:32:03,0.8389,0
8313,243,14,2026-03-19 13:42:35,0.4408,0
2852,14,93,2026-03-19 13:43:47,0.489,0
495,27,83,2026-03-19 14:48:24,1.0,0
3227,94,66,2026-03-19 15:03:08,0.3557,0
2819,154,100,2026-03-19 15:09:08,0.4355,0
4419,15,71,2026-03-19 15:23:13,0.6269,0
5908,235,4,2026-03-19 15:29:41,0.9014,0
4866,208,66,2026-03-19 15:51:22,0.1964,1
10427,37,82,2026-03-19 15:53:12,0.4529,0
10355,220,17,2026-03-19 15:56:57,0.4438,0
4550,8,117,2026-03-19 16:04:23,0.3675,0
586,120,48,2026-03-19 16:07:15,0.5112,0
11205,80,97,2026-03-19 16:18:33,0.7965,0
2050,143,31,2026-03-19 16:26:02,1.0,0
10769,148,105,2026-03-19 16:29:30,0.2029,1
7667,66,10,2026-03-19 16:40:05,0.3601,0
2095,49,23,2026-03-19 16:48:33,0.7672,0
3676,25,54,2026-03-19 16:51:11,0.5614,0
9463,106,89,2026-03-19 17:09:09,0.4135,0
2302,49,102,2026-03-19 17:25:24,0.2624,0
11792,67,20,2026-03-19 17:34:57,1.0,0
1233,165,38,2026-03-19 17:38:28,0.6121,0
2534,66,78,2026-03-19 17:41:39,0.1662,1
10844,16,57,2026-03-19 18:03:21,0.6366,0
1529,222,40,2026-03-19 18:05:33,0.2999,0
7789,178,54,2026-03-19 18:13:52,0.009,1
8731,231,8,2026-03-19 18:20:06,0.507,0
2718,119,27,2026-03-19 18:30:02,0.5072,0
75,141,79,2026-03-19 19:03:50,0.0,1
11158,41,98,2026-03-19 19:24:38,0.17,1
11744,191,79,2026-03-19 19:41:58,0.0,1
8058,44,67,2026-03-19 19:47:50,0.4826,0
3358,22,40,2026-03-19 19:48:20,0.5765,0
11981,83,118,2026-03-19 19:52:14,0.3974,0
1062,156,20,2026-03-19 19:57:57,0.0254,1
9657,72,87,2026-03-19 20:34:50,0.284,0
10134,82,46,2026-03-19 20:40:04,0.3468,0
9326,191,51,2026-03-19 20:49:57,0.501,0
9992,209,66,2026-03-19 21:18:18,0.2259,1
10409,73,111,2026-03-19 21:23:03,0.1681,1
11909,191,53,2026-03-19 21:30:23,0.0,1
9911,81,74,2026-03-19 21:30:48,0.2213,1
10535,91,89,2026-03-19 21:32:22,0.621,0
1970,44,50,2026-03-19 21:39:18,0.0,1
5800,3,64,2026-03-19 21:43:13,0.1902,1
4673,91,67,2026-03-19 21:53:19,0.0,1
34,77,59,2026-03-19 22:08:03,0.5057,0
10924,99,98,2026-03-19 22:15:07,1.0,0
10999,211,50,2026-03-19 22:26:18,0.5143,0
4432,154,26,2026-03-19 22:33:55,1.0,0
8883,59,101,2026-03-19 23:02:45,0.1711,1
3593,224,45,2026-03-19 23:14:27,0.525,0
1058,9,32,2026-03-19 23:24:08,0.6655,0
10166,56,15,2026-03-19 23:28:03,0.8047,0
10715,106,71,2026-03-19 23:37:24,0.7337,0
2033,85,66,2026-03-19 23:59:08,0.5632,0
6863,2,43,2026-03-19 23:59:59,0.4026,0
2209,46,68,2026-03-20 00:08:25,0.6505,0
9870,159,83,2026-03-20 00:13:58,0.6425,0
10754,28,75,2026-03-20 00:14:38,0.3736,0
5947,57,109,2026-03-20 00:24:42,0.4848,0
2681,57,21,2026-03-20 01:12:53,0.4543,0
5471,102,119,2026-03-20 01:19:46,1.0,0
10285,11,110,2026-03-20 01:22:09,0.5599,0
6576,197,56,2026-03-20 01:28:30,0.296,0
2481,46,46,2026-03-20 01:28:40,0.604,0
11737,109,27,2026-03-20 01:33:38,0.4227,0
4242,113,94,2026-03-20 01:33:50,0.5474,0
1635,149,15,2026-03-20 01:35:21,0.19,1
805,241,40,2026-03-20 02:06:22,0.5802,0
9254,180,103,2026-03-20 02:13:51,0.6461,0
6508,138,71,2026-03-20 02:15:55,0.4908,0
7483,166,64,2026-03-20 02:19:18,0.0,1
1176,228,82,2026-03-20 02:23:05,0.3105,0
7211,59,26,2026-03-20 02:47:16,0.0,1
11937,131,33,2026-03-20 02:52:34,0.2621,0
8655,40,105,2026-03-20 02:53:27,0.6658,0
3912,74,20,2026-03-20 02:54:53,0.2435,1
1914,62,81,2026-03-20 03:13:39,1.0,0
4809,159,48,2026-03-20 03:27:08,0.3058,0
2666,227,96,2026-03-20 03:34:47,0.0,1
11005,67,23,2026-03-20 03:55:41,0.6865,0
6587,80,111,2026-03-20 04:00:18,0.9277,0
7485,8,99,2026-03-20 04:13:26,0.8782,0
9492,164,103,2026-03-20 04:29:06,1.0,0
7203,53,115,2026-03-20 04:50:48,0.0,1
8633,13,54,2026-03-20 05:30:37,0.3372,0
6112,224,113,2026-03-20 05:35:44,0.0443,1
1008,114,60,2026-03-20 05:41:54,0.6326,0
2061,17,62,2026-03-20 06:15:27,0.3795,0
4875,49,27,2026-03-20 06:18:50,0.912,0
2582,10,112,2026-03-20 06:40:57,0.3696,0
6201,25,76,2026-03-20 07:03:33,0.2126,1
3774,243,15,2026-03-20 07:28:20,0.7861,0
7929,168,49,2026-03-20 07:38:37,0.4878,0
2693,21,15,2026-03-20 07:42:23,0.5624,0
3320,0,48,2026-03-20 07:45:40,0.2803,0
6354,6,33,2026-03-20 08:02:33,0.2595,0
6747,130,74,2026-03-20 08:14:22,0.0,1
3417,37,2,2026-03-20 08:16:47,0.4847,0
5460,242,39,2026-03-20 08:34:03,0.4317,0
9249,233,69,2026-03-20 08:40:23,0.5611,0
6513,237,22,2026-03-20 08:46:05,0.0,1
5544,192,62,2026-03-20 08:57:46,0.4191,0
3830,196,81,2026-03-20 08:58:48,0.8204,0
10523,197,99,2026-03-20 09:03:40,0.3251,0
1099,24,7,2026-03-20 09:06:12,0.5393,0
7461,76,36,2026-03-20 09:27:27,0.0,1
3642,102,82,2026-03-20 09:29:54,0.0908,1
2639,133,97,2026-03-20 09:31:49,0.3674,0
7709,134,98,2026-03-20 09:41:50,0.6199,0
8300,162,81,2026-03-20 09:46:48,0.3735,0
6262,105,23,2026-03-20 09:51:11,0.2968,0
4057,151,57,2026-03-20 09:56:36,0.0,1
6537,166,4,2026-03-20 10:19:43,0.3686,0
11960,121,101,2026-03-20 10:20:49,0.4693,0
227,69,93,2026-03-20 10:23:40,0.1655,1
7995,53,83,2026-03-20 10:41:31,0.183,1
1096,52,76,2026-03-20 10:47:36,0.1486,1
667,52,1,2026-03-20 11:03:11,0.1415,1
10488,177,17,2026-03-20 11:22:47,0.0,1
6447,175,60,2026-03-20 11:25:06,0.0705,1
6532,82,97,2026-03-20 11:37:27,0.5429,0
2614,66,86,2026-03-20 11:51:02,0.8838,0
5150,228,52,2026-03-20 12:09:20,0.5475,0
6814,26,27,2026-03-20 12:18:13,0.6075,0
11897,200,31,2026-03-20 12:49:11,0.5435,0
5532,1,11,2026-03-20 13:11:18,0.6627,0
4445,178,35,2026-03-20 13:13:13,0.4527,0
9642,107,78,2026-03-20 13:30:23,0.5685,0
11801,191,96,2026-03-20 13:31:31,0.3106,0
7029,55,51,2026-03-20 13:32:35,0.4605,0
9469,0,48,2026-03-20 13:48:20,0.4577,0
7530,242,13,2026-03-20 14:26:33,0.3046,0
6658,116,53,2026-03-20 14:28:35,0.2938,0
11606,157,64,2026-03-20 14:49:15,0.6024,0
3131,214,76,2026-03-20 14:53:44,0.2762,0
11990,57,2,2026-03-20 14:54:53,1.0,0
6968,201,12,2026-03-20 15:05:03,0.544,0
5319,194,25,2026-03-20 15:18:03,0.5159,0
446,113,5,2026-03-20 15:18:56,0.6163,0
7003,214,41,2026-03-20 15:24:06,0.3409,0
8616,164,89,2026-03-20 15:28:52,0.1414,1
7079,151,98,2026-03-20 15:33:26,0.6501,0
10974,30,82,2026-03-20 15:37:30,0.3083,0
8873,110,112,2026-03-20 15:39:58,0.3151,0
3026,53,54,2026-03-20 15:54:19,0.252,0
11936,111,112,2026-03-20 16:15:28,0.0,1
8944,33,13,2026-03-20 16:43:46,0.7833,0
3327,53,49,2026-03-20 16:51:57,0.1871,1
9260,156,3,2026-03-20 17:08:05,0.0,1
4068,197,41,2026-03-20 17:48:47,0.4059,0
2997,212,34,2026-03-20 17:52:07,0.212,1
4497,161,38,2026-03-20 17:54:49,0.0,1
10749,148,17,2026-03-20 18:00:15,0.1622,1
2976,152,72,2026-03-20 18:19:37,0.1922,1
11230,122,106,2026-03-20 18:39:29,0.5744,0
3033,132,118,2026-03-20 18:44:12,0.8805,0
2843,194,115,2026-03-20 19:06:25,0.1181,1
4830,216,52,2026-03-20 19:20:15,1.0,0
6013,73,3,2026-03-20 19:43:33,0.269,0
10363,42,51,2026-03-20 19:46:25,0.2326,1
2525,92,64,2026-03-20 19:58:25,0.1638,1
1622,216,34,2026-03-20 20:00:13,0.0,1
8542,212,81,2026-03-20 20:13:10,0.6111,0
8615,237,119,2026-03-20 20:18:13,0.4932,0
6466,159,85,2026-03-20 20:30:10,0.5706,0
10971,110,73,2026-03-20 20:38:26,0.3381,0
5837,179,91,2026-03-20 20:59:08,0.3041,0
6951,90,25,2026-03-20 21:16:54,0.952,0
5879,214,22,2026-03-20 21:17:38,0.5225,0
4460,73,41,2026-03-20 21:38:44,0.4932,0
10202,87,21,2026-03-20 21:38:59,0.7592,0
3709,209,91,2026-03-20 22:05:58,0.08,1
1328,97,43,2026-03-20 22:11:12,0.1867,1
6802,3,119,2026-03-20 22:13:01,0.5006,0
9583,112,55,2026-03-20 22:18:13,0.7972,0
7422,135,89,2026-03-20 22:27:32,0.5844,0
8145,102,55,2026-03-20 22:40:54,0.4114,0
3035,138,42,2026-03-20 22:43:43,0.0,1
6428,238,57,2026-03-20 22:54:37,0.6846,0
6779,13,38,2026-03-20 23:23:23,0.0,1
10370,54,71,2026-03-21 00:20:14,0.0,1
7606,160,7,2026-03-21 00:23:02,0.2589,0
1322,150,78,2026-03-21 00:48:17,0.3705,0
4208,183,33,2026-03-21 00:48:32,0.3815,0
2848,195,118,2026-03-21 01:05:40,0.7814,0
596,198,72,2026-03-21 01:19:12,0.4987,0
7896,159,16,2026-03-21 01:19:50,0.4485,0
991,165,8,2026-03-21 01:21:45,0.3484,0
5423,59,116,2026-03-21 01:23:24,0.7336,0
8001,22,96,2026-03-21 01:24:16,0.3262,0
1694,66,70,2026-03-21 01:39:43,0.5516,0
1437,79,57,2026-03-21 01:44:34,0.4398,0
10982,95,69,2026-03-21 01:48:09,0.5259,0
6545,44,108,2026-03-21 01:51:44,1.0,0
5981,249,4,2026-03-21 01:58:48,0.3591,0
10057,19,109,2026-03-21 02:05:11,0.0,1
613,166,77,2026-03-21 02:47:48,0.1373,1
3242,130,73,2026-03-21 02:56:05,0.083,1
2156,52,56,2026-03-21 02:56:45,0.8751,0
951,83,32,2026-03-21 02:56:47,0.4975,0
7873,56,95,2026-03-21 02:57:12,0.2675,0
7016,168,94,2026-03-21 03:11:39,0.8127,0
2789,91,104,2026-03-21 03:41:44,0.6528,0
5263,215,33,2026-03-21 03:56:58,0.0,1
11686,140,68,2026-03-21 03:57:05,0.9534,0
6227,163,57,2026-03-21 04:13:47,0.3225,0
4689,66,75,2026-03-21 04:54:24,0.3727,0
3858,232,41,2026-03-21 05:05:08,0.0,1
1846,39,54,2026-03-21 05:15:37,0.7177,0
3187,50,41,2026-03-21 05:29:33,0.0743,1
369,175,107,2026-03-21 05:42:22,0.1801,1
2610,46,86,2026-03-21 05:51:02,0.0424,1
3374,249,28,2026-03-21 05:57:42,0.6594,0
10316,63,85,2026-03-21 06:21:24,0.3624,0
10501,134,11,2026-03-21 06:22:17,0.1626,1
1583,205,55,2026-03-21 06:34:35,0.5729,0
10650,206,54,2026-03-21 06:42:37,0.2722,0
402,129,0,2026-03-21 06:45:43,0.2847,0
6179,150,84,2026-03-21 06:48:36,0.7322,0
1438,18,10,2026-03-21 06:57:38,0.9476,0
4859,28,32,2026-03-21 07:04:14,0.2218,1
5603,70,7,2026-03-21 07:07:34,0.4294,0
9222,196,119,2026-03-21 07:11:52,0.4813,0
3585,239,113,2026-03-21 07:48:58,0.4644,0
7557,244,32,2026-03-21 07:55:18,1.0,0
1628,129,33,2026-03-21 07:55:51,0.0,1
6800,84,107,2026-03-21 08:31:34,0.4448,0
4116,71,65,2026-03-21 08:44:50,0.1878,1
2241,113,111,2026-03-21 08:56:33,0.1283,1
3615,23,40,2026-03-21 09:08:53,0.6133,0
11918,236,31,2026-03-21 09:10:41,0.5689,0
8734,53,28,2026-03-21 09:12:31,0.584,0
4653,132,50,2026-03-21 09:21:51,0.1303,1
6958,132,47,2026-03-21 09:22:42,0.0246,1
6298,93,54,2026-03-21 09:33:29,0.7464,0
3503,53,57,2026-03-21 09:33:32,0.048,1
7393,30,109,2026-03-21 09:43:17,0.0,1
5631,218,99,2026-03-21 09:44:10,0.2377,1
9142,138,56,2026-03-21 09:51:02,1.0,0
8820,16,15,2026-03-21 09:57:23,0.8913,0
7777,200,20,2026-03-21 09:58:50,0.6817,0
3399,14,40,2026-03-21 09:59:44,0.718,0
7823,9,70,2026-03-21 10:17:05,0.4949,0
4552,118,66,2026-03-21 10:23:02,0.3066,0
8240,109,24,2026-03-21 10:35:16,0.0949,1
7694,220,92,2026-03-21 10:52:25,0.2075,1
1716,114,87,2026-03-21 11:23:26,0.6517,0
7957,134,47,2026-03-21 11:38:37,0.4595,0
3678,109,40,2026-03-21 11:40:16,0.1609,1
10212,69,76,2026-03-21 11:50:23,0.0971,1
3499,155,85,2026-03-21 11:52:50,0.3556,0
7927,104,52,2026-03-21 11:57:11,0.0,1
8691,173,92,2026-03-21 12:01:28,0.4001,0
679,85,14,2026-03-21 12:07:48,0.5173,0
9318,2,32,2026-03-21 12:26:39,1.0,0
6858,72,109,2026-03-21 12:32:32,0.0153,1
9868,241,48,2026-03-21 12:34:09,0.4895,0
11996,1,74,2026-03-21 12:38:00,0.2488,1
8179,46,25,2026-03-21 12:39:37,0.6709,0
4128,9,29,2026-03-21 12:41:11,0.85,0
11277,163,20,2026-03-21 12:56:42,0.652,0
1288,22,100,2026-03-21 13:00:38,0.3199,0
1528,209,89,2026-03-21 13:04:15,0.7797,0
843,216,104,2026-03-21 13:23:21,0.6939,0
438,37,46,2026-03-21 13:27:21,0.966,0
3336,227,18,2026-03-21 13:40:32,0.8164,0
4788,2,16,2026-03-21 14:03:36,0.3665,0
3210,90,105,2026-03-21 14:04:10,0.6447,0
515,209,88,2026-03-21 14:09:22,0.708,0
3249,7,10,2026-03-21 14:16:53,0.3951,0
1456,105,12,2026-03-21 14:17:13,0.0366,1
11634,222,71,2026-03-21 14:17:43,0.4745,0
11832,243,89,2026-03-21 14:35:14,0.6564,0
5057,178,16,2026-03-21 14:39:47,0.2999,0
8936,131,81,2026-03-21 14:42:28,0.2117,1
5215,82,88,2026-03-21 14:46:16,0.9476,0
6845,132,29,2026-03-21 14:48:40,0.7845,0
11073,136,7,2026-03-21 14:52:06,0.0,1
5235,31,7,2026-03-21 14:53:56,0.4514,0
886,92,26,2026-03-21 15:17:35,0.6203,0
9270,244,42,2026-03-21 15:22:05,0.4324,0
11027,204,102,2026-03-21 15:28:19,0.0974,1
200,48,113,2026-03-21 15:33:06,0.5339,0
6526,63,31,2026-03-21 15:33:29,0.3167,0
3468,78,115,2026-03-21 15:45:40,0.9009,0
7019,137,90,2026-03-21 15:47:02,0.4617,0
4722,215,5,2026-03-21 15:49:01,0.7063,0
3226,11,40,2026-03-21 15:57:52,0.8139,0
11728,145,52,2026-03-21 16:06:19,0.619,0
3894,4,71,2026-03-21 16:25:49,0.271,0
4578,38,31,2026-03-21 16:48:35,0.5889,0
10784,226,71,2026-03-21 16:52:59,0.2569,0
9988,211,116,2026-03-21 17:01:36,0.2657,0
8314,191,81,2026-03-21 17:05:08,0.4211,0
3836,9,108,2026-03-21 17:06:36,0.8298,0
1139,109,81,2026-03-21 17:15:30,0.1247,1
10764,178,104,2026-03-21 17:17:30,0.9979,0
7335,90,44,2026-03-21 17:23:51,0.1216,1
21,103,21,2026-03-21 17:31:59,1.0,0
9309,181,18,2026-03-21 17:55:47,0.2189,1
7095,248,68,2026-03-21 18:23:09,0.0776,1
5793,90,13,2026-03-21 18:25:50,0.5918,0
875,0,118,2026-03-21 18:26:27,0.8571,0
1452,59,36,2026-03-21 18:44:21,0.1508,1
248,8,7,2026-03-21 18:47:12,0.4618,0
6833,48,15,2026-03-21 18:57:56,0.4071,0
2074,39,71,2026-03-21 19:08:58,0.1293,1
3108,8,49,2026-03-21 19:13:47,0.3954,0
8871,121,25,2026-03-21 19:51:26,0.1308,1
8187,11,34,2026-03-21 20:15:12,0.3389,0
3985,142,98,2026-03-21 20:24:16,0.0374,1
7405,193,101,2026-03-21 20:35:41,0.6244,0
9518,106,112,2026-03-21 20:44:02,0.4625,0
1068,90,38,2026-03-21 20:52:56,0.2061,1
7844,43,6,2026-03-21 21:03:31,0.4012,0
10357,76,108,2026-03-21 21:04:36,0.0443,1
10976,102,75,2026-03-21 21:15:54,0.4589,0
9910,192,85,2026-03-21 21:22:27,0.1664,1
9157,205,60,2026-03-21 21:34:33,0.5595,0
9865,90,92,2026-03-21 21:34:37,0.6661,0
11695,192,14,2026-03-21 21:48:41,0.1121,1
5622,30,98,2026-03-21 21:48:50,0.4836,0
11572,180,46,2026-03-21 22:15:31,0.4191,0
1101,244,83,2026-03-21 22:26:09,0.0,1
8810,151,102,2026-03-21 22:46:26,0.9312,0
1749,101,84,2026-03-21 22:59:48,0.4693,0
1931,139,17,2026-03-21 23:05:31,0.4824,0
10268,203,91,2026-03-21 23:11:24,0.4045,0
10969,167,99,2026-03-21 23:29:44,0.7223,0
2105,156,50,2026-03-21 23:56:11,0.1595,1
7888,70,61,2026-03-22 00:18:12,0.5163,0
470,29,34,2026-03-22 00:18:14,0.4628,0
4130,129,83,2026-03-22 00:20:25,0.2959,0
3038,7,79,2026-03-22 00:23:09,0.3396,0
2855,166,92,2026-03-22 00:54:30,0.5905,0
9227,235,101,2026-03-22 01:27:56,0.3325,0
11709,144,51,2026-03-22 01:32:35,0.5571,0
9165,107,68,2026-03-22 02:18:08,0.6546,0
4748,227,104,2026-03-22 02:22:49,0.1982,1
4948,210,91,2026-03-22 02:46:24,0.3573,0
4321,127,7,2026-03-22 03:03:15,0.0,1
10090,61,116,2026-03-22 03:15:12,0.2828,0
1840,89,83,2026-03-22 03:30:33,0.8095,0
6114,140,85,2026-03-22 03:36:17,0.0,1
859,246,34,2026-03-22 03:43:31,0.324,0
7771,131,47,2026-03-22 03:45:23,0.0801,1
11109,178,45,2026-03-22 03:48:56,0.3884,0
8448,119,90,2026-03-22 04:01:14,0.0753,1
11036,240,115,2026-03-22 04:04:37,0.0188,1
2618,4,108,2026-03-22 04:31:07,0.5775,0
11142,92,26,2026-03-22 04:38:43,0.4312,0
11208,37,119,2026-03-22 04:42:41,0.8236,0
6310,45,22,2026-03-22 04:52:48,0.0894,1
9533,234,89,2026-03-22 04:53:24,0.4952,0
11433,105,3,2026-03-22 04:56:27,0.3352,0
5462,176,98,2026-03-22 04:58:12,0.542,0
11915,214,11,2026-03-22 05:12:10,0.0334,1
10374,203,98,2026-03-22 05:25:39,0.006,1
4828,15,68,2026-03-22 05:36:36,0.4397,0
6111,73,107,2026-03-22 05:41:20,0.3835,0
4446,216,104,2026-03-22 05:45:27,0.7015,0
4666,249,109,2026-03-22 05:49:12,0.0,1
4561,125,88,2026-03-22 05:53:30,0.3738,0
7219,47,67,2026-03-22 06:43:30,0.4259,0
202,195,33,2026-03-22 06:44:16,0.7874,0
9225,76,57,2026-03-22 06:56:47,0.0589,1
9556,76,68,2026-03-22 07:02:11,0.2307,1
1004,200,106,2026-03-22 07:02:33,0.0,1
4499,190,83,2026-03-22 07:09:56,0.4766,0
3083,29,41,2026-03-22 07:24:16,0.3743,0
2773,237,68,2026-03-22 07:55:05,0.1275,1
6993,6,20,2026-03-22 08:10:35,0.569,0
11952,4,0,2026-03-22 08:31:54,0.6957,0
6022,98,30,2026-03-22 08:33:29,0.223,1
9858,71,9,2026-03-22 08:37:26,0.455,0
9877,19,66,2026-03-22 08:43:10,0.378,0
3081,98,6,2026-03-22 08:55:01,1.0,0
3010,11,99,2026-03-22 08:56:11,0.7048,0
11965,248,55,2026-03-22 08:57:02,0.4787,0
1311,175,1,2026-03-22 09:11:08,0.7162,0
8634,227,92,2026-03-22 09:18:56,0.6692,0
1993,109,14,2026-03-22 09:28:11,0.2816,0
10313,45,5,2026-03-22 09:32:23,0.3468,0
4389,105,83,2026-03-22 09:51:45,0.768,0
797,44,47,2026-03-22 10:02:17,0.8257,0
3491,74,77,2026-03-22 10:18:38,0.0504,1
10824,85,4,2026-03-22 10:21:40,0.8556,0
2965,91,27,2026-03-22 10:22:18,0.5357,0
1989,81,25,2026-03-22 10:31:53,0.5933,0
4021,129,97,2026-03-22 10:41:31,0.5335,0
11388,177,117,2026-03-22 10:41:50,0.2981,0
5810,231,46,2026-03-22 10:54:19,1.0,0
8985,187,15,2026-03-22 11:11:05,0.6647,0
2110,238,78,2026-03-22 11:29:11,0.1415,1
1799,158,117,2026-03-22 11:38:46,0.4673,0
3646,101,32,2026-03-22 11:39:37,0.6111,0
4081,34,30,2026-03-22 11:53:35,0.4489,0
8016,45,72,2026-03-22 12:06:56,0.6201,0
4626,12,89,2026-03-22 12:07:08,0.4899,0
2457,148,113,2026-03-22 12:07:14,0.4258,0
6602,243,26,2026-03-22 12:12:21,0.3807,0
7355,14,81,2026-03-22 12:24:56,0.3541,0
8884,182,104,2026-03-22 12:30:24,0.7196,0
6655,62,118,2026-03-22 12:41:45,0.482,0
6750,155,62,2026-03-22 12:49:35,0.486,0
1451,186,91,2026-03-22 13:07:00,0.1737,1
1260,99,68,2026-03-22 13:13:47,0.2374,1
3932,55,16,2026-03-22 13:18:26,0.3463,0
383,74,112,2026-03-22 13:36:45,0.1794,1
8916,147,52,2026-03-22 13:37:41,0.4157,0
8949,119,18,2026-03-22 14:05:46,0.3085,0
1318,63,112,2026-03-22 14:07:57,0.2165,1
2592,65,116,2026-03-22 14:11:50,0.5311,0
5353,96,63,2026-03-22 14:17:31,0.577,0
11780,242,14,2026-03-22 14:46:49,0.0823,1
11007,149,92,2026-03-22 15:04:40,0.4879,0
3859,31,1,2026-03-22 15:07:00,0.2549,0
10707,197,44,2026-03-22 15:13:53,0.4482,0
7262,49,118,2026-03-22 15:16:06,0.5126,0
1400,182,40,2026-03-22 15:29:04,0.7249,0
11299,66,65,2026-03-22 15:35:20,0.7215,0
1010,147,117,2026-03-22 15:44:47,0.0816,1
4688,182,30,2026-03-22 16:03:17,0.367,0
156,112,110,2026-03-22 16:08:18,0.1963,1
4991,33,96,2026-03-22 16:12:38,0.6765,0
3979,18,42,2026-03-22 16:21:33,0.2997,0
2417,184,7,2026-03-22 16:29:05,0.0,1
10778,130,101,2026-03-22 16:43:35,0.0,1
9007,120,102,2026-03-22 16:59:45,0.5265,0
486,32,29,2026-03-22 17:04:14,0.9006,0
8246,52,92,2026-03-22 17:08:58,0.601,0
2705,205,89,2026-03-22 17:17:44,0.4858,0
5738,68,72,2026-03-22 17:55:37,0.1982,1
6212,26,74,2026-03-22 17:57:14,0.7298,0
2958,118,47,2026-03-22 18:02:04,0.4678,0
5792,144,26,2026-03-22 18:29:10,0.1761,1
1731,244,80,2026-03-22 18:35:33,0.4714,0
2943,198,26,2026-03-22 18:39:14,0.1258,1
1428,130,57,2026-03-22 18:39:46,0.8068,0
5536,44,56,2026-03-22 18:46:28,0.062,1
9126,194,47,2026-03-22 19:14:24,0.5251,0
2891,127,57,2026-03-22 19:27:01,0.661,0
2459,164,15,2026-03-22 19:37:18,0.4287,0
10912,125,14,2026-03-22 19:53:29,0.737,0
6462,201,52,2026-03-22 19:54:42,0.3584,0
5894,7,64,2026-03-22 20:20:56,0.1963,1
1127,113,93,2026-03-22 20:21:30,0.527,0
7189,203,115,2026-03-22 20:25:30,0.1801,1
11355,209,77,2026-03-22 20:47:36,0.623,0
5830,94,112,2026-03-22 20:58:43,0.2971,0
4684,61,5,2026-03-22 21:01:00,0.0,1
11162,110,113,2026-03-22 21:12:22,0.5568,0
225,161,96,2026-03-22 21:14:12,0.2966,0
4764,229,87,2026-03-22 21:14:33,0.7554,0
6689,65,58,2026-03-22 21:20:42,0.4441,0
3554,70,76,2026-03-22 21:21:53,0.3514,0
151,221,17,2026-03-22 21:25:12,0.4381,0
3862,56,72,2026-03-22 21:43:07,1.0,0
6522,35,2,2026-03-22 22:22:03,0.1877,1
6945,12,50,2026-03-22 22:28:09,0.5426,0
1543,72,93,2026-03-22 22:36:17,0.5794,0
1564,213,17,2026-03-22 22:53:42,0.4648,0
6660,131,107,2026-03-22 23:03:11,0.0323,1
10886,38,9,2026-03-22 23:03:21,0.3171,0
4926,103,0,2026-03-22 23:23:03,0.0179,1
2645,212,55,2026-03-22 23:47:12,0.1769,1
8384,92,87,2026-03-22 23:48:25,0.1967,1
4545,223,12,2026-03-22 23:53:56,0.2634,0
10860,117,104,2026-03-23 00:07:27,0.0,1
8296,151,105,2026-03-23 00:30:38,0.35,0
6012,29,72,2026-03-23 00:33:50,0.7736,0
3778,199,103,2026-03-23 00:43:52,0.4034,0
6972,56,101,2026-03-23 01:09:17,0.3083,0
1605,13,6,2026-03-23 01:15:31,0.1945,1
10477,30,0,2026-03-23 01:58:47,0.3445,0
11964,203,88,2026-03-23 02:01:04,0.3125,0
8190,159,116,2026-03-23 02:11:47,0.0232,1
4089,163,78,2026-03-23 02:12:17,0.7837,0
874,62,105,2026-03-23 02:12:50,0.5683,0
3957,55,51,2026-03-23 02:13:59,0.6681,0
8869,194,61,2026-03-23 02:28:26,0.2464,1
2477,124,46,2026-03-23 02:50:20,1.0,0
7722,178,79,2026-03-23 02:53:58,0.2699,0
4623,39,66,2026-03-23 03:01:04,0.5031,0
5911,108,36,2026-03-23 03:10:44,0.4138,0
11375,172,14,2026-03-23 03:41:08,0.4921,0
2572,247,91,2026-03-23 03:44:44,0.37,0
17,121,99,2026-03-23 03:46:33,0.3156,0
9923,30,107,2026-03-23 03:47:09,0.149,1
9527,115,78,2026-03-23 04:24:10,0.1552,1
688,58,50,2026-03-23 04:25:44,0.0,1
9095,177,41,2026-03-23 04:39:58,0.0449,1
5110,101,118,2026-03-23 04:52:43,0.3176,0
11262,66,29,2026-03-23 05:07:06,0.5796,0
11004,92,77,2026-03-23 05:08:18,0.2516,0
2295,90,64,2026-03-23 05:08:25,0.0,1
8667,148,91,2026-03-23 05:16:17,0.3584,0
9788,169,109,2026-03-23 05:16:51,0.2791,0
3919,151,37,2026-03-23 05:22:39,0.3172,0
9242,5,9,2026-03-23 05:42:09,0.2946,0
11144,75,89,2026-03-23 05:47:51,0.3417,0
10782,170,12,2026-03-23 05:53:31,0.207,1
5725,102,77,2026-03-23 05:59:38,0.3576,0
9853,129,73,2026-03-23 06:54:22,0.4027,0
11863,95,46,2026-03-23 07:05:18,0.309,0
3132,198,37,2026-03-23 07:07:45,0.6071,0
2505,89,61,2026-03-23 07:10:11,0.0671,1
7738,202,78,2026-03-23 07:13:43,0.2069,1
5771,54,1,2026-03-23 07:20:34,0.7681,0
11025,132,108,2026-03-23 07:44:47,0.8958,0
1231,101,88,2026-03-23 08:02:15,0.4106,0
3411,133,27,2026-03-23 08:05:53,0.304,0
2469,24,116,2026-03-23 08:16:44,0.506,0
1558,166,21,2026-03-23 08:32:22,0.3875,0
9026,99,28,2026-03-23 08:34:59,0.3863,0
4426,217,60,2026-03-23 08:37:57,0.3359,0
1035,244,18,2026-03-23 08:38:43,0.3228,0
6917,25,21,2026-03-23 08:42:50,0.1135,1
2641,183,60,2026-03-23 08:52:15,0.9659,0
11188,6,104,2026-03-23 09:04:29,0.1963,1
10762,182,73,2026-03-23 09:07:52,0.0522,1
8709,239,43,2026-03-23 09:13:56,0.4862,0
3377,20,118,2026-03-23 09:37:43,0.0434,1
9644,146,82,2026-03-23 09:47:26,0.24,1
487,116,6,2026-03-23 09:52:16,0.3159,0
5933,87,71,2026-03-23 09:58:28,0.0693,1
9073,69,65,2026-03-23 10:04:43,0.7758,0
7214,72,1,2026-03-23 10:51:29,0.8857,0
1633,225,54,2026-03-23 11:24:48,0.7587,0
94,240,0,2026-03-23 11:26:13,1.0,0
7885,237,57,2026-03-23 11:40:58,0.6577,0
4854,175,63,2026-03-23 11:41:58,0.4357,0
7956,127,37,2026-03-23 11:49:35,0.4592,0
3232,160,18,2026-03-23 11:55:28,0.0024,1
11102,1,109,2026-03-23 12:10:37,0.0259,1
11381,94,57,2026-03-23 12:36:50,0.473,0
4487,241,75,2026-03-23 13:01:57,0.3156,0
1894,234,12,2026-03-23 13:06:35,0.3532,0
4079,66,107,2026-03-23 13:10:48,1.0,0
5158,209,3,2026-03-23 13:15:50,0.3324,0
8685,163,81,2026-03-23 13:28:35,0.4995,0
8791,194,81,2026-03-23 13:29:17,0.3323,0
1032,74,35,2026-03-23 13:53:15,0.0796,1
7407,9,111,2026-03-23 13:54:40,0.0535,1
4588,201,110,2026-03-23 14:02:16,0.1607,1
5500,117,94,2026-03-23 14:06:34,0.0488,1
9597,34,19,2026-03-23 14:33:26,0.0901,1
8533,223,116,2026-03-23 15:15:07,0.2601,0
6124,237,33,2026-03-23 15:26:06,1.0,0
82,213,59,2026-03-23 15:31:08,0.6685,0
9487,223,85,2026-03-23 15:59:29,0.6456,0
4907,134,98,2026-03-23 16:06:00,0.4562,0
4286,163,15,2026-03-23 16:11:06,0.0256,1
10549,1,7,2026-03-23 16:23:16,0.4952,0
6093,198,13,2026-03-23 16:52:52,0.4561,0
2930,173,76,2026-03-23 17:12:24,0.0096,1
7523,204,25,2026-03-23 17:21:22,0.8291,0
7863,235,70,2026-03-23 17:50:04,0.2685,0
8960,237,12,2026-03-23 18:04:47,0.3975,0
3151,87,39,2026-03-23 18:21:28,0.5268,0
9294,34,4,2026-03-23 18:30:28,0.2394,1
593,116,26,2026-03-23 18:42:40,0.6685,0
10222,247,33,2026-03-23 18:45:14,0.7619,0
8080,111,67,2026-03-23 18:46:41,0.4258,0
38,72,112,2026-03-23 18:55:20,0.5518,0
11213,156,82,2026-03-23 19:20:50,0.3794,0
873,68,58,2026-03-23 19:23:14,0.6935,0
520,4,11,2026-03-23 19:23:52,0.0682,1
7994,213,105,2026-03-23 19:31:36,0.0647,1
11733,35,65,2026-03-23 19:33:58,0.2623,0
1048,107,103,2026-03-23 19:38:46,0.7438,0
9345,171,75,2026-03-23 19:39:12,0.0929,1
10745,240,39,2026-03-23 19:44:07,0.0662,1
9954,75,60,2026-03-23 20:11:07,0.4811,0
8053,104,42,2026-03-23 20:14:04,0.0,1
11665,228,98,2026-03-23 20:18:30,0.3029,0
5956,247,6,2026-03-23 20:37:31,0.1531,1
9695,248,5,2026-03-23 20:47:38,0.0541,1
3559,40,88,2026-03-23 20:48:53,0.9977,0
6291,155,113,2026-03-23 20:52:33,0.0981,1
4168,205,100,2026-03-23 21:02:13,0.3737,0
10952,6,62,2026-03-23 21:03:55,1.0,0
10507,188,113,2026-03-23 21:07:18,0.2652,0
6174,231,20,2026-03-23 21:13:06,0.4723,0
3601,50,111,2026-03-23 21:19:16,0.3892,0
11348,199,112,2026-03-23 21:33:31,0.2761,0
8683,240,86,2026-03-23 21:47:15,0.4133,0
1964,164,66,2026-03-23 22:05:49,0.2553,0
3818,110,5,2026-03-23 22:07:22,0.0167,1
11417,199,101,2026-03-23 22:16:17,0.4261,0
4495,220,70,2026-03-23 22:41:39,0.4336,0
4062,182,107,2026-03-23 22:50:16,0.4775,0
8262,90,53,2026-03-23 22:51:45,0.4305,0
5744,50,23,2026-03-23 22:55:34,0.5635,0
6396,117,79,2026-03-23 23:02:10,0.3838,0
6807,193,93,2026-03-23 23:27:56,0.3952,0
10536,81,107,2026-03-23 23:27:56,0.7104,0
4634,198,92,2026-03-23 23:41:59,0.0101,1
3378,115,110,2026-03-24 00:02:02,0.4557,0
4010,47,112,2026-03-24 00:26:22,0.0931,1
6083,249,81,2026-03-24 00:36:51,0.2159,1
9987,230,60,2026-03-24 00:58:29,0.2264,1
3128,142,14,2026-03-24 01:16:06,0.0439,1
8416,104,29,2026-03-24 01:19:19,0.5429,0
11590,167,108,2026-03-24 01:24:51,0.4038,0
6052,193,20,2026-03-24 01:31:53,0.8652,0
8717,193,59,2026-03-24 01:40:56,0.0,1
11958,57,33,2026-03-24 01:46:39,0.6183,0
8593,12,76,2026-03-24 01:48:03,0.5739,0
11764,166,95,2026-03-24 01:53:01,0.9535,0
10189,76,87,2026-03-24 02:04:57,0.7645,0
1199,163,118,2026-03-24 02:13:02,0.0294,1
10063,221,45,2026-03-24 02:14:19,0.0,1
5743,159,74,2026-03-24 02:36:53,0.2578,0
950,104,13,2026-03-24 02:42:03,0.0391,1
4943,46,47,2026-03-24 02:44:48,0.6056,0
799,119,110,2026-03-24 02:52:32,0.3414,0
7602,154,52,2026-03-24 03:00:37,0.7944,0
7647,45,19,2026-03-24 03:02:55,0.1014,1
3537,14,116,2026-03-24 03:08:03,0.2773,0
3599,192,74,2026-03-24 03:19:35,0.3005,0
7639,75,64,2026-03-24 03:19:55,0.1536,1
4825,162,48,2026-03-24 03:24:47,0.6517,0
10546,15,51,2026-03-24 03:39:27,0.9204,0
11892,19,39,2026-03-24 03:39:33,0.8076,0
9573,221,8,2026-03-24 03:39:51,0.2626,0
8848,243,12,2026-03-24 03:54:25,0.1509,1
2329,32,14,2026-03-24 03:59:24,0.5154,0
4450,237,64,2026-03-24 04:09:10,0.3431,0
10513,68,97,2026-03-24 04:19:57,0.5149,0
10904,95,12,2026-03-24 04:41:40,0.4891,0
10499,128,87,2026-03-24 04:55:38,0.4692,0
9921,170,100,2026-03-24 05:03:45,0.2174,1
6419,185,88,2026-03-24 05:09:01,0.535,0
2454,181,74,2026-03-24 05:37:00,0.3335,0
10752,206,31,2026-03-24 05:53:42,0.4452,0
11108,48,20,2026-03-24 06:00:00,0.1216,1
614,83,70,2026-03-24 06:07:16,0.4204,0
2333,39,100,2026-03-24 06:12:01,0.2321,1
2552,43,14,2026-03-24 06:49:22,0.4314,0
10382,30,35,2026-03-24 07:09:20,0.4097,0
5906,187,8,2026-03-24 07:18:53,0.5081,0
11285,45,29,2026-03-24 07:45:00,0.1595,1
2137,152,74,2026-03-24 07:59:21,0.696,0
9712,74,26,2026-03-24 08:04:28,0.1042,1
6613,236,0,2026-03-24 08:31:27,0.6518,0
11297,110,78,2026-03-24 08:34:46,0.17,1
7548,30,7,2026-03-24 08:42:24,0.5392,0
5814,95,21,2026-03-24 08:54:29,0.2811,0
6268,31,94,2026-03-24 09:23:00,0.2613,0
9913,73,67,2026-03-24 10:18:16,0.2567,0
4954,231,109,2026-03-24 10:33:47,0.5837,0
11226,170,62,2026-03-24 10:41:21,0.7034,0
7725,107,31,2026-03-24 10:56:30,0.0,1
4207,87,23,2026-03-24 11:12:59,0.0,1
5644,217,64,2026-03-24 11:15:04,0.2392,1
8736,23,56,2026-03-24 11:19:22,0.4065,0
7588,197,116,2026-03-24 11:28:11,0.6162,0
1421,30,105,2026-03-24 11:44:07,0.1117,1
11492,71,76,2026-03-24 11:51:27,0.8992,0
11689,127,20,2026-03-24 12:02:43,0.0,1
4968,60,46,2026-03-24 12:05:08,0.5077,0
3752,39,118,2026-03-24 12:05:28,0.467,0
1371,170,89,2026-03-24 12:26:13,0.1995,1
6456,152,64,2026-03-24 12:42:24,0.5133,0
6241,116,5,2026-03-24 12:46:17,0.0,1
9565,236,38,2026-03-24 12:57:47,0.2957,0
420,16,11,2026-03-24 13:04:28,0.1815,1
11309,3,23,2026-03-24 13:08:05,0.0,1
2229,160,46,2026-03-24 13:09:08,0.4353,0
10492,43,1,2026-03-24 13:13:57,0.3684,0
6249,160,8,2026-03-24 13:18:43,0.4829,0
8295,138,8,2026-03-24 13:21:09,0.232,1
7127,209,37,2026-03-24 13:26:13,0.2122,1
10877,168,73,2026-03-24 13:27:32,0.7162,0
11662,79,118,2026-03-24 13:40:47,0.2526,0
6548,95,9,2026-03-24 13:46:00,0.3673,0
5726,112,81,2026-03-24 13:50:06,0.1409,1
3603,236,30,2026-03-24 14:10:14,0.2112,1
11488,19,29,2026-03-24 14:21:53,0.0469,1
2663,217,13,2026-03-24 14:33:00,0.14,1
2760,245,43,2026-03-24 14:40:09,0.019,1
6416,31,77,2026-03-24 14:44:44,0.1684,1
1483,65,19,2026-03-24 14:45:52,0.678,0
1290,187,74,2026-03-24 14:51:28,0.6038,0
9647,84,84,2026-03-24 14:59:37,0.298,0
4808,240,10,2026-03-24 15:02:45,0.4212,0
5889,162,113,2026-03-24 15:03:02,0.346,0
10589,211,119,2026-03-24 15:37:04,0.1817,1
744,174,23,2026-03-24 15:37:41,0.6088,0
3600,188,57,2026-03-24 15:45:48,0.0,1
1044,108,70,2026-03-24 15:49:34,0.2748,0
6967,230,45,2026-03-24 16:25:18,0.2471,1
2585,68,119,2026-03-24 16:28:04,0.6207,0
9430,232,85,2026-03-24 16:34:12,0.2097,1
10950,222,89,2026-03-24 17:19:31,0.3323,0
4,32,106,2026-03-24 17:23:24,0.5404,0
1661,241,21,2026-03-24 17:47:09,0.4942,0
6753,35,60,2026-03-24 17:49:40,0.4035,0
5959,122,72,2026-03-24 18:05:37,0.2542,0
4973,87,53,2026-03-24 18:32:44,0.6174,0
10925,87,9,2026-03-24 18:33:53,0.4302,0
7752,23,88,2026-03-24 19:13:32,0.2047,1
132,46,115,2026-03-24 19:32:37,0.5813,0
2200,44,96,2026-03-24 19:40:29,0.4163,0
5584,47,81,2026-03-24 19:43:11,0.0,1
6048,59,117,2026-03-24 19:56:27,0.4479,0
1455,166,108,2026-03-24 19:58:28,0.3695,0
3972,175,56,2026-03-24 19:58:33,0.1568,1
3739,233,38,2026-03-24 20:02:13,0.1053,1
1167,204,13,2026-03-24 20:02:58,0.2746,0
1997,89,21,2026-03-24 20:07:55,0.5087,0
1219,157,3,2026-03-24 20:12:50,0.2039,1
6788,152,18,2026-03-24 20:25:36,0.3275,0
396,108,73,2026-03-24 20:33:07,0.5112,0
6028,184,68,2026-03-24 20:37:54,0.2805,0
3119,196,85,2026-03-24 20:53:15,0.6537,0
3192,50,50,2026-03-24 20:57:44,0.1833,1
11819,123,116,2026-03-24 21:03:05,0.6757,0
2243,18,71,2026-03-24 21:20:59,0.0194,1
2662,11,67,2026-03-24 21:21:46,0.543,0
11902,181,32,2026-03-24 21:32:43,0.6288,0
6000,31,118,2026-03-24 21:37:45,0.2679,0
1201,126,43,2026-03-24 21:37:57,0.3494,0
1392,219,1,2026-03-24 22:06:01,0.4349,0
5289,237,88,2026-03-24 22:26:01,0.0,1
3179,171,76,2026-03-24 22:28:17,0.4655,0
11583,18,90,2026-03-24 23:19:14,0.0107,1
2784,163,8,2026-03-24 23:32:03,0.5568,0
3690,4,17,2026-03-24 23:33:39,0.0886,1
6624,152,89,2026-03-24 23:37:54,1.0,0
7438,155,12,2026-03-24 23:41:01,0.226,1
7103,6,30,2026-03-24 23:41:02,0.2308,1
252,80,19,2026-03-24 23:49:30,0.3651,0
4149,141,51,2026-03-24 23:52:05,0.5838,0
3781,122,63,2026-03-25 00:01:20,0.4019,0
11494,147,102,2026-03-25 00:28:01,0.0,1
2232,187,93,2026-03-25 00:43:00,0.0,1
9105,97,5,2026-03-25 00:51:09,0.0,1
7842,192,115,2026-03-25 00:51:22,1.0,0
8424,105,53,2026-03-25 00:52:17,0.0108,1
8406,177,98,2026-03-25 01:06:32,0.5611,0
2248,42,78,2026-03-25 01:12:50,0.0,1
7054,17,114,2026-03-25 01:15:23,0.3648,0
10985,236,69,2026-03-25 01:19:01,0.7933,0
9369,243,76,2026-03-25 01:19:45,0.0,1
6210,234,55,2026-03-25 01:20:54,0.7334,0
4424,180,47,2026-03-25 01:37:14,0.4636,0
2131,133,11,2026-03-25 01:40:47,0.3701,0
8517,154,109,2026-03-25 01:45:22,0.4996,0
7920,51,51,2026-03-25 01:57:21,0.096,1
108,124,79,2026-03-25 01:59:17,0.0919,1
6485,110,105,2026-03-25 02:03:22,0.561,0
5183,112,77,2026-03-25 02:06:39,0.2008,1
4944,164,49,2026-03-25 02:09:02,0.1998,1
5938,182,47,2026-03-25 02:17:22,0.5436,0
1137,227,57,2026-03-25 02:24:31,0.8706,0
6580,72,82,2026-03-25 02:33:40,0.7481,0
8951,33,82,2026-03-25 02:33:48,0.4996,0
10633,129,60,2026-03-25 02:38:23,0.5383,0
5013,81,45,2026-03-25 02:44:08,0.1694,1
8287,92,100,2026-03-25 02:59:47,0.1651,1
2334,143,8,2026-03-25 03:33:23,0.7855,0
9244,85,87,2026-03-25 03:40:19,0.4734,0
8495,70,99,2026-03-25 03:43:32,0.5434,0
342,87,87,2026-03-25 04:18:01,0.9365,0
263,132,45,2026-03-25 04:28:31,0.558,0
5314,88,65,2026-03-25 04:33:50,0.7378,0
6910,207,77,2026-03-25 04:38:01,0.0218,1
2398,131,57,2026-03-25 04:46:33,0.8908,0
5547,0,29,2026-03-25 05:11:55,0.6843,0
11876,176,21,2026-03-25 05:36:18,0.0887,1
730,73,57,2026-03-25 05:36:28,0.0511,1
10237,212,40,2026-03-25 05:41:18,0.5593,0
6119,93,13,2026-03-25 05:44:51,0.1913,1
6426,2,9,2026-03-25 05:52:26,0.0645,1
1575,62,14,2026-03-25 06:07:13,0.4273,0
11284,166,87,2026-03-25 06:38:57,1.0,0
2568,68,108,2026-03-25 06:56:31,1.0,0
9839,216,99,2026-03-25 07:00:28,0.5935,0
7368,22,80,2026-03-25 07:06:54,0.0687,1
11611,230,12,2026-03-25 07:08:14,0.1784,1
2252,139,12,2026-03-25 07:11:02,0.3469,0
11862,27,56,2026-03-25 07:50:51,0.4318,0
1016,220,67,2026-03-25 07:51:57,0.6238,0
11075,148,8,2026-03-25 07:52:40,0.0786,1
6610,150,35,2026-03-25 07:56:56,0.1063,1
4158,231,53,2026-03-25 08:19:17,0.0812,1
1771,166,105,2026-03-25 08:46:53,0.1884,1
18,192,107,2026-03-25 09:12:54,0.3892,0
11758,28,99,2026-03-25 09:29:08,0.0686,1
4878,171,108,2026-03-25 10:07:43,0.9768,0
7867,112,38,2026-03-25 10:11:28,1.0,0
365,51,80,2026-03-25 10:18:39,0.5909,0
2590,132,110,2026-03-25 10:31:38,0.5103,0
10001,99,103,2026-03-25 10:39:16,0.6889,0
6476,101,13,2026-03-25 10:44:04,0.301,0
8772,128,10,2026-03-25 10:52:52,0.4401,0
1742,79,109,2026-03-25 11:07:05,0.9495,0
1524,230,16,2026-03-25 11:13:43,1.0,0
81,28,110,2026-03-25 11:32:18,0.4294,0
382,90,10,2026-03-25 11:35:57,0.3748,0
5427,79,74,2026-03-25 11:42:42,0.272,0
947,197,70,2026-03-25 12:07:39,0.2192,1
9387,83,46,2026-03-25 12:28:36,1.0,0
10172,195,78,2026-03-25 12:29:04,0.3928,0
9115,6,93,2026-03-25 12:37:12,0.1228,1
7288,172,76,2026-03-25 13:01:46,0.181,1
1983,28,55,2026-03-25 13:12:13,0.6152,0
3540,203,27,2026-03-25 13:21:04,0.5163,0
11184,174,80,2026-03-25 13:43:06,0.2801,0
11594,149,30,2026-03-25 13:49:50,0.8278,0
7236,14,60,2026-03-25 13:57:20,0.7732,0
76,11,37,2026-03-25 14:26:18,0.5161,0
6422,86,102,2026-03-25 14:27:31,0.1453,1
8050,189,91,2026-03-25 14:29:05,0.5046,0
3879,236,45,2026-03-25 14:40:57,0.6459,0
7850,85,37,2026-03-25 14:51:17,0.5476,0
4516,116,82,2026-03-25 15:05:24,0.6925,0
11762,140,36,2026-03-25 15:12:23,0.1991,1
2537,150,113,2026-03-25 15:14:36,0.6336,0
7165,162,40,2026-03-25 15:21:42,0.1438,1
6671,229,62,2026-03-25 15:36:53,0.4414,0
6521,70,40,2026-03-25 15:43:48,0.8348,0
10184,130,111,2026-03-25 15:55:31,0.4981,0
3703,107,113,2026-03-25 16:00:17,0.6565,0
4804,59,24,2026-03-25 16:08:20,0.0554,1
3780,24,39,2026-03-25 16:31:24,0.0379,1
6346,142,67,2026-03-25 16:35:57,0.2617,0
11644,99,117,2026-03-25 16:38:28,0.3447,0
3138,230,6,2026-03-25 16:41:09,0.7425,0
5192,100,94,2026-03-25 16:50:52,0.3962,0
3074,64,110,2026-03-25 16:57:45,0.0,1
5370,190,90,2026-03-25 17:02:33,1.0,0
7757,17,70,2026-03-25 17:03:15,0.4086,0
1570,184,19,2026-03-25 17:20:43,0.465,0
6317,50,12,2026-03-25 17:24:26,0.0,1
2396,51,44,2026-03-25 17:27:15,0.2141,1
10838,159,63,2026-03-25 17:27:15,0.2434,1
3498,64,26,2026-03-25 17:40:51,0.6319,0
3911,70,107,2026-03-25 18:00:51,0.0899,1
6500,48,18,2026-03-25 18:04:52,0.5055,0
860,180,98,2026-03-25 18:23:15,0.461,0
3629,238,62,2026-03-25 18:30:33,0.3702,0
709,185,100,2026-03-25 18:36:23,0.6906,0
9304,26,48,2026-03-25 18:57:53,0.0,1
5136,51,13,2026-03-25 19:00:41,0.4519,0
5376,9,51,2026-03-25 19:11:45,0.2171,1
5639,2,10,2026-03-25 19:14:43,0.3866,0
458,130,103,2026-03-25 19:22:42,0.4339,0
3023,79,22,2026-03-25 19:22:52,0.6474,0
1820,8,43,2026-03-25 19:35:25,0.5327,0
10787,166,102,2026-03-25 19:37:36,0.7178,0
8407,35,86,2026-03-25 19:44:01,0.2277,1
883,160,95,2026-03-25 19:47:19,0.0,1
6604,20,36,2026-03-25 19:47:29,0.4063,0
137,89,29,2026-03-25 19:49:54,0.2302,1
9009,246,87,2026-03-25 19:59:00,0.2496,1
4979,31,69,2026-03-25 20:02:24,0.3484,0
1842,238,72,2026-03-25 20:05:04,0.3503,0
7083,60,115,2026-03-25 20:05:35,0.6522,0
1479,83,19,2026-03-25 20:29:58,0.5851,0
59,61,85,2026-03-25 20:36:39,0.0,1
7586,16,82,2026-03-25 20:52:00,0.0291,1
11816,65,15,2026-03-25 20:59:34,0.5312,0
2777,89,100,2026-03-25 21:03:16,0.2323,1
8298,118,3,2026-03-25 21:03:49,0.28,0
5221,148,69,2026-03-25 21:04:09,0.9338,0
2223,171,11,2026-03-25 21:11:15,0.5245,0
1849,36,23,2026-03-25 21:20:14,0.6323,0
9562,129,1,2026-03-25 21:46:24,0.6179,0
5354,241,25,2026-03-25 21:50:21,0.2702,0
11097,29,107,2026-03-25 21:52:13,0.2336,1
4696,243,63,2026-03-25 21:52:29,0.6802,0
10092,78,2,2026-03-25 22:50:47,0.4078,0
10777,225,103,2026-03-25 23:26:11,0.7529,0
4120,89,22,2026-03-25 23:47:07,0.0,1
183,52,38,2026-03-25 23:56:25,0.3057,0
11295,145,39,2026-03-25 23:59:57,0.4749,0
881,227,49,2026-03-26 00:19:24,0.603,0
561,213,83,2026-03-26 00:21:43,0.1982,1
8699,39,60,2026-03-26 00:49:34,1.0,0
216,237,82,2026-03-26 00:50:44,0.3817,0
134,115,32,2026-03-26 00:56:33,0.0373,1
7267,99,82,2026-03-26 00:57:04,0.1566,1
10311,153,40,2026-03-26 01:00:41,0.7812,0
11675,80,15,2026-03-26 01:15:42,0.6604,0
7946,104,81,2026-03-26 01:23:56,0.4975,0
2228,99,116,2026-03-26 01:39:04,0.4487,0
11032,158,5,2026-03-26 02:00:31,0.141,1
11020,130,0,2026-03-26 02:11:29,0.3689,0
9293,10,35,2026-03-26 02:21:17,0.2349,1
3847,150,40,2026-03-26 02:24:09,0.9465,0
5365,101,66,2026-03-26 02:40:25,0.39,0
10565,89,16,2026-03-26 02:59:58,0.4135,0
10387,149,25,2026-03-26 03:13:08,0.0816,1
2362,238,111,2026-03-26 03:18:02,0.3181,0
7301,2,52,2026-03-26 03:21:08,0.4309,0
8404,214,61,2026-03-26 03:33:20,0.7704,0
9255,75,60,2026-03-26 03:33:51,0.3849,0
4408,146,12,2026-03-26 03:36:00,0.6813,0
2462,111,36,2026-03-26 03:39:07,0.0862,1
545,180,55,2026-03-26 03:41:31,0.0,1
11010,168,30,2026-03-26 03:54:16,1.0,0
2957,233,25,2026-03-26 04:19:33,0.338,0
1812,178,72,2026-03-26 04:24:24,0.1566,1
3990,210,0,2026-03-26 04:25:30,0.5732,0
11100,224,58,2026-03-26 04:29:27,0.3925,0
10083,73,16,2026-03-26 04:38:06,0.3708,0
4676,122,92,2026-03-26 05:02:47,0.6126,0
652,2,104,2026-03-26 05:31:32,0.1045,1
978,160,88,2026-03-26 05:53:39,0.6682,0
1418,55,56,2026-03-26 05:55:05,0.4634,0
5040,34,2,2026-03-26 05:57:22,0.6145,0
2541,134,10,2026-03-26 06:10:13,1.0,0
9933,36,10,2026-03-26 06:17:15,0.431,0
11354,4,34,2026-03-26 06:22:16,0.8046,0
5207,82,112,2026-03-26 06:23:17,0.9302,0
6218,54,28,2026-03-26 06:51:56,0.0,1
11777,10,21,2026-03-26 06:55:33,0.6427,0
4881,12,50,2026-03-26 07:42:15,0.6872,0
1474,146,89,2026-03-26 07:44:29,0.5434,0
1250,190,31,2026-03-26 07:57:54,0.4177,0
9329,126,93,2026-03-26 08:03:34,0.3838,0
7731,0,113,2026-03-26 08:03:39,0.2986,0
9664,242,94,2026-03-26 08:09:21,0.0,1
7854,203,106,2026-03-26 08:16:40,0.5148,0
765,125,6,2026-03-26 08:52:00,0.6335,0
8583,120,64,2026-03-26 09:00:06,0.5186,0
8083,184,72,2026-03-26 09:25:02,0.4261,0
2146,224,83,2026-03-26 09:37:20,0.5772,0
7137,5,90,2026-03-26 09:44:43,0.105,1
900,112,44,2026-03-26 09:59:18,0.9141,0
8269,104,47,2026-03-26 10:12:39,0.0518,1
7858,109,40,2026-03-26 10:20:18,0.3284,0
6357,128,71,2026-03-26 10:29:47,0.3877,0
11086,118,49,2026-03-26 10:31:27,0.3491,0
1987,230,26,2026-03-26 10:50:12,0.7721,0
11434,84,84,2026-03-26 10:59:02,0.0095,1
6516,99,105,2026-03-26 10:59:05,0.3132,0
2816,5,91,2026-03-26 11:09:49,0.0,1
4138,17,31,2026-03-26 11:19:27,0.0168,1
4065,143,111,2026-03-26 12:27:19,0.1496,1
7081,201,95,2026-03-26 12:44:46,0.2257,1
9972,84,100,2026-03-26 12:52:44,0.0591,1
1922,36,28,2026-03-26 13:15:15,0.0,1
8563,95,19,2026-03-26 13:17:34,0.4526,0
10232,111,8,2026-03-26 13:18:06,0.3863,0
8766,234,76,2026-03-26 13:21:14,0.6338,0
10277,214,4,2026-03-26 13:27:34,0.8854,0
9502,244,93,2026-03-26 13:33:31,0.2507,0
9265,181,60,2026-03-26 13:33:36,0.0834,1
7385,215,114,2026-03-26 13:36:32,0.1444,1
4091,57,40,2026-03-26 13:36:36,0.3473,0
1779,199,102,2026-03-26 13:51:03,0.1357,1
9893,70,21,2026-03-26 13:54:25,0.7385,0
4836,89,84,2026-03-26 14:04:08,0.0996,1
374,78,95,2026-03-26 14:05:38,0.2689,0
11063,77,99,2026-03-26 14:13:34,1.0,0
2665,168,114,2026-03-26 14:14:42,0.3634,0
6946,176,80,2026-03-26 14:33:27,0.4115,0
4365,189,50,2026-03-26 14:34:20,1.0,0
6181,11,98,2026-03-26 15:22:45,0.2442,1
4743,169,3,2026-03-26 15:39:26,0.5928,0
142,246,100,2026-03-26 15:40:36,0.2676,0
3855,236,21,2026-03-26 15:52:09,0.5403,0
5576,211,31,2026-03-26 16:10:08,0.4373,0
9540,217,112,2026-03-26 16:33:09,0.2222,1
10211,208,39,2026-03-26 17:27:09,0.6057,0
8364,90,93,2026-03-26 17:31:41,0.0324,1
1684,19,85,2026-03-26 17:34:16,0.6265,0
7889,95,109,2026-03-26 17:41:36,0.5413,0
8866,118,66,2026-03-26 17:46:37,0.5203,0
2062,227,19,2026-03-26 17:49:00,0.7476,0
7505,68,77,2026-03-26 18:04:10,1.0,0
5264,137,91,2026-03-26 18:25:34,0.0,1
9325,13,78,2026-03-26 18:32:05,0.0,1
9273,26,32,2026-03-26 19:15:14,0.5372,0
4231,176,113,2026-03-26 19:18:05,0.3871,0
3046,143,73,2026-03-26 19:39:05,0.0729,1
2373,210,113,2026-03-26 19:40:22,0.2463,1
4522,31,6,2026-03-26 20:09:14,0.0,1
7192,189,58,2026-03-26 20:15:25,0.7156,0
530,28,0,2026-03-26 20:16:05,0.5554,0
3306,84,43,2026-03-26 20:29:04,0.2658,0
7374,89,19,2026-03-26 20:34:30,0.3193,0
6389,43,114,2026-03-26 20:49:05,0.2949,0
1169,97,74,2026-03-26 20:52:47,0.3122,0
9971,17,85,2026-03-26 21:17:16,0.6589,0
10,11,0,2026-03-26 21:25:30,0.6077,0
11124,39,112,2026-03-26 21:44:43,0.0,1
1332,208,81,2026-03-26 21:59:47,1.0,0
856,41,12,2026-03-26 22:31:31,0.4535,0
2749,223,104,2026-03-26 22:35:35,0.4909,0
9185,119,9,2026-03-26 23:31:35,0.1691,1
371,220,91,2026-03-26 23:54:57,0.0896,1
2429,192,47,2026-03-26 23:59:09,0.1875,1
7811,166,12,2026-03-27 00:14:08,1.0,0
11392,202,25,2026-03-27 00:23:22,0.4667,0
7365,196,30,2026-03-27 00:35:38,0.913,0
7892,192,93,2026-03-27 00:36:56,0.8938,0
4767,173,78,2026-03-27 00:48:04,0.309,0
2769,244,59,2026-03-27 01:00:55,0.5162,0
10107,184,52,2026-03-27 01:13:54,0.6745,0
6768,2,26,2026-03-27 01:18:30,0.0303,1
3579,194,20,2026-03-27 01:30:52,0.3148,0
621,3,65,2026-03-27 01:35:17,0.5204,0
6231,197,113,2026-03-27 01:36:39,0.1814,1
9876,213,31,2026-03-27 01:36:55,0.9709,0
1861,224,8,2026-03-27 01:40:45,0.4673,0
6205,140,50,2026-03-27 01:57:38,0.4778,0
9358,100,103,2026-03-27 02:19:28,0.2638,0
986,162,41,2026-03-27 02:34:47,0.4733,0
6819,123,5,2026-03-27 03:25:53,0.6811,0
9350,133,96,2026-03-27 03:26:56,0.3824,0
1406,198,39,2026-03-27 03:37:27,0.5882,0
5512,34,100,2026-03-27 03:45:14,0.1964,1
7146,214,1,2026-03-27 04:16:35,0.2509,0
5201,57,83,2026-03-27 04:34:05,0.5495,0
7917,34,45,2026-03-27 04:37:01,0.5625,0
10988,207,46,2026-03-27 04:53:44,0.3863,0
6332,107,63,2026-03-27 04:55:29,0.0905,1
6720,9,78,2026-03-27 05:05:45,0.438,0
8043,127,22,2026-03-27 05:57:22,0.4025,0
250,214,52,2026-03-27 06:00:12,0.4921,0
6417,52,3,2026-03-27 06:02:46,0.9923,0
5871,152,19,2026-03-27 06:11:11,0.2725,0
10951,193,50,2026-03-27 06:26:18,0.5161,0
8127,9,23,2026-03-27 06:26:26,0.1515,1
6708,52,27,2026-03-27 06:35:17,0.5772,0
7579,160,9,2026-03-27 07:00:52,0.0309,1
11564,225,16,2026-03-27 07:06:37,0.1876,1
4988,167,7,2026-03-27 07:29:16,0.734,0
1569,141,24,2026-03-27 07:31:39,0.537,0
11502,43,2,2026-03-27 07:32:43,0.5203,0
2034,219,46,2026-03-27 07:51:17,0.2831,0
7944,19,4,2026-03-27 07:51:27,0.3271,0
1026,124,74,2026-03-27 07:53:32,0.2033,1
2779,2,13,2026-03-27 07:55:17,0.1575,1
8854,46,8,2026-03-27 08:00:23,0.077,1
4669,26,25,2026-03-27 08:16:41,0.8766,0
7152,123,57,2026-03-27 08:24:37,0.1891,1
6331,194,3,2026-03-27 08:25:30,0.1515,1
8247,175,112,2026-03-27 08:33:18,0.5163,0
6311,13,40,2026-03-27 09:03:40,0.8223,0
2278,204,112,2026-03-27 09:04:31,0.32,0
10891,169,50,2026-03-27 09:20:35,0.2277,1
9081,249,40,2026-03-27 09:34:55,0.1868,1
7035,244,68,2026-03-27 10:02:52,0.0551,1
10591,155,3,2026-03-27 10:19:19,0.5531,0
5093,132,35,2026-03-27 10:24:09,0.5705,0
7749,242,96,2026-03-27 10:26:45,0.0,1
2817,202,48,2026-03-27 10:38:25,0.3735,0
9702,98,44,2026-03-27 10:48:22,0.2615,0
5923,59,88,2026-03-27 11:04:53,0.2604,0
3238,26,74,2026-03-27 11:07:10,0.4989,0
8705,193,103,2026-03-27 11:11:55,0.5684,0
11,209,112,2026-03-27 11:17:00,0.6758,0
8461,241,93,2026-03-27 11:46:48,0.5796,0
6600,243,23,2026-03-27 12:10:18,0.5887,0
10335,10,78,2026-03-27 12:51:41,0.5166,0
8897,158,32,2026-03-27 13:08:09,0.2009,1
2940,51,61,2026-03-27 13:11:24,0.3652,0
8195,109,73,2026-03-27 13:22:09,0.2278,1
7727,240,44,2026-03-27 13:28:53,0.4579,0
11894,121,37,2026-03-27 13:32:26,0.234,1
9018,20,51,2026-03-27 13:36:29,0.7673,0
6277,169,96,2026-03-27 13:51:23,0.3749,0
11736,49,92,2026-03-27 14:06:36,0.654,0
2995,112,89,2026-03-27 14:07:15,0.131,1
5248,231,108,2026-03-27 14:07:25,0.5449,0
11359,91,80,2026-03-27 14:12:56,0.0,1
7303,42,82,2026-03-27 14:18:54,0.5513,0
1252,158,110,2026-03-27 14:32:43,0.3439,0
3200,214,95,2026-03-27 14:32:52,0.3369,0
1133,67,38,2026-03-27 14:39:32,0.2108,1
5199,181,25,2026-03-27 14:49:44,0.6649,0
3928,223,4,2026-03-27 14:51:17,0.652,0
7551,114,37,2026-03-27 14:53:26,0.8155,0
5863,38,19,2026-03-27 15:09:28,0.4308,0
10361,230,114,2026-03-27 15:20:07,0.57,0
4863,142,23,2026-03-27 15:23:07,0.4359,0
7431,56,17,2026-03-27 15:37:48,0.6011,0
3718,105,117,2026-03-27 15:46:12,0.5591,0
11047,115,6,2026-03-27 15:50:02,0.0213,1
4040,248,14,2026-03-27 16:17:15,0.5542,0
7256,162,26,2026-03-27 16:43:29,0.6181,0
6435,131,62,2026-03-27 16:54:09,0.5613,0
4213,237,84,2026-03-27 17:11:44,1.0,0
1535,29,29,2026-03-27 18:57:41,0.2907,0
2406,119,62,2026-03-27 19:03:27,0.5149,0
9776,104,113,2026-03-27 19:04:08,0.7936,0
7232,135,32,2026-03-27 19:18:35,0.3554,0
8698,61,60,2026-03-27 19:26:18,1.0,0
6491,124,67,2026-03-27 19:26:31,0.6002,0
3635,69,114,2026-03-27 19:38:28,0.1448,1
9722,192,71,2026-03-27 19:39:50,0.173,1
9958,138,73,2026-03-27 19:43:16,0.1912,1
276,69,55,2026-03-27 20:03:31,0.654,0
8554,34,42,2026-03-27 20:03:47,0.8139,0
8387,130,107,2026-03-27 20:14:57,0.779,0
6776,65,106,2026-03-27 20:20:46,0.652,0
10970,119,116,2026-03-27 20:28:29,0.1542,1
5826,49,74,2026-03-27 20:47:50,0.0346,1
2294,108,25,2026-03-27 20:52:25,0.8379,0
329,172,11,2026-03-27 20:56:15,0.2033,1
3471,162,59,2026-03-27 20:57:00,0.3616,0
11496,118,71,2026-03-27 21:20:54,0.0,1
2896,156,88,2026-03-27 21:25:14,0.7198,0
3655,169,16,2026-03-27 21:25:15,0.4917,0
7086,88,67,2026-03-27 22:02:56,0.327,0
4399,42,5,2026-03-27 22:05:03,0.4443,0
914,148,45,2026-03-27 22:11:32,0.3186,0
11667,146,89,2026-03-27 22:28:05,0.0,1
6560,50,11,2026-03-27 22:29:21,0.4203,0
960,179,53,2026-03-27 22:32:07,0.6756,0
11274,60,57,2026-03-27 22:33:01,0.0858,1
4524,155,57,2026-03-27 22:50:38,0.6966,0
11338,47,51,2026-03-27 22:57:22,0.105,1
2258,80,73,2026-03-27 23:09:17,0.8681,0
9848,15,82,2026-03-27 23:11:29,0.2117,1
10031,183,30,2026-03-27 23:14:33,0.4608,0
6390,213,3,2026-03-27 23:22:16,0.1283,1
5897,146,5,2026-03-27 23:27:49,0.425,0
2345,35,55,2026-03-27 23:36:21,0.0,1
7805,207,74,2026-03-27 23:45:02,1.0,0
8436,243,71,2026-03-28 00:01:33,0.0912,1
10635,117,13,2026-03-28 00:14:55,0.3883,0
8965,7,40,2026-03-28 00:21:22,0.5551,0
10013,29,81,2026-03-28 00:23:34,0.599,0
11016,150,65,2026-03-28 00:28:35,0.6967,0
9000,140,39,2026-03-28 00:31:35,0.6971,0
5668,218,52,2026-03-28 01:08:34,0.0895,1
7708,79,5,2026-03-28 01:11:39,0.2734,0
10475,162,94,2026-03-28 01:25:52,0.0984,1
5556,120,89,2026-03-28 01:29:16,0.2028,1
2371,74,11,2026-03-28 01:30:46,0.0978,1
221,199,108,2026-03-28 01:36:57,0.471,0
10577,20,24,2026-03-28 01:47:31,0.3909,0
1158,164,2,2026-03-28 01:50:04,0.4003,0
4840,161,12,2026-03-28 01:57:42,0.476,0
8362,223,46,2026-03-28 02:10:26,0.7188,0
6326,244,105,2026-03-28 02:47:49,0.0846,1
11848,0,112,2026-03-28 02:52:11,0.4543,0
513,227,18,2026-03-28 03:10:21,1.0,0
7328,3,8,2026-03-28 03:11:06,0.2874,0
6684,9,111,2026-03-28 03:23:14,0.0758,1
2496,159,37,2026-03-28 03:29:27,0.2532,0
9346,204,73,2026-03-28 03:34:08,0.2016,1
6899,161,70,2026-03-28 04:04:00,0.1423,1
3763,31,60,2026-03-28 04:08:00,0.1409,1
7022,212,34,2026-03-28 04:34:20,0.3428,0
9625,190,56,2026-03-28 04:36:59,0.2006,1
3113,114,27,2026-03-28 04:47:45,0.2245,1
778,89,82,2026-03-28 05:03:00,0.4902,0
9983,106,23,2026-03-28 05:05:01,0.0,1
1174,223,27,2026-03-28 05:15:58,0.7184,0
7610,99,105,2026-03-28 05:28:00,0.4976,0
10622,245,109,2026-03-28 05:35:33,0.0235,1
8106,128,55,2026-03-28 05:40:42,0.4262,0
3965,244,51,2026-03-28 05:51:42,0.446,0
3545,64,9,2026-03-28 05:55:55,0.4089,0
7774,108,72,2026-03-28 06:16:16,0.2045,1
11165,188,73,2026-03-28 06:24:47,0.5078,0
10225,219,28,2026-03-28 06:30:33,0.2357,1
11006,76,115,2026-03-28 06:48:04,0.2565,0
341,124,62,2026-03-28 07:08:51,0.3528,0
8740,144,18,2026-03-28 07:15:05,0.5748,0
2607,40,107,2026-03-28 07:32:54,0.441,0
9580,107,49,2026-03-28 07:48:52,0.3237,0
6309,78,62,2026-03-28 08:00:13,0.48,0
3931,128,78,2026-03-28 08:08:21,0.737,0
445,52,100,2026-03-28 08:20:08,0.6906,0
11817,98,72,2026-03-28 08:22:36,0.1782,1
6289,150,26,2026-03-28 08:38:29,0.0482,1
4394,66,52,2026-03-28 08:54:09,0.0,1
4574,202,4,2026-03-28 08:57:56,0.6931,0
5515,17,97,2026-03-28 09:04:02,0.7603,0
4341,199,95,2026-03-28 09:09:45,0.782,0
4330,176,106,2026-03-28 09:16:27,0.0251,1
4434,169,83,2026-03-28 09:28:46,0.7542,0
9246,139,54,2026-03-28 09:42:49,0.5539,0
261,126,39,2026-03-28 10:09:11,0.1032,1
9295,78,81,2026-03-28 10:20:59,0.5036,0
974,159,22,2026-03-28 11:00:09,0.2683,0
3390,31,20,2026-03-28 11:13:40,0.0079,1
6482,136,81,2026-03-28 11:21:10,0.2137,1
8328,76,53,2026-03-28 11:39:33,0.2374,1
6804,49,13,2026-03-28 11:58:20,0.1612,1
2858,69,88,2026-03-28 11:59:22,0.3358,0
6850,161,42,2026-03-28 11:59:37,0.7807,0
4161,241,15,2026-03-28 12:05:40,1.0,0
7703,224,37,2026-03-28 12:27:22,0.3616,0
11288,156,62,2026-03-28 12:35:23,0.3333,0
4868,217,109,2026-03-28 13:09:35,0.172,1
1808,244,75,2026-03-28 13:35:55,0.337,0
7096,98,79,2026-03-28 13:42:51,0.3053,0
7641,39,22,2026-03-28 13:43:28,0.6794,0
5657,74,83,2026-03-28 13:51:32,0.3452,0
8064,129,40,2026-03-28 14:03:21,0.0191,1
3844,238,82,2026-03-28 14:08:10,0.4227,0
6928,13,51,2026-03-28 14:18:06,0.7133,0
3791,52,47,2026-03-28 14:28:34,0.5616,0
11195,144,55,2026-03-28 14:30:02,0.6017,0
9617,45,42,2026-03-28 14:32:35,0.7418,0
10699,26,100,2026-03-28 14:33:02,0.6087,0
5610,39,72,2026-03-28 14:57:43,0.2847,0
11756,93,110,2026-03-28 15:12:40,0.4957,0
3929,23,11,2026-03-28 15:15:31,0.0634,1
11419,8,3,2026-03-28 15:31:11,0.2442,1
6098,191,61,2026-03-28 15:32:01,0.8542,0
7071,182,76,2026-03-28 15:46:26,0.2197,1
2499,2,24,2026-03-28 15:51:11,0.2997,0
1685,62,43,2026-03-28 16:04:38,0.7336,0
9857,106,112,2026-03-28 16:30:04,0.1516,1
7869,78,58,2026-03-28 16:38:11,0.2735,0
8516,75,81,2026-03-28 16:47:35,0.4465,0
413,156,14,2026-03-28 16:53:22,0.1699,1
7149,61,19,2026-03-28 17:03:29,0.4053,0
1162,6,111,2026-03-28 17:07:45,0.6752,0
40,210,20,2026-03-28 17:25:20,1.0,0
10081,62,53,2026-03-28 17:28:53,0.0876,1
8319,97,87,2026-03-28 17:33:51,0.5578,0
4245,166,51,2026-03-28 17:37:48,0.0111,1
6324,76,16,2026-03-28 18:20:07,0.0491,1
11747,97,96,2026-03-28 18:26:01,0.3179,0
5000,183,94,2026-03-28 18:44:04,0.4313,0
7122,60,24,2026-03-28 19:01:52,0.6419,0
8168,146,3,2026-03-28 19:02:55,0.2897,0
8712,62,22,2026-03-28 19:17:49,0.6183,0
7683,231,78,2026-03-28 19:40:33,0.7072,0
609,247,67,2026-03-28 19:41:29,0.6383,0
11084,249,119,2026-03-28 19:45:22,0.6436,0
9751,103,20,2026-03-28 19:48:50,0.5602,0
984,249,26,2026-03-28 19:49:52,0.4991,0
11270,16,60,2026-03-28 19:55:36,0.0,1
7767,55,109,2026-03-28 19:55:55,0.2455,1
3737,175,101,2026-03-28 20:09:26,0.0,1
7163,62,61,2026-03-28 20:13:04,0.0977,1
3146,72,20,2026-03-28 20:26:00,0.5387,0
74,68,61,2026-03-28 20:30:26,0.0306,1
4140,188,35,2026-03-28 20:42:47,0.2532,0
8325,141,105,2026-03-28 20:43:35,0.0,1
314,23,20,2026-03-28 20:50:00,0.5111,0
11140,190,38,2026-03-28 21:27:32,0.3294,0
2411,65,112,2026-03-28 21:33:09,0.0678,1
2874,113,87,2026-03-28 21:43:04,0.2981,0
9056,204,52,2026-03-28 22:07:37,0.4905,0
4351,42,99,2026-03-28 22:14:35,0.4164,0
10336,104,75,2026-03-28 22:24:45,0.0811,1
6961,185,50,2026-03-28 22:33:57,0.4847,0
11057,87,82,2026-03-28 22:43:26,1.0,0
537,68,20,2026-03-28 23:13:50,0.5456,0
4928,3,20,2026-03-28 23:22:39,0.5662,0
10209,57,73,2026-03-28 23:59:32,0.3687,0
4179,66,104,2026-03-29 00:03:21,0.9629,0
337,108,68,2026-03-29 00:35:13,0.1512,1
11362,207,44,2026-03-29 00:46:46,0.0655,1
4127,97,46,2026-03-29 01:14:00,0.0185,1
5088,237,62,2026-03-29 01:14:57,0.7062,0
8107,89,64,2026-03-29 01:29:36,0.5334,0
7268,23,96,2026-03-29 01:29:58,0.6499,0
847,27,87,2026-03-29 01:59:05,0.1785,1
3155,63,25,2026-03-29 02:00:05,0.0055,1
7130,59,102,2026-03-29 02:02:12,0.3738,0
10851,19,5,2026-03-29 02:10:09,0.3838,0
3184,106,49,2026-03-29 02:13:10,0.4798,0
2372,10,61,2026-03-29 02:13:22,0.2427,1
3338,10,59,2026-03-29 02:15:50,0.5998,0
3467,232,71,2026-03-29 02:16:24,0.8737,0
11707,180,26,2026-03-29 02:21:06,0.6395,0
4369,29,62,2026-03-29 02:23:44,0.4698,0
87,113,76,2026-03-29 02:40:58,0.1135,1
10080,84,95,2026-03-29 02:52:23,0.4078,0
6562,248,8,2026-03-29 02:55:08,0.4657,0
9145,121,118,2026-03-29 03:02:39,0.405,0
7273,228,75,2026-03-29 03:14:08,0.6426,0
1708,55,31,2026-03-29 03:17:34,0.4289,0
8894,196,74,2026-03-29 03:31:11,0.4241,0
6240,195,40,2026-03-29 03:33:25,0.1016,1
2810,9,26,2026-03-29 03:39:20,0.5408,0
5932,95,19,2026-03-29 03:50:52,0.5208,0
851,178,66,2026-03-29 04:06:02,0.0,1
8173,212,57,2026-03-29 04:10:02,0.6298,0
565,183,112,2026-03-29 04:23:27,0.3826,0
10476,231,3,2026-03-29 04:29:48,0.1696,1
4670,118,42,2026-03-29 04:59:49,0.0,1
11329,14,94,2026-03-29 05:11:00,0.4474,0
4651,72,55,2026-03-29 05:39:29,0.2617,0
7732,158,21,2026-03-29 05:53:32,0.3653,0
3360,187,86,2026-03-29 06:04:40,0.3163,0
4706,185,39,2026-03-29 06:34:24,0.8104,0
8119,78,86,2026-03-29 06:41:54,0.4796,0
232,234,88,2026-03-29 07:20:21,0.3363,0
9001,132,41,2026-03-29 07:34:12,0.0649,1
8057,141,13,2026-03-29 07:37:30,0.4592,0
9676,200,56,2026-03-29 07:41:11,0.8244,0
8088,25,49,2026-03-29 07:48:09,0.5763,0
5772,17,63,2026-03-29 07:48:27,0.2365,1
2267,114,89,2026-03-29 08:25:57,0.0929,1
975,127,119,2026-03-29 08:48:08,0.6499,0
9504,156,105,2026-03-29 08:49:09,0.0,1
6250,190,13,2026-03-29 08:53:35,0.474,0
7216,212,99,2026-03-29 08:55:03,0.3688,0
9927,27,107,2026-03-29 09:21:10,0.3479,0
7441,177,80,2026-03-29 09:28:50,0.3262,0
3825,132,59,2026-03-29 09:31:47,1.0,0
4785,65,103,2026-03-29 09:36:17,0.5121,0
10895,57,50,2026-03-29 09:53:39,0.0008,1
89,108,12,2026-03-29 10:00:50,0.2705,0
1980,34,64,2026-03-29 10:04:12,0.014,1
3995,127,100,2026-03-29 10:05:58,0.245,1
4541,19,64,2026-03-29 10:26:05,0.4197,0
10338,10,93,2026-03-29 10:34:57,0.6425,0
4406,141,40,2026-03-29 10:36:05,0.5631,0
7309,241,33,2026-03-29 10:41:41,0.2816,0
639,193,62,2026-03-29 10:47:47,0.3564,0
4466,44,16,2026-03-29 11:12:25,0.6031,0
3120,174,12,2026-03-29 11:13:18,0.6191,0
9997,216,80,2026-03-29 11:13:41,0.0,1
5936,48,96,2026-03-29 11:24:10,0.659,0
11237,185,67,2026-03-29 11:42:22,0.0645,1
10848,91,35,2026-03-29 11:50:53,0.1635,1
4674,184,96,2026-03-29 11:52:20,0.2682,0
2444,187,23,2026-03-29 12:02:59,0.2112,1
6755,14,108,2026-03-29 12:12:55,0.5985,0
2524,92,31,2026-03-29 12:13:35,0.4302,0
8345,164,37,2026-03-29 12:15:49,0.2236,1
6635,157,0,2026-03-29 12:19:23,0.4806,0
6113,123,67,2026-03-29 12:41:07,0.0,1
11101,227,114,2026-03-29 13:15:24,0.0091,1
3207,135,102,2026-03-29 13:24:49,0.7058,0
10045,161,111,2026-03-29 13:29:44,0.2386,1
11035,51,7,2026-03-29 13:30:52,0.4598,0
2847,80,51,2026-03-29 13:31:23,0.0,1
8041,142,90,2026-03-29 13:58:22,0.6793,0
5152,3,90,2026-03-29 14:10:28,0.3864,0
3245,84,53,2026-03-29 14:12:26,0.5912,0
9501,30,18,2026-03-29 14:14:10,0.4701,0
2518,179,17,2026-03-29 14:24:53,0.392,0
3266,91,64,2026-03-29 14:36:49,0.5342,0
10486,64,77,2026-03-29 15:00:02,0.2091,1
7113,95,22,2026-03-29 15:02:45,0.3321,0
8642,86,95,2026-03-29 15:02:47,0.5261,0
6868,230,34,2026-03-29 15:17:36,0.5983,0
9968,105,105,2026-03-29 15:39:17,0.3598,0
5581,19,98,2026-03-29 15:45:23,0.5069,0
7821,165,38,2026-03-29 15:51:42,0.2694,0
11235,175,91,2026-03-29 15:53:39,0.5419,0
631,228,88,2026-03-29 15:53:45,0.3565,0
3923,63,11,2026-03-29 16:00:47,0.4913,0
3449,90,107,2026-03-29 16:05:42,0.5501,0
6075,83,91,2026-03-29 16:08:14,0.6294,0
787,242,102,2026-03-29 16:12:49,0.7672,0
11820,51,87,2026-03-29 16:18:24,0.5447,0
11712,171,95,2026-03-29 16:35:04,0.2553,0
9448,236,54,2026-03-29 16:49:08,0.2131,1
8750,112,77,2026-03-29 16:59:19,0.6442,0
9282,154,100,2026-03-29 17:10:32,0.2347,1
5535,82,17,2026-03-29 17:26:21,0.0,1
1267,30,74,2026-03-29 17:26:50,0.4746,0
5078,168,51,2026-03-29 17:27:10,0.0746,1
796,59,2,2026-03-29 17:30:14,0.1816,1
8875,226,76,2026-03-29 17:42:54,0.4985,0
5961,99,82,2026-03-29 17:52:30,0.0981,1
10072,93,41,2026-03-29 17:53:50,0.0034,1
11920,145,82,2026-03-29 17:56:37,0.0,1
10615,7,28,2026-03-29 18:25:21,0.6949,0
6536,116,3,2026-03-29 18:28:14,0.4536,0
11245,129,99,2026-03-29 18:30:32,0.2374,1
6977,133,41,2026-03-29 18:33:53,0.7518,0
3706,235,117,2026-03-29 18:49:38,0.3194,0
4534,241,22,2026-03-29 19:11:30,0.0113,1
2159,140,69,2026-03-29 19:31:38,0.3993,0
10962,202,113,2026-03-29 19:33:15,0.6866,0
10167,12,110,2026-03-29 19:45:56,0.2398,1
10391,162,26,2026-03-29 19:54:38,1.0,0
9397,215,40,2026-03-29 20:11:52,0.3207,0
7166,99,26,2026-03-29 20:19:12,0.2143,1
6011,116,23,2026-03-29 20:29:51,0.3227,0
154,164,38,2026-03-29 20:34:04,0.3419,0
6208,45,15,2026-03-29 20:42:20,0.2902,0
3785,60,22,2026-03-29 21:38:15,0.6859,0
8289,222,110,2026-03-29 21:57:47,0.2375,1
1722,38,96,2026-03-29 22:21:20,0.3912,0
8286,116,45,2026-03-29 22:48:30,0.2177,1
6891,197,12,2026-03-29 22:52:08,0.6135,0
3428,215,1,2026-03-29 22:53:21,0.4651,0
6530,50,4,2026-03-29 23:06:53,0.3703,0
9736,94,92,2026-03-29 23:17:15,0.279,0
7167,173,79,2026-03-29 23:43:33,0.6034,0
1268,6,21,2026-03-30 00:14:38,0.8225,0
842,152,55,2026-03-30 00:15:50,0.4363,0
7942,72,49,2026-03-30 00:26:25,0.5357,0
8322,117,119,2026-03-30 00:26:54,0.3382,0
8548,191,84,2026-03-30 00:33:06,0.5555,0
1329,238,115,2026-03-30 00:34:00,0.466,0
9496,25,32,2026-03-30 00:36:58,0.5986,0
11111,144,86,2026-03-30 00:47:22,0.7701,0
3220,39,13,2026-03-30 00:50:33,0.5052,0
10396,88,114,2026-03-30 01:03:17,0.2257,1
9032,195,117,2026-03-30 01:03:33,0.0,1
3716,220,32,2026-03-30 01:07:10,0.0126,1
10389,71,99,2026-03-30 01:07:43,0.5504,0
2730,79,43,2026-03-30 01:10:28,0.1639,1
3376,211,53,2026-03-30 01:11:36,0.6221,0
9419,170,83,2026-03-30 01:12:32,0.6039,0
8452,189,77,2026-03-30 01:17:58,0.1582,1
2292,20,17,2026-03-30 01:21:53,0.6811,0
3318,168,116,2026-03-30 01:49:34,0.6144,0
2890,123,52,2026-03-30 01:59:56,0.2196,1
6025,61,11,2026-03-30 02:30:35,0.3347,0
5557,139,71,2026-03-30 02:43:14,0.3733,0
820,192,49,2026-03-30 02:45:52,0.0,1
6091,16,52,2026-03-30 02:52:17,0.5656,0
5188,3,63,2026-03-30 03:05:58,0.5737,0
5306,234,62,2026-03-30 03:07:17,0.5137,0
9943,226,38,2026-03-30 03:08:47,0.2428,1
5385,172,48,2026-03-30 03:17:51,0.0364,1
10091,15,96,2026-03-30 03:47:27,0.2719,0
11839,152,51,2026-03-30 03:53:27,0.3982,0
2535,104,103,2026-03-30 04:00:34,0.3192,0
9139,161,110,2026-03-30 04:12:22,0.288,0
8085,18,21,2026-03-30 04:27:36,0.2655,0
4782,169,31,2026-03-30 04:34:25,0.7415,0
2761,220,55,2026-03-30 04:52:33,0.9389,0
8154,28,52,2026-03-30 04:55:38,0.2644,0
9376,125,29,2026-03-30 05:02:36,0.5275,0
2148,88,17,2026-03-30 05:10:29,0.2429,1
6053,95,84,2026-03-30 05:12:11,0.005,1
7295,177,49,2026-03-30 05:12:40,0.1023,1
10588,193,79,2026-03-30 05:28:53,0.4262,0
2029,173,88,2026-03-30 05:50:59,0.0,1
2235,219,90,2026-03-30 05:56:11,0.3877,0
10668,139,74,2026-03-30 05:56:57,0.3797,0
6639,144,86,2026-03-30 06:03:07,0.8422,0
6584,222,51,2026-03-30 06:04:41,0.1552,1
9741,184,32,2026-03-30 06:10:54,0.0,1
10664,148,57,2026-03-30 06:19:04,0.7413,0
6701,88,95,2026-03-30 06:25:57,0.5967,0
6489,208,98,2026-03-30 06:26:55,0.3053,0
1695,52,61,2026-03-30 06:35:05,0.5381,0
10921,45,27,2026-03-30 06:37:14,0.3169,0
11486,135,77,2026-03-30 06:40:34,0.0791,1
8147,93,114,2026-03-30 07:13:58,0.203,1
2801,94,112,2026-03-30 07:14:21,0.053,1
4347,223,118,2026-03-30 07:15:36,0.1942,1
503,126,14,2026-03-30 07:38:41,0.4336,0
1178,13,59,2026-03-30 07:46:32,0.0498,1
6142,89,10,2026-03-30 07:49:41,0.6338,0
10175,239,99,2026-03-30 08:00:01,0.2203,1
1066,131,51,2026-03-30 08:02:06,0.1392,1
10269,61,39,2026-03-30 08:17:29,0.5332,0
5884,88,30,2026-03-30 08:29:47,0.78,0
8993,207,5,2026-03-30 08:33:20,0.4936,0
10610,222,60,2026-03-30 08:52:51,0.7892,0
11821,97,44,2026-03-30 08:59:33,0.3831,0
2090,239,40,2026-03-30 09:04:43,0.497,0
588,105,116,2026-03-30 09:29:50,0.2037,1
4267,76,59,2026-03-30 09:38:49,0.27,0
3797,144,21,2026-03-30 09:39:34,0.2624,0
6712,218,87,2026-03-30 09:45:36,0.1759,1
7493,170,70,2026-03-30 10:01:21,0.1087,1
617,40,37,2026-03-30 10:01:57,0.1055,1
11731,126,51,2026-03-30 10:04:23,0.0433,1
1974,40,70,2026-03-30 10:18:20,0.1823,1
11019,76,89,2026-03-30 10:37:21,0.6776,0
3025,207,95,2026-03-30 11:00:46,0.4759,0
9055,124,73,2026-03-30 11:01:01,0.2161,1
7238,64,32,2026-03-30 11:01:18,0.2029,1
9982,198,29,2026-03-30 11:10:52,0.0,1
2395,236,64,2026-03-30 11:32:51,0.4305,0
9951,47,118,2026-03-30 11:33:39,0.6497,0
1838,199,28,2026-03-30 11:45:53,0.8051,0
5230,40,40,2026-03-30 11:47:44,0.2604,0
2578,94,63,2026-03-30 12:10:42,0.6311,0
5002,101,43,2026-03-30 12:31:29,0.191,1
2250,57,101,2026-03-30 12:56:51,0.2876,0
1336,116,118,2026-03-30 12:58:33,0.4775,0
11087,175,108,2026-03-30 12:59:16,0.2286,1
11497,158,29,2026-03-30 13:10:57,0.5077,0
768,188,89,2026-03-30 13:24:18,0.6584,0
5262,130,62,2026-03-30 13:25:53,0.1626,1
1119,23,60,2026-03-30 13:44:17,0.0956,1
8425,99,90,2026-03-30 13:53:17,0.6993,0
9421,240,57,2026-03-30 14:04:38,0.3706,0
4125,18,75,2026-03-30 14:05:29,0.163,1
555,178,113,2026-03-30 14:06:25,0.5921,0
2145,227,98,2026-03-30 14:41:00,0.0889,1
7608,139,56,2026-03-30 14:42:14,0.1451,1
8638,211,0,2026-03-30 14:43:37,0.415,0
919,157,74,2026-03-30 14:57:42,0.6559,0
7486,53,11,2026-03-30 15:17:17,0.509,0
4197,126,84,2026-03-30 15:18:29,0.2197,1
7950,34,79,2026-03-30 15:20:51,0.5644,0
5456,186,18,2026-03-30 15:30:46,0.1806,1
6178,176,68,2026-03-30 15:51:50,0.5189,0
295,127,83,2026-03-30 16:05:23,1.0,0
2374,218,23,2026-03-30 16:06:58,0.7339,0
933,247,107,2026-03-30 16:07:54,0.2505,0
3426,191,82,2026-03-30 16:24:20,0.4085,0
11028,75,70,2026-03-30 16:34:18,0.2433,1
1315,180,62,2026-03-30 16:34:33,0.2231,1
9147,232,7,2026-03-30 16:53:55,0.9198,0
11031,97,98,2026-03-30 16:54:03,0.1744,1
11091,214,33,2026-03-30 17:02:16,0.5519,0
8762,209,117,2026-03-30 17:04:45,0.0303,1
11752,11,105,2026-03-30 17:15:03,1.0,0
8834,82,77,2026-03-30 17:24:01,0.6775,0
7696,225,25,2026-03-30 17:39:15,0.1374,1
6478,71,41,2026-03-30 17:44:12,0.0,1
7788,153,111,2026-03-30 17:44:13,0.3753,0
9798,27,102,2026-03-30 17:49:58,0.2018,1
7524,162,89,2026-03-30 17:55:30,0.3377,0
5872,60,110,2026-03-30 18:00:25,0.1683,1
367,138,40,2026-03-30 18:06:39,0.0526,1
2174,86,96,2026-03-30 18:22:28,0.3974,0
4640,85,101,2026-03-30 18:45:50,0.8377,0
4934,216,28,2026-03-30 18:45:55,0.4915,0
10478,201,110,2026-03-30 18:59:47,0.6045,0
9100,119,45,2026-03-30 19:14:02,0.6189,0
9633,10,79,2026-03-30 19:34:45,0.7884,0
6874,97,87,2026-03-30 19:50:39,0.5732,0
1612,17,6,2026-03-30 19:59:34,0.3487,0
2446,226,80,2026-03-30 20:00:35,0.0,1
1061,209,22,2026-03-30 20:04:21,0.5592,0
4477,241,11,2026-03-30 20:14:26,0.0317,1
10653,249,64,2026-03-30 20:25:56,0.4667,0
5904,202,67,2026-03-30 20:30:36,0.7449,0
10611,26,37,2026-03-30 20:36:44,0.5582,0
8142,24,101,2026-03-30 20:44:55,0.0,1
6271,185,1,2026-03-30 21:23:54,0.8676,0
11123,72,21,2026-03-30 21:49:26,0.6184,0
5092,5,84,2026-03-30 22:00:45,0.7105,0
10439,153,66,2026-03-30 22:19:53,0.2893,0
9012,146,87,2026-03-30 22:21:42,0.4606,0
953,220,106,2026-03-30 22:24:44,0.8105,0
8226,68,119,2026-03-30 22:32:16,0.4961,0
5195,239,76,2026-03-30 22:34:54,0.6913,0
7745,97,114,2026-03-30 22:38:35,0.3989,0
10123,59,61,2026-03-30 22:54:50,1.0,0
2386,106,106,2026-03-30 22:58:41,0.4013,0
9422,88,6,2026-03-30 23:05:58,0.6824,0
10015,165,14,2026-03-30 23:11:37,0.5905,0
1804,53,27,2026-03-30 23:32:46,0.4825,0
3380,238,69,2026-03-30 23:35:20,0.0635,1
7902,78,14,2026-03-30 23:42:01,0.185,1
5321,149,70,2026-03-31 00:13:05,0.3638,0
8872,174,77,2026-03-31 00:37:54,0.6744,0
8574,3,2,2026-03-31 00:52:33,0.1112,1
11189,237,10,2026-03-31 00:55:22,0.1284,1
8422,48,73,2026-03-31 00:56:16,0.5253,0
1025,30,70,2026-03-31 01:25:49,0.0746,1
6888,111,17,2026-03-31 01:33:50,0.2532,0
8923,124,110,2026-03-31 01:35:58,1.0,0
6921,124,90,2026-03-31 01:47:58,0.0053,1
1816,123,36,2026-03-31 01:55:42,0.4004,0
10073,162,67,2026-03-31 01:59:34,0.735,0
904,231,91,2026-03-31 02:02:46,0.6084,0
7890,226,76,2026-03-31 02:05:09,0.6798,0
9637,242,19,2026-03-31 02:10:02,0.5624,0
2901,0,49,2026-03-31 02:14:14,0.5131,0
630,168,96,2026-03-31 02:37:13,0.634,0
8368,14,85,2026-03-31 02:45:05,0.3146,0
4791,146,3,2026-03-31 02:48:27,0.0033,1
1765,236,82,2026-03-31 02:49:28,0.4601,0
10616,243,100,2026-03-31 02:57:57,0.2766,0
5819,55,55,2026-03-31 03:04:11,0.5185,0
11134,181,35,2026-03-31 03:27:22,0.0,1
10196,169,21,2026-03-31 03:32:54,0.7516,0
11529,109,78,2026-03-31 03:44:02,0.1088,1
2404,194,65,2026-03-31 03:45:01,0.4436,0
696,192,111,2026-03-31 03:48:47,0.4538,0
7017,14,65,2026-03-31 03:54:02,1.0,0
4677,103,75,2026-03-31 03:58:39,0.4814,0
8661,42,36,2026-03-31 04:07:07,0.3716,0
1697,30,108,2026-03-31 04:16:17,0.4174,0
5466,49,105,2026-03-31 04:20:54,0.6266,0
9395,191,72,2026-03-31 04:31:41,0.4441,0
2007,40,16,2026-03-31 04:43:47,0.261,0
8557,176,116,2026-03-31 04:46:24,0.3663,0
7634,141,113,2026-03-31 04:48:02,0.2891,0
8938,152,79,2026-03-31 04:52:18,0.491,0
1299,100,87,2026-03-31 05:00:49,0.1255,1
1988,146,75,2026-03-31 05:10:46,0.5891,0
1466,22,112,2026-03-31 05:44:30,0.6348,0
10431,196,81,2026-03-31 05:48:46,0.5775,0
5638,165,8,2026-03-31 05:49:48,0.4358,0
9445,5,14,2026-03-31 05:58:08,0.7451,0
7340,132,31,2026-03-31 06:08:28,0.0871,1
8248,45,1,2026-03-31 06:10:15,0.1413,1
6126,99,73,2026-03-31 06:17:31,0.4084,0
595,217,70,2026-03-31 06:29:51,0.8062,0
5194,142,11,2026-03-31 06:48:50,0.6215,0
7648,137,29,2026-03-31 06:48:54,0.4799,0
2569,149,20,2026-03-31 06:54:20,0.0191,1
10411,84,67,2026-03-31 07:01:55,0.5676,0
8927,66,37,2026-03-31 07:48:25,0.204,1
9595,37,37,2026-03-31 08:14:13,0.1832,1
1468,175,26,2026-03-31 08:27:50,0.8396,0
1089,144,61,2026-03-31 08:32:41,0.188,1
5024,116,65,2026-03-31 08:34:40,0.5919,0
9149,225,111,2026-03-31 08:49:53,0.0331,1
8700,240,13,2026-03-31 09:04:34,0.5706,0
3049,166,34,2026-03-31 09:05:26,0.7427,0
6146,67,32,2026-03-31 09:11:37,0.4948,0
7617,35,38,2026-03-31 09:46:39,0.2415,1
4361,245,82,2026-03-31 10:06:15,0.1292,1
1059,156,94,2026-03-31 10:08:58,0.2876,0
6523,135,81,2026-03-31 10:09:37,0.969,0
7082,15,102,2026-03-31 10:11:44,0.2302,1
5896,30,83,2026-03-31 10:14:34,0.2222,1
1472,41,97,2026-03-31 10:23:48,0.1362,1
2836,104,119,2026-03-31 10:26:50,0.6511,0
8116,190,55,2026-03-31 10:27:10,0.2807,0
6281,132,101,2026-03-31 10:32:05,0.7968,0
8657,101,14,2026-03-31 10:45:52,0.2898,0
8090,116,89,2026-03-31 11:45:51,0.4131,0
4395,27,18,2026-03-31 11:57:31,0.131,1
11584,245,43,2026-03-31 11:58:29,0.4422,0
10332,146,49,2026-03-31 12:16:25,1.0,0
3735,227,54,2026-03-31 12:19:15,1.0,0
3935,143,92,2026-03-31 12:22:23,0.4473,0
4172,96,111,2026-03-31 12:30:41,0.5201,0
7768,74,105,2026-03-31 12:33:14,0.0,1
6004,194,17,2026-03-31 12:37:58,0.2295,1
2993,167,98,2026-03-31 12:39:17,0.5242,0
763,143,91,2026-03-31 12:57:51,0.4459,0
2605,4,56,2026-03-31 13:07:01,0.4921,0
10563,108,95,2026-03-31 13:08:22,0.0748,1
10966,81,42,2026-03-31 13:17:26,0.3134,0
2118,7,63,2026-03-31 13:30:44,0.0,1
9264,3,86,2026-03-31 13:54:11,0.2142,1
4543,238,72,2026-03-31 14:08:54,0.2062,1
6884,3,24,2026-03-31 14:23:41,1.0,0
5126,0,92,2026-03-31 14:30:08,0.5267,0
1761,202,117,2026-03-31 14:42:59,0.6431,0
9950,190,117,2026-03-31 14:44:33,0.1324,1
4101,27,105,2026-03-31 15:04:01,0.1733,1
7502,32,53,2026-03-31 15:22:12,0.7159,0
4724,226,53,2026-03-31 15:44:40,0.0,1
10195,125,118,2026-03-31 15:44:57,0.3463,0
11450,81,86,2026-03-31 15:53:40,0.0,1
11482,199,60,2026-03-31 15:57:02,0.703,0
6990,135,7,2026-03-31 16:05:00,0.0989,1
9062,29,102,2026-03-31 16:22:31,0.529,0
8456,170,27,2026-03-31 16:25:18,0.7007,0
8397,204,56,2026-03-31 16:40:13,0.5831,0
8590,44,53,2026-03-31 16:46:59,0.1265,1
640,49,32,2026-03-31 16:52:42,0.1993,1
3137,212,97,2026-03-31 17:29:12,0.7227,0
10053,193,29,2026-03-31 17:56:15,0.3867,0
5181,44,42,2026-03-31 18:06:28,0.3353,0
10064,238,73,2026-03-31 18:07:56,0.1583,1
5934,172,36,2026-03-31 18:17:42,0.0958,1
5521,173,50,2026-03-31 18:53:55,0.6418,0
11505,249,47,2026-03-31 19:04:23,0.3624,0
7201,159,111,2026-03-31 19:16:00,0.5635,0
5450,212,73,2026-03-31 19:16:39,0.3176,0
5233,70,59,2026-03-31 19:26:46,0.5631,0
2172,147,114,2026-03-31 19:41:06,0.7117,0
7460,114,21,2026-03-31 19:52:52,0.0,1
6230,73,16,2026-03-31 20:05:29,0.4138,0
8234,100,22,2026-03-31 20:13:44,0.4815,0
3480,19,88,2026-03-31 20:21:21,0.0208,1
11240,79,40,2026-03-31 20:43:02,0.0731,1
1017,204,39,2026-03-31 21:03:15,0.6248,0
2286,35,6,2026-03-31 21:11:38,0.0,1
10580,95,6,2026-03-31 21:32:21,0.437,0
226,191,69,2026-03-31 21:33:14,0.5492,0
7770,160,92,2026-03-31 21:48:15,0.1442,1
8695,86,78,2026-03-31 22:06:35,0.6742,0
11503,223,28,2026-03-31 22:07:31,0.352,0
1051,38,119,2026-03-31 22:38:55,0.3743,0
8876,132,110,2026-03-31 22:41:31,0.3749,0
7795,33,87,2026-03-31 22:48:18,0.1143,1
10066,116,40,2026-03-31 23:04:57,0.3589,0
5113,165,101,2026-03-31 23:07:46,0.1704,1
11879,249,7,2026-03-31 23:14:14,0.8884,0
4473,210,23,2026-03-31 23:18:37,0.1989,1
8628,149,10,2026-03-31 23:32:19,0.4152,0
1905,58,50,2026-03-31 23:51:08,0.0061,1
