tenant_id,content_id,title,genre,description,base_price
t1,item-0,Synthetic electronic Event 0,electronic,"Synthetic event 0 featuring electronic, live music and tickets",128.35
t1,item-1,Synthetic jazz Event 1,jazz,"Synthetic event 1 featuring jazz, live music and tickets",81.44
t1,item-2,Synthetic latin Event 2,latin,"Synthetic event 2 featuring latin, live music and tickets",140.2
t1,item-3,Synthetic ambient Event 3,ambient,"Synthetic event 3 featuring ambient, live music and tickets",117.63
t1,item-4,Synthetic rock Event 4,rock,"Synthetic event 4 featuring rock, live music and tickets",33.18
t1,item-5,Synthetic classical Event 5,classical,"Synthetic event 5 featuring classical, live music and tickets",156.59
t1,item-6,Synthetic electronic Event 6,electronic,"Synthetic event 6 featuring electronic, live music and tickets",126.56
t1,item-7,Synthetic jazz Event 7,jazz,"Synthetic event 7 featuring jazz, live music and tickets",130.05
t1,item-8,Synthetic latin Event 8,latin,"Synthetic event 8 featuring latin, live music and tickets",37.94
t1,item-9,Synthetic ambient Event 9,ambient,"Synthetic event 9 featuring ambient, live music and tickets",83.05
t1,item-10,Synthetic rock Event 10,rock,"Synthetic event 10 featuring rock, live music and tickets",71.91
t1,item-11,Synthetic classical Event 11,classical,"Synthetic event 11 featuring classical, live music and tickets",149.75
t1,item-12,Synthetic electronic Event 12,electronic,"Synthetic event 12 featuring electronic, live music and tickets",110.14
t1,item-13,Synthetic jazz Event 13,jazz,"Synthetic event 13 featuring jazz, live music and tickets",135.19
t1,item-14,Synthetic latin Event 14,latin,"Synthetic event 14 featuring latin, live music and tickets",82.08
t1,item-15,Synthetic ambient Event 15,ambient,"Synthetic event 15 featuring ambient, live music and tickets",51.81
t1,item-16,Synthetic rock Event 16,rock,"Synthetic event 16 featuring rock, live music and tickets",97.64
t1,item-17,Synthetic classical Event 17,classical,"Synthetic event 17 featuring classical, live music and tickets",28.93
t1,item-18,Synthetic electronic Event 18,electronic,"Synthetic event 18 featuring electronic, live music and tickets",135.87
t1,item-19,Synthetic jazz Event 19,jazz,"Synthetic event 19 featuring jazz, live music and tickets",108.43
t1,item-20,Synthetic latin Event 20,latin,"Synthetic event 20 featuring latin, live music and tickets",126.13
t1,item-21,Synthetic ambient Event 21,ambient,"Synthetic event 21 featuring ambient, live music and tickets",69.63
t1,item-22,Synthetic rock Event 22,rock,"Synthetic event 22 featuring rock, live music and tickets",155.9
t1,item-23,Synthetic classical Event 23,classical,"Synthetic event 23 featuring classical, live music and tickets",145.04
t1,item-24,Synthetic electronic Event 24,electronic,"Synthetic event 24 featuring electronic, live music and tickets",128.97
t1,item-25,Synthetic jazz Event 25,jazz,"Synthetic event 25 featuring jazz, live music and tickets",47.25
t1,item-26,Synthetic latin Event 26,latin,"Synthetic event 26 featuring latin, live music and tickets",85.34
t1,item-27,Synthetic ambient Event 27,ambient,"Synthetic event 27 featuring ambient, live music and tickets",26.13
t1,item-28,Synthetic rock Event 28,rock,"Synthetic event 28 featuring rock, live music and tickets",41.6
t1,item-29,Synthetic classical Event 29,classical,"Synthetic event 29 featuring classical, live music and tickets",115.63
t1,item-30,Synthetic electronic Event 30,electronic,"Synthetic event 30 featuring electronic, live music and tickets",124.27
t1,item-31,Synthetic jazz Event 31,jazz,"Synthetic event 31 featuring jazz, live music and tickets",155.45
t1,item-32,Synthetic latin Event 32,latin,"Synthetic event 32 featuring latin, live music and tickets",65.62
t1,item-33,Synthetic ambient Event 33,ambient,"Synthetic event 33 featuring ambient, live music and tickets",71.86
t1,item-34,Synthetic rock Event 34,rock,"Synthetic event 34 featuring rock, live music and tickets",85.74
t1,item-35,Synthetic classical Event 35,classical,"Synthetic event 35 featuring classical, live music and tickets",46.53
t1,item-36,Synthetic electronic Event 36,electronic,"Synthetic event 36 featuring electronic, live music and tickets",38.19
t1,item-37,Synthetic jazz Event 37,jazz,"Synthetic event 37 featuring jazz, live music and tickets",86.6
t1,item-38,Synthetic latin Event 38,latin,"Synthetic event 38 featuring latin, live music and tickets",51.77
t1,item-39,Synthetic ambient Event 39,ambient,"Synthetic event 39 featuring ambient, live music and tickets",113.77
t1,item-40,Synthetic rock Event 40,rock,"Synthetic event 40 featuring rock, live music and tickets",81.2
t1,item-41,Synthetic classical Event 41,classical,"Synthetic event 41 featuring classical, live music and tickets",136.57
t1,item-42,Synthetic electronic Event 42,electronic,"Synthetic event 42 featuring electronic, live music and tickets",118.04
t1,item-43,Synthetic jazz Event 43,jazz,"Synthetic event 43 featuring jazz, live music and tickets",63.73
t1,item-44,Synthetic latin Event 44,latin,"Synthetic event 44 featuring latin, live music and tickets",136.52
t1,item-45,Synthetic ambient Event 45,ambient,"Synthetic event 45 featuring ambient, live music and tickets",132.67
t1,item-46,Synthetic rock Event 46,rock,"Synthetic event 46 featuring rock, live music and tickets",74.25
t1,item-47,Synthetic classical Event 47,classical,"Synthetic event 47 featuring classical, live music and tickets",60.37
t1,item-48,Synthetic electronic Event 48,electronic,"Synthetic event 48 featuring electronic, live music and tickets",115.55
t1,item-49,Synthetic jazz Event 49,jazz,"Synthetic event 49 featuring jazz, live music and tickets",39.57
t1,item-50,Synthetic latin Event 50,latin,"Synthetic event 50 featuring latin, live music and tickets",47.99
t1,item-51,Synthetic ambient Event 51,ambient,"Synthetic event 51 featuring ambient, live music and tickets",21.03
t1,item-52,Synthetic rock Event 52,rock,"Synthetic event 52 featuring rock, live music and tickets",130.17
t1,item-53,Synthetic classical Event 53,classical,"Synthetic event 53 featuring classical, live music and tickets",113.08
t1,item-54,Synthetic electronic Event 54,electronic,"Synthetic event 54 featuring electronic, live music and tickets",118.72
t1,item-55,Synthetic jazz Event 55,jazz,"Synthetic event 55 featuring jazz, live music and tickets",129.3
t1,item-56,Synthetic latin Event 56,latin,"Synthetic event 56 featuring latin, live music and tickets",84.25
t1,item-57,Synthetic ambient Event 57,ambient,"Synthetic event 57 featuring ambient, live music and tickets",99.62
t1,item-58,Synthetic rock Event 58,rock,"Synthetic event 58 featuring rock, live music and tickets",39.57
t1,item-59,Synthetic classical Event 59,classical,"Synthetic event 59 featuring classical, live music and tickets",36.03
t1,item-60,Synthetic electronic Event 60,electronic,"Synthetic event 60 featuring electronic, live music and tickets",113.58
t1,item-61,Synthetic jazz Event 61,jazz,"Synthetic event 61 featuring jazz, live music and tickets",85.95
t1,item-62,Synthetic latin Event 62,latin,"Synthetic event 62 featuring latin, live music and tickets",99.13
t1,item-63,Synthetic ambient Event 63,ambient,"Synthetic event 63 featuring ambient, live music and tickets",127.1
t1,item-64,Synthetic rock Event 64,rock,"Synthetic event 64 featuring rock, live music and tickets",108.86
t1,item-65,Synthetic classical Event 65,classical,"Synthetic event 65 featuring classical, live music and tickets",97.5
t1,item-66,Synthetic electronic Event 66,electronic,"Synthetic event 66 featuring electronic, live music and tickets",98.29
t1,item-67,Synthetic jazz Event 67,jazz,"Synthetic event 67 featuring jazz, live music and tickets",62.55
t1,item-68,Synthetic latin Event 68,latin,"Synthetic event 68 featuring latin, live music and tickets",24.31
t1,item-69,Synthetic ambient Event 69,ambient,"Synthetic event 69 featuring ambient, live music and tickets",81.14
t1,item-70,Synthetic rock Event 70,rock,"Synthetic event 70 featuring rock, live music and tickets",50.04
t1,item-71,Synthetic classical Event 71,classical,"Synthetic event 71 featuring classical, live music and tickets",77.19
t1,item-72,Synthetic electronic Event 72,electronic,"Synthetic event 72 featuring electronic, live music and tickets",139.48
t1,item-73,Synthetic jazz Event 73,jazz,"Synthetic event 73 featuring jazz, live music and tickets",52.75
t1,item-74,Synthetic latin Event 74,latin,"Synthetic event 74 featuring latin, live music and tickets",28.16
t1,item-75,Synthetic ambient Event 75,ambient,"Synthetic event 75 featuring ambient, live music and tickets",59.39
t1,item-76,Synthetic rock Event 76,rock,"Synthetic event 76 featuring rock, live music and tickets",61.1
t1,item-77,Synthetic classical Event 77,classical,"Synthetic event 77 featuring classical, live music and tickets",112.67
t1,item-78,Synthetic electronic Event 78,electronic,"Synthetic event 78 featuring electronic, live music and tickets",97.98
t1,item-79,Synthetic jazz Event 79,jazz,"Synthetic event 79 featuring jazz, live music and tickets",129.75
t1,item-80,Synthetic latin Event 80,latin,"Synthetic event 80 featuring latin, live music and tickets",113.0
t1,item-81,Synthetic ambient Event 81,ambient,"Synthetic event 81 featuring ambient, live music and tickets",76.89
t1,item-82,Synthetic rock Event 82,rock,"Synthetic event 82 featuring rock, live music and tickets",133.96
t1,item-83,Synthetic classical Event 83,classical,"Synthetic event 83 featuring classical, live music and tickets",43.38
t1,item-84,Synthetic electronic Event 84,electronic,"Synthetic event 84 featuring electronic, live music and tickets",23.18
t1,item-85,Synthetic jazz Event 85,jazz,"Synthetic event 85 featuring jazz, live music and tickets",32.61
t1,item-86,Synthetic latin Event 86,latin,"Synthetic event 86 featuring latin, live music and tickets",121.13
t1,item-87,Synthetic ambient Event 87,ambient,"Synthetic event 87 featuring ambient, live music and tickets",84.66
t1,item-88,Synthetic rock Event 88,rock,"Synthetic event 88 featuring rock, live music and tickets",42.58
t1,item-89,Synthetic classical Event 89,classical,"Synthetic event 89 featuring classical, live music and tickets",90.15
t1,item-90,Synthetic electronic Event 90,electronic,"Synthetic event 90 featuring electronic, live music and tickets",41.32
t1,item-91,Synthetic jazz Event 91,jazz,"Synthetic event 91 featuring jazz, live music and tickets",117.48
t1,item-92,Synthetic latin Event 92,latin,"Synthetic event 92 featuring latin, live music and tickets",82.46
t1,item-93,Synthetic ambient Event 93,ambient,"Synthetic event 93 featuring ambient, live music and tickets",73.34
t1,item-94,Synthetic rock Event 94,rock,"Synthetic event 94 featuring rock, live music and tickets",62.21
t1,item-95,Synthetic classical Event 95,classical,"Synthetic event 95 featuring classical, live music and tickets",108.24
t1,item-96,Synthetic electronic Event 96,electronic,"Synthetic event 96 featuring electronic, live music and tickets",70.65
t1,item-97,Synthetic jazz Event 97,jazz,"Synthetic event 97 featuring jazz, live music and tickets",32.27
t1,item-98,Synthetic latin Event 98,latin,"Synthetic event 98 featuring latin, live music and tickets",36.52
t1,item-99,Synthetic ambient Event 99,ambient,"Synthetic event 99 featuring ambient, live music and tickets",154.67
t1,item-100,Synthetic rock Event 100,rock,"Synthetic event 100 featuring rock, live music and tickets",147.2
t1,item-101,Synthetic classical Event 101,classical,"Synthetic event 101 featuring classical, live music and tickets",117.96
t1,item-102,Synthetic electronic Event 102,electronic,"Synthetic event 102 featuring electronic, live music and tickets",57.22
t1,item-103,Synthetic jazz Event 103,jazz,"Synthetic event 103 featuring jazz, live music and tickets",155.68
t1,item-104,Synthetic latin Event 104,latin,"Synthetic event 104 featuring latin, live music and tickets",129.03
t1,item-105,Synthetic ambient Event 105,ambient,"Synthetic event 105 featuring ambient, live music and tickets",120.36
t1,item-106,Synthetic rock Event 106,rock,"Synthetic event 106 featuring rock, live music and tickets",82.91
t1,item-107,Synthetic classical Event 107,classical,"Synthetic event 107 featuring classical, live music and tickets",58.11
t1,item-108,Synthetic electronic Event 108,electronic,"Synthetic event 108 featuring electronic, live music and tickets",33.49
t1,item-109,Synthetic jazz Event 109,jazz,"Synthetic event 109 featuring jazz, live music and tickets",146.36
t1,item-110,Synthetic latin Event 110,latin,"Synthetic event 110 featuring latin, live music and tickets",83.81
t1,item-111,Synthetic ambient Event 111,ambient,"Synthetic event 111 featuring ambient, live music and tickets",48.33
t1,item-112,Synthetic rock Event 112,rock,"Synthetic event 112 featuring rock, live music and tickets",62.83
t1,item-113,Synthetic classical Event 113,classical,"Synthetic event 113 featuring classical, live music and tickets",101.09
t1,item-114,Synthetic electronic Event 114,electronic,"Synthetic event 114 featuring electronic, live music and tickets",44.75
t1,item-115,Synthetic jazz Event 115,jazz,"Synthetic event 115 featuring jazz, live music and tickets",139.93
t1,item-116,Synthetic latin Event 116,latin,"Synthetic event 116 featuring latin, live music and tickets",126.19
t1,item-117,Synthetic ambient Event 117,ambient,"Synthetic event 117 featuring ambient, live music and tickets",120.72
t1,item-118,Synthetic rock Event 118,rock,"Synthetic event 118 featuring rock, live music and tickets",80.49
t1,item-119,Synthetic classical Event 119,classical,"Synthetic event 119 featuring classical, live music and tickets",107.82
t1,item-120,Synthetic electronic Event 120,electronic,"Synthetic event 120 featuring electronic, live music and tickets",101.77
t1,item-121,Synthetic jazz Event 121,jazz,"Synthetic event 121 featuring jazz, live music and tickets",110.98
t1,item-122,Synthetic latin Event 122,latin,"Synthetic event 122 featuring latin, live music and tickets",31.82
t1,item-123,Synthetic ambient Event 123,ambient,"Synthetic event 123 featuring ambient, live music and tickets",78.21
t1,item-124,Synthetic rock Event 124,rock,"Synthetic event 124 featuring rock, live music and tickets",25.83
t1,item-125,Synthetic classical Event 125,classical,"Synthetic event 125 featuring classical, live music and tickets",89.16
t1,item-126,Synthetic electronic Event 126,electronic,"Synthetic event 126 featuring electronic, live music and tickets",66.18
t1,item-127,Synthetic jazz Event 127,jazz,"Synthetic event 127 featuring jazz, live music and tickets",40.23
t1,item-128,Synthetic latin Event 128,latin,"Synthetic event 128 featuring latin, live music and tickets",34.48
t1,item-129,Synthetic ambient Event 129,ambient,"Synthetic event 129 featuring ambient, live music and tickets",102.27
t1,item-130,Synthetic rock Event 130,rock,"Synthetic event 130 featuring rock, live music and tickets",43.88
t1,item-131,Synthetic classical Event 131,classical,"Synthetic event 131 featuring classical, live music and tickets",149.52
t1,item-132,Synthetic electronic Event 132,electronic,"Synthetic event 132 featuring electronic, live music and tickets",101.35
t1,item-133,Synthetic jazz Event 133,jazz,"Synthetic event 133 featuring jazz, live music and tickets",68.56
t1,item-134,Synthetic latin Event 134,latin,"Synthetic event 134 featuring latin, live music and tickets",102.73
t1,item-135,Synthetic ambient Event 135,ambient,"Synthetic event 135 featuring ambient, live music and tickets",23.19
t1,item-136,Synthetic rock Event 136,rock,"Synthetic event 136 featuring rock, live music and tickets",154.2
t1,item-137,Synthetic classical Event 137,classical,"Synthetic event 137 featuring classical, live music and tickets",87.52
t1,item-138,Synthetic electronic Event 138,electronic,"Synthetic event 138 featuring electronic, live music and tickets",129.58
t1,item-139,Synthetic jazz Event 139,jazz,"Synthetic event 139 featuring jazz, live music and tickets",31.58
t1,item-140,Synthetic latin Event 140,latin,"Synthetic event 140 featuring latin, live music and tickets",88.13
t1,item-141,Synthetic ambient Event 141,ambient,"Synthetic event 141 featuring ambient, live music and tickets",88.7
t1,item-142,Synthetic rock Event 142,rock,"Synthetic event 142 featuring rock, live music and tickets",151.3
t1,item-143,Synthetic classical Event 143,classical,"Synthetic event 143 featuring classical, live music and tickets",100.04
t1,item-144,Synthetic electronic Event 144,electronic,"Synthetic event 144 featuring electronic, live music and tickets",86.29
t1,item-145,Synthetic jazz Event 145,jazz,"Synthetic event 145 featuring jazz, live music and tickets",57.38
t1,item-146,Synthetic latin Event 146,latin,"Synthetic event 146 featuring latin, live music and tickets",66.42
t1,item-147,Synthetic ambient Event 147,ambient,"Synthetic event 147 featuring ambient, live music and tickets",92.89
t1,item-148,Synthetic rock Event 148,rock,"Synthetic event 148 featuring rock, live music and tickets",81.45
t1,item-149,Synthetic classical Event 149,classical,"Synthetic event 149 featuring classical, live music and tickets",23.03
t1,item-150,Synthetic electronic Event 150,electronic,"Synthetic event 150 featuring electronic, live music and tickets",135.68
t1,item-151,Synthetic jazz Event 151,jazz,"Synthetic event 151 featuring jazz, live music and tickets",145.46
t1,item-152,Synthetic latin Event 152,latin,"Synthetic event 152 featuring latin, live music and tickets",39.63
t1,item-153,Synthetic ambient Event 153,ambient,"Synthetic event 153 featuring ambient, live music and tickets",97.57
t1,item-154,Synthetic rock Event 154,rock,"Synthetic event 154 featuring rock, live music and tickets",35.2
t1,item-155,Synthetic classical Event 155,classical,"Synthetic event 155 featuring classical, live music and tickets",114.11
t1,item-156,Synthetic electronic Event 156,electronic,"Synthetic event 156 featuring electronic, live music and tickets",59.37
t1,item-157,Synthetic jazz Event 157,jazz,"Synthetic event 157 featuring jazz, live music and tickets",112.32
t1,item-158,Synthetic latin Event 158,latin,"Synthetic event 158 featuring latin, live music and tickets",121.78
t1,item-159,Synthetic ambient Event 159,ambient,"Synthetic event 159 featuring ambient, live music and tickets",127.61
t1,item-160,Synthetic rock Event 160,rock,"Synthetic event 160 featuring rock, live music and tickets",35.08
t1,item-161,Synthetic classical Event 161,classical,"Synthetic event 161 featuring classical, live music and tickets",148.24
t1,item-162,Synthetic electronic Event 162,electronic,"Synthetic event 162 featuring electronic, live music and tickets",52.23
t1,item-163,Synthetic jazz Event 163,jazz,"Synthetic event 163 featuring jazz, live music and tickets",25.24
t1,item-164,Synthetic latin Event 164,latin,"Synthetic event 164 featuring latin, live music and tickets",97.68
t1,item-165,Synthetic ambient Event 165,ambient,"Synthetic event 165 featuring ambient, live music and tickets",71.93
t1,item-166,Synthetic rock Event 166,rock,"Synthetic event 166 featuring rock, live music and tickets",136.17
t1,item-167,Synthetic classical Event 167,classical,"Synthetic event 167 featuring classical, live music and tickets",133.16
t1,item-168,Synthetic electronic Event 168,electronic,"Synthetic event 168 featuring electronic, live music and tickets",64.4
t1,item-169,Synthetic jazz Event 169,jazz,"Synthetic event 169 featuring jazz, live music and tickets",153.41
t1,item-170,Synthetic latin Event 170,latin,"Synthetic event 170 featuring latin, live music and tickets",60.73
t1,item-171,Synthetic ambient Event 171,ambient,"Synthetic event 171 featuring ambient, live music and tickets",92.11
t1,item-172,Synthetic rock Event 172,rock,"Synthetic event 172 featuring rock, live music and tickets",55.84
t1,item-173,Synthetic classical Event 173,classical,"Synthetic event 173 featuring classical, live music and tickets",151.05
t1,item-174,Synthetic electronic Event 174,electronic,"Synthetic event 174 featuring electronic, live music and tickets",43.05
t1,item-175,Synthetic jazz Event 175,jazz,"Synthetic event 175 featuring jazz, live music and tickets",26.29
t1,item-176,Synthetic latin Event 176,latin,"Synthetic event 176 featuring latin, live music and tickets",80.91
t1,item-177,Synthetic ambient Event 177,ambient,"Synthetic event 177 featuring ambient, live music and tickets",158.93
t1,item-178,Synthetic rock Event 178,rock,"Synthetic event 178 featuring rock, live music and tickets",144.83
t1,item-179,Synthetic classical Event 179,classical,"Synthetic event 179 featuring classical, live music and tickets",124.81
t1,item-180,Synthetic electronic Event 180,electronic,"Synthetic event 180 featuring electronic, live music and tickets",144.71
t1,item-181,Synthetic jazz Event 181,jazz,"Synthetic event 181 featuring jazz, live music and tickets",145.08
t1,item-182,Synthetic latin Event 182,latin,"Synthetic event 182 featuring latin, live music and tickets",92.64
t1,item-183,Synthetic ambient Event 183,ambient,"Synthetic event 183 featuring ambient, live music and tickets",64.23
t1,item-184,Synthetic rock Event 184,rock,"Synthetic event 184 featuring rock, live music and tickets",128.08
t1,item-185,Synthetic classical Event 185,classical,"Synthetic event 185 featuring classical, live music and tickets",112.63
t1,item-186,Synthetic electronic Event 186,electronic,"Synthetic event 186 featuring electronic, live music and tickets",72.31
t1,item-187,Synthetic jazz Event 187,jazz,"Synthetic event 187 featuring jazz, live music and tickets",33.23
t1,item-188,Synthetic latin Event 188,latin,"Synthetic event 188 featuring latin, live music and tickets",124.55
t1,item-189,Synthetic ambient Event 189,ambient,"Synthetic event 189 featuring ambient, live music and tickets",56.74
t1,item-190,Synthetic rock Event 190,rock,"Synthetic event 190 featuring rock, live music and tickets",151.15
t1,item-191,Synthetic classical Event 191,classical,"Synthetic event 191 featuring classical, live music and tickets",53.74
t1,item-192,Synthetic electronic Event 192,electronic,"Synthetic event 192 featuring electronic, live music and tickets",37.19
t1,item-193,Synthetic jazz Event 193,jazz,"Synthetic event 193 featuring jazz, live music and tickets",136.36
t1,item-194,Synthetic latin Event 194,latin,"Synthetic event 194 featuring latin, live music and tickets",41.46
t1,item-195,Synthetic ambient Event 195,ambient,"Synthetic event 195 featuring ambient, live music and tickets",45.1
t1,item-196,Synthetic rock Event 196,rock,"Synthetic event 196 featuring rock, live music and tickets",103.91
t1,item-197,Synthetic classical Event 197,classical,"Synthetic event 197 featuring classical, live music and tickets",142.44
t1,item-198,Synthetic electronic Event 198,electronic,"Synthetic event 198 featuring electronic, live music and tickets",47.5
t1,item-199,Synthetic jazz Event 199,jazz,"Synthetic event 199 featuring jazz, live music and tickets",63.45
t1,item-200,Synthetic latin Event 200,latin,"Synthetic event 200 featuring latin, live music and tickets",128.84
t1,item-201,Synthetic ambient Event 201,ambient,"Synthetic event 201 featuring ambient, live music and tickets",156.06
t1,item-202,Synthetic rock Event 202,rock,"Synthetic event 202 featuring rock, live music and tickets",90.1
t1,item-203,Synthetic classical Event 203,classical,"Synthetic event 203 featuring classical, live music and tickets",40.15
t1,item-204,Synthetic electronic Event 204,electronic,"Synthetic event 204 featuring electronic, live music and tickets",21.95
t1,item-205,Synthetic jazz Event 205,jazz,"Synthetic event 205 featuring jazz, live music and tickets",52.15
t1,item-206,Synthetic latin Event 206,latin,"Synthetic event 206 featuring latin, live music and tickets",38.46
t1,item-207,Synthetic ambient Event 207,ambient,"Synthetic event 207 featuring ambient, live music and tickets",114.87
t1,item-208,Synthetic rock Event 208,rock,"Synthetic event 208 featuring rock, live music and tickets",37.06
t1,item-209,Synthetic classical Event 209,classical,"Synthetic event 209 featuring classical, live music and tickets",90.89
t1,item-210,Synthetic electronic Event 210,electronic,"Synthetic event 210 featuring electronic, live music and tickets",117.2
t1,item-211,Synthetic jazz Event 211,jazz,"Synthetic event 211 featuring jazz, live music and tickets",101.36
t1,item-212,Synthetic latin Event 212,latin,"Synthetic event 212 featuring latin, live music and tickets",47.97
t1,item-213,Synthetic ambient Event 213,ambient,"Synthetic event 213 featuring ambient, live music and tickets",132.58
t1,item-214,Synthetic rock Event 214,rock,"Synthetic event 214 featuring rock, live music and tickets",120.16
t1,item-215,Synthetic classical Event 215,classical,"Synthetic event 215 featuring classical, live music and tickets",123.46
t1,item-216,Synthetic electronic Event 216,electronic,"Synthetic event 216 featuring electronic, live music and tickets",38.35
t1,item-217,Synthetic jazz Event 217,jazz,"Synthetic event 217 featuring jazz, live music and tickets",37.33
t1,item-218,Synthetic latin Event 218,latin,"Synthetic event 218 featuring latin, live music and tickets",149.86
t1,item-219,Synthetic ambient Event 219,ambient,"Synthetic event 219 featuring ambient, live music and tickets",75.66
t1,item-220,Synthetic rock Event 220,rock,"Synthetic event 220 featuring rock, live music and tickets",62.13
t1,item-221,Synthetic classical Event 221,classical,"Synthetic event 221 featuring classical, live music and tickets",88.4
t1,item-222,Synthetic electronic Event 222,electronic,"Synthetic event 222 featuring electronic, live music and tickets",112.8
t1,item-223,Synthetic jazz Event 223,jazz,"Synthetic event 223 featuring jazz, live music and tickets",153.79
t1,item-224,Synthetic latin Event 224,latin,"Synthetic event 224 featuring latin, live music and tickets",60.1
t1,item-225,Synthetic ambient Event 225,ambient,"Synthetic event 225 featuring ambient, live music and tickets",149.47
t1,item-226,Synthetic rock Event 226,rock,"Synthetic event 226 featuring rock, live music and tickets",23.48
t1,item-227,Synthetic classical Event 227,classical,"Synthetic event 227 featuring classical, live music and tickets",97.73
t1,item-228,Synthetic electronic Event 228,electronic,"Synthetic event 228 featuring electronic, live music and tickets",108.76
t1,item-229,Synthetic jazz Event 229,jazz,"Synthetic event 229 featuring jazz, live music and tickets",34.83
t1,item-230,Synthetic latin Event 230,latin,"Synthetic event 230 featuring latin, live music and tickets",39.65
t1,item-231,Synthetic ambient Event 231,ambient,"Synthetic event 231 featuring ambient, live music and tickets",78.68
t1,item-232,Synthetic rock Event 232,rock,"Synthetic event 232 featuring rock, live music and tickets",155.27
t1,item-233,Synthetic classical Event 233,classical,"Synthetic event 233 featuring classical, live music and tickets",103.45
t1,item-234,Synthetic electronic Event 234,electronic,"Synthetic event 234 featuring electronic, live music and tickets",150.62
t1,item-235,Synthetic jazz Event 235,jazz,"Synthetic event 235 featuring jazz, live music and tickets",132.61
t1,item-236,Synthetic latin Event 236,latin,"Synthetic event 236 featuring latin, live music and tickets",85.43
t1,item-237,Synthetic ambient Event 237,ambient,"Synthetic event 237 featuring ambient, live music and tickets",129.87
t1,item-238,Synthetic rock Event 238,rock,"Synthetic event 238 featuring rock, live music and tickets",22.5
t1,item-239,Synthetic classical Event 239,classical,"Synthetic event 239 featuring classical, live music and tickets",35.28
t1,item-240,Synthetic electronic Event 240,electronic,"Synthetic event 240 featuring electronic, live music and tickets",136.12
t1,item-241,Synthetic jazz Event 241,jazz,"Synthetic event 241 featuring jazz, live music and tickets",131.55
t1,item-242,Synthetic latin Event 242,latin,"Synthetic event 242 featuring latin, live music and tickets",52.57
t1,item-243,Synthetic ambient Event 243,ambient,"Synthetic event 243 featuring ambient, live music and tickets",94.31
t1,item-244,Synthetic rock Event 244,rock,"Synthetic event 244 featuring rock, live music and tickets",104.84
t1,item-245,Synthetic classical Event 245,classical,"Synthetic event 245 featuring classical, live music and tickets",141.48
t1,item-246,Synthetic electronic Event 246,electronic,"Synthetic event 246 featuring electronic, live music and tickets",104.44
t1,item-247,Synthetic jazz Event 247,jazz,"Synthetic event 247 featuring jazz, live music and tickets",77.76
t1,item-248,Synthetic latin Event 248,latin,"Synthetic event 248 featuring latin, live music and tickets",72.39
t1,item-249,Synthetic ambient Event 249,ambient,"Synthetic event 249 featuring ambient, live music and tickets",79.62
t1,item-250,Synthetic rock Event 250,rock,"Synthetic event 250 featuring rock, live music and tickets",111.27
t1,item-251,Synthetic classical Event 251,classical,"Synthetic event 251 featuring classical, live music and tickets",141.45
t1,item-252,Synthetic electronic Event 252,electronic,"Synthetic event 252 featuring electronic, live music and tickets",83.55
t1,item-253,Synthetic jazz Event 253,jazz,"Synthetic event 253 featuring jazz, live music and tickets",54.7
t1,item-254,Synthetic latin Event 254,latin,"Synthetic event 254 featuring latin, live music and tickets",53.13
t1,item-255,Synthetic ambient Event 255,ambient,"Synthetic event 255 featuring ambient, live music and tickets",124.44
t1,item-256,Synthetic rock Event 256,rock,"Synthetic event 256 featuring rock, live music and tickets",134.32
t1,item-257,Synthetic classical Event 257,classical,"Synthetic event 257 featuring classical, live music and tickets",34.74
t1,item-258,Synthetic electronic Event 258,electronic,"Synthetic event 258 featuring electronic, live music and tickets",29.32
t1,item-259,Synthetic jazz Event 259,jazz,"Synthetic event 259 featuring jazz, live music and tickets",103.22
t1,item-260,Synthetic latin Event 260,latin,"Synthetic event 260 featuring latin, live music and tickets",40.46
t1,item-261,Synthetic ambient Event 261,ambient,"Synthetic event 261 featuring ambient, live music and tickets",135.45
t1,item-262,Synthetic rock Event 262,rock,"Synthetic event 262 featuring rock, live music and tickets",63.45
t1,item-263,Synthetic classical Event 263,classical,"Synthetic event 263 featuring classical, live music and tickets",40.14
t1,item-264,Synthetic electronic Event 264,electronic,"Synthetic event 264 featuring electronic, live music and tickets",148.94
t1,item-265,Synthetic jazz Event 265,jazz,"Synthetic event 265 featuring jazz, live music and tickets",43.17
t1,item-266,Synthetic latin Event 266,latin,"Synthetic event 266 featuring latin, live music and tickets",59.86
t1,item-267,Synthetic ambient Event 267,ambient,"Synthetic event 267 featuring ambient, live music and tickets",41.51
t1,item-268,Synthetic rock Event 268,rock,"Synthetic event 268 featuring rock, live music and tickets",36.17
t1,item-269,Synthetic classical Event 269,classical,"Synthetic event 269 featuring classical, live music and tickets",22.96
t1,item-270,Synthetic electronic Event 270,electronic,"Synthetic event 270 featuring electronic, live music and tickets",27.76
t1,item-271,Synthetic jazz Event 271,jazz,"Synthetic event 271 featuring jazz, live music and tickets",44.45
t1,item-272,Synthetic latin Event 272,latin,"Synthetic event 272 featuring latin, live music and tickets",27.47
t1,item-273,Synthetic ambient Event 273,ambient,"Synthetic event 273 featuring ambient, live music and tickets",102.76
t1,item-274,Synthetic rock Event 274,rock,"Synthetic event 274 featuring rock, live music and tickets",115.3
t1,item-275,Synthetic classical Event 275,classical,"Synthetic event 275 featuring classical, live music and tickets",75.11
t1,item-276,Synthetic electronic Event 276,electronic,"Synthetic event 276 featuring electronic, live music and tickets",64.52
t1,item-277,Synthetic jazz Event 277,jazz,"Synthetic event 277 featuring jazz, live music and tickets",90.63
t1,item-278,Synthetic latin Event 278,latin,"Synthetic event 278 featuring latin, live music and tickets",142.5
t1,item-279,Synthetic ambient Event 279,ambient,"Synthetic event 279 featuring ambient, live music and tickets",139.16
t1,item-280,Synthetic rock Event 280,rock,"Synthetic event 280 featuring rock, live music and tickets",26.09
t1,item-281,Synthetic classical Event 281,classical,"Synthetic event 281 featuring classical, live music and tickets",45.41
t1,item-282,Synthetic electronic Event 282,electronic,"Synthetic event 282 featuring electronic, live music and tickets",53.14
t1,item-283,Synthetic jazz Event 283,jazz,"Synthetic event 283 featuring jazz, live music and tickets",54.91
t1,item-284,Synthetic latin Event 284,latin,"Synthetic event 284 featuring latin, live music and tickets",99.97
t1,item-285,Synthetic ambient Event 285,ambient,"Synthetic event 285 featuring ambient, live music and tickets",78.28
t1,item-286,Synthetic rock Event 286,rock,"Synthetic event 286 featuring rock, live music and tickets",26.9
t1,item-287,Synthetic classical Event 287,classical,"Synthetic event 287 featuring classical, live music and tickets",72.31
t1,item-288,Synthetic electronic Event 288,electronic,"Synthetic event 288 featuring electronic, live music and tickets",93.33
t1,item-289,Synthetic jazz Event 289,jazz,"Synthetic event 289 featuring jazz, live music and tickets",34.23
t1,item-290,Synthetic latin Event 290,latin,"Synthetic event 290 featuring latin, live music and tickets",136.68
t1,item-291,Synthetic ambient Event 291,ambient,"Synthetic event 291 featuring ambient, live music and tickets",27.27
t1,item-292,Synthetic rock Event 292,rock,"Synthetic event 292 featuring rock, live music and tickets",149.48
t1,item-293,Synthetic classical Event 293,classical,"Synthetic event 293 featuring classical, live music and tickets",33.88
t1,item-294,Synthetic electronic Event 294,electronic,"Synthetic event 294 featuring electronic, live music and tickets",138.1
t1,item-295,Synthetic jazz Event 295,jazz,"Synthetic event 295 featuring jazz, live music and tickets",146.37
t1,item-296,Synthetic latin Event 296,latin,"Synthetic event 296 featuring latin, live music and tickets",157.14
t1,item-297,Synthetic ambient Event 297,ambient,"Synthetic event 297 featuring ambient, live music and tickets",132.28
t1,item-298,Synthetic rock Event 298,rock,"Synthetic event 298 featuring rock, live music and tickets",129.13
t1,item-299,Synthetic classical Event 299,classical,"Synthetic event 299 featuring classical, live music and tickets",109.95
t2,item-0,Synthetic electronic Event 0,electronic,"Synthetic event 0 featuring electronic, live music and tickets",129.06
t2,item-1,Synthetic jazz Event 1,jazz,"Synthetic event 1 featuring jazz, live music and tickets",38.84
t2,item-2,Synthetic latin Event 2,latin,"Synthetic event 2 featuring latin, live music and tickets",95.05
t2,item-3,Synthetic ambient Event 3,ambient,"Synthetic event 3 featuring ambient, live music and tickets",91.99
t2,item-4,Synthetic rock Event 4,rock,"Synthetic event 4 featuring rock, live music and tickets",140.06
t2,item-5,Synthetic classical Event 5,classical,"Synthetic event 5 featuring classical, live music and tickets",84.79
t2,item-6,Synthetic electronic Event 6,electronic,"Synthetic event 6 featuring electronic, live music and tickets",73.91
t2,item-7,Synthetic jazz Event 7,jazz,"Synthetic event 7 featuring jazz, live music and tickets",109.54
t2,item-8,Synthetic latin Event 8,latin,"Synthetic event 8 featuring latin, live music and tickets",57.3
t2,item-9,Synthetic ambient Event 9,ambient,"Synthetic event 9 featuring ambient, live music and tickets",39.57
t2,item-10,Synthetic rock Event 10,rock,"Synthetic event 10 featuring rock, live music and tickets",86.9
t2,item-11,Synthetic classical Event 11,classical,"Synthetic event 11 featuring classical, live music and tickets",78.36
t2,item-12,Synthetic electronic Event 12,electronic,"Synthetic event 12 featuring electronic, live music and tickets",52.56
t2,item-13,Synthetic jazz Event 13,jazz,"Synthetic event 13 featuring jazz, live music and tickets",71.45
t2,item-14,Synthetic latin Event 14,latin,"Synthetic event 14 featuring latin, live music and tickets",71.29
t2,item-15,Synthetic ambient Event 15,ambient,"Synthetic event 15 featuring ambient, live music and tickets",65.85
t2,item-16,Synthetic rock Event 16,rock,"Synthetic event 16 featuring rock, live music and tickets",73.12
t2,item-17,Synthetic classical Event 17,classical,"Synthetic event 17 featuring classical, live music and tickets",116.0
t2,item-18,Synthetic electronic Event 18,electronic,"Synthetic event 18 featuring electronic, live music and tickets",61.56
t2,item-19,Synthetic jazz Event 19,jazz,"Synthetic event 19 featuring jazz, live music and tickets",152.84
t2,item-20,Synthetic latin Event 20,latin,"Synthetic event 20 featuring latin, live music and tickets",148.29
t2,item-21,Synthetic ambient Event 21,ambient,"Synthetic event 21 featuring ambient, live music and tickets",87.33
t2,item-22,Synthetic rock Event 22,rock,"Synthetic event 22 featuring rock, live music and tickets",65.97
t2,item-23,Synthetic classical Event 23,classical,"Synthetic event 23 featuring classical, live music and tickets",94.96
t2,item-24,Synthetic electronic Event 24,electronic,"Synthetic event 24 featuring electronic, live music and tickets",138.8
t2,item-25,Synthetic jazz Event 25,jazz,"Synthetic event 25 featuring jazz, live music and tickets",111.36
t2,item-26,Synthetic latin Event 26,latin,"Synthetic event 26 featuring latin, live music and tickets",132.61
t2,item-27,Synthetic ambient Event 27,ambient,"Synthetic event 27 featuring ambient, live music and tickets",94.58
t2,item-28,Synthetic rock Event 28,rock,"Synthetic event 28 featuring rock, live music and tickets",108.61
t2,item-29,Synthetic classical Event 29,classical,"Synthetic event 29 featuring classical, live music and tickets",60.34
t2,item-30,Synthetic electronic Event 30,electronic,"Synthetic event 30 featuring electronic, live music and tickets",122.89
t2,item-31,Synthetic jazz Event 31,jazz,"Synthetic event 31 featuring jazz, live music and tickets",48.34
t2,item-32,Synthetic latin Event 32,latin,"Synthetic event 32 featuring latin, live music and tickets",117.27
t2,item-33,Synthetic ambient Event 33,ambient,"Synthetic event 33 featuring ambient, live music and tickets",140.5
t2,item-34,Synthetic rock Event 34,rock,"Synthetic event 34 featuring rock, live music and tickets",38.49
t2,item-35,Synthetic classical Event 35,classical,"Synthetic event 35 featuring classical, live music and tickets",106.01
t2,item-36,Synthetic electronic Event 36,electronic,"Synthetic event 36 featuring electronic, live music and tickets",33.31
t2,item-37,Synthetic jazz Event 37,jazz,"Synthetic event 37 featuring jazz, live music and tickets",121.6
t2,item-38,Synthetic latin Event 38,latin,"Synthetic event 38 featuring latin, live music and tickets",31.83
t2,item-39,Synthetic ambient Event 39,ambient,"Synthetic event 39 featuring ambient, live music and tickets",151.03
t2,item-40,Synthetic rock Event 40,rock,"Synthetic event 40 featuring rock, live music and tickets",39.24
t2,item-41,Synthetic classical Event 41,classical,"Synthetic event 41 featuring classical, live music and tickets",154.24
t2,item-42,Synthetic electronic Event 42,electronic,"Synthetic event 42 featuring electronic, live music and tickets",132.12
t2,item-43,Synthetic jazz Event 43,jazz,"Synthetic event 43 featuring jazz, live music and tickets",103.12
t2,item-44,Synthetic latin Event 44,latin,"Synthetic event 44 featuring latin, live music and tickets",129.57
t2,item-45,Synthetic ambient Event 45,ambient,"Synthetic event 45 featuring ambient, live music and tickets",131.32
t2,item-46,Synthetic rock Event 46,rock,"Synthetic event 46 featuring rock, live music and tickets",152.44
t2,item-47,Synthetic classical Event 47,classical,"Synthetic event 47 featuring classical, live music and tickets",55.47
t2,item-48,Synthetic electronic Event 48,electronic,"Synthetic event 48 featuring electronic, live music and tickets",102.61
t2,item-49,Synthetic jazz Event 49,jazz,"Synthetic event 49 featuring jazz, live music and tickets",33.31
t2,item-50,Synthetic latin Event 50,latin,"Synthetic event 50 featuring latin, live music and tickets",106.26
t2,item-51,Synthetic ambient Event 51,ambient,"Synthetic event 51 featuring ambient, live music and tickets",43.98
t2,item-52,Synthetic rock Event 52,rock,"Synthetic event 52 featuring rock, live music and tickets",99.09
t2,item-53,Synthetic classical Event 53,classical,"Synthetic event 53 featuring classical, live music and tickets",100.14
t2,item-54,Synthetic electronic Event 54,electronic,"Synthetic event 54 featuring electronic, live music and tickets",85.24
t2,item-55,Synthetic jazz Event 55,jazz,"Synthetic event 55 featuring jazz, live music and tickets",93.17
t2,item-56,Synthetic latin Event 56,latin,"Synthetic event 56 featuring latin, live music and tickets",126.95
t2,item-57,Synthetic ambient Event 57,ambient,"Synthetic event 57 featuring ambient, live music and tickets",131.89
t2,item-58,Synthetic rock Event 58,rock,"Synthetic event 58 featuring rock, live music and tickets",88.9
t2,item-59,Synthetic classical Event 59,classical,"Synthetic event 59 featuring classical, live music and tickets",103.94
t2,item-60,Synthetic electronic Event 60,electronic,"Synthetic event 60 featuring electronic, live music and tickets",150.37
t2,item-61,Synthetic jazz Event 61,jazz,"Synthetic event 61 featuring jazz, live music and tickets",36.76
t2,item-62,Synthetic latin Event 62,latin,"Synthetic event 62 featuring latin, live music and tickets",36.39
t2,item-63,Synthetic ambient Event 63,ambient,"Synthetic event 63 featuring ambient, live music and tickets",32.28
t2,item-64,Synthetic rock Event 64,rock,"Synthetic event 64 featuring rock, live music and tickets",112.1
t2,item-65,Synthetic classical Event 65,classical,"Synthetic event 65 featuring classical, live music and tickets",78.61
t2,item-66,Synthetic electronic Event 66,electronic,"Synthetic event 66 featuring electronic, live music and tickets",128.4
t2,item-67,Synthetic jazz Event 67,jazz,"Synthetic event 67 featuring jazz, live music and tickets",113.97
t2,item-68,Synthetic latin Event 68,latin,"Synthetic event 68 featuring latin, live music and tickets",66.71
t2,item-69,Synthetic ambient Event 69,ambient,"Synthetic event 69 featuring ambient, live music and tickets",145.77
t2,item-70,Synthetic rock Event 70,rock,"Synthetic event 70 featuring rock, live music and tickets",126.75
t2,item-71,Synthetic classical Event 71,classical,"Synthetic event 71 featuring classical, live music and tickets",57.87
t2,item-72,Synthetic electronic Event 72,electronic,"Synthetic event 72 featuring electronic, live music and tickets",70.99
t2,item-73,Synthetic jazz Event 73,jazz,"Synthetic event 73 featuring jazz, live music and tickets",64.02
t2,item-74,Synthetic latin Event 74,latin,"Synthetic event 74 featuring latin, live music and tickets",42.07
t2,item-75,Synthetic ambient Event 75,ambient,"Synthetic event 75 featuring ambient, live music and tickets",40.69
t2,item-76,Synthetic rock Event 76,rock,"Synthetic event 76 featuring rock, live music and tickets",151.06
t2,item-77,Synthetic classical Event 77,classical,"Synthetic event 77 featuring classical, live music and tickets",81.31
t2,item-78,Synthetic electronic Event 78,electronic,"Synthetic event 78 featuring electronic, live music and tickets",73.66
t2,item-79,Synthetic jazz Event 79,jazz,"Synthetic event 79 featuring jazz, live music and tickets",122.16
t2,item-80,Synthetic latin Event 80,latin,"Synthetic event 80 featuring latin, live music and tickets",97.42
t2,item-81,Synthetic ambient Event 81,ambient,"Synthetic event 81 featuring ambient, live music and tickets",151.06
t2,item-82,Synthetic rock Event 82,rock,"Synthetic event 82 featuring rock, live music and tickets",129.24
t2,item-83,Synthetic classical Event 83,classical,"Synthetic event 83 featuring classical, live music and tickets",87.11
t2,item-84,Synthetic electronic Event 84,electronic,"Synthetic event 84 featuring electronic, live music and tickets",72.69
t2,item-85,Synthetic jazz Event 85,jazz,"Synthetic event 85 featuring jazz, live music and tickets",158.13
t2,item-86,Synthetic latin Event 86,latin,"Synthetic event 86 featuring latin, live music and tickets",120.49
t2,item-87,Synthetic ambient Event 87,ambient,"Synthetic event 87 featuring ambient, live music and tickets",153.17
t2,item-88,Synthetic rock Event 88,rock,"Synthetic event 88 featuring rock, live music and tickets",36.59
t2,item-89,Synthetic classical Event 89,classical,"Synthetic event 89 featuring classical, live music and tickets",139.07
t2,item-90,Synthetic electronic Event 90,electronic,"Synthetic event 90 featuring electronic, live music and tickets",109.19
t2,item-91,Synthetic jazz Event 91,jazz,"Synthetic event 91 featuring jazz, live music and tickets",37.07
t2,item-92,Synthetic latin Event 92,latin,"Synthetic event 92 featuring latin, live music and tickets",102.36
t2,item-93,Synthetic ambient Event 93,ambient,"Synthetic event 93 featuring ambient, live music and tickets",116.05
t2,item-94,Synthetic rock Event 94,rock,"Synthetic event 94 featuring rock, live music and tickets",21.72
t2,item-95,Synthetic classical Event 95,classical,"Synthetic event 95 featuring classical, live music and tickets",83.6
t2,item-96,Synthetic electronic Event 96,electronic,"Synthetic event 96 featuring electronic, live music and tickets",135.56
t2,item-97,Synthetic jazz Event 97,jazz,"Synthetic event 97 featuring jazz, live music and tickets",61.35
t2,item-98,Synthetic latin Event 98,latin,"Synthetic event 98 featuring latin, live music and tickets",84.2
t2,item-99,Synthetic ambient Event 99,ambient,"Synthetic event 99 featuring ambient, live music and tickets",81.92
t2,item-100,Synthetic rock Event 100,rock,"Synthetic event 100 featuring rock, live music and tickets",62.27
t2,item-101,Synthetic classical Event 101,classical,"Synthetic event 101 featuring classical, live music and tickets",148.58
t2,item-102,Synthetic electronic Event 102,electronic,"Synthetic event 102 featuring electronic, live music and tickets",129.38
t2,item-103,Synthetic jazz Event 103,jazz,"Synthetic event 103 featuring jazz, live music and tickets",35.48
t2,item-104,Synthetic latin Event 104,latin,"Synthetic event 104 featuring latin, live music and tickets",159.58
t2,item-105,Synthetic ambient Event 105,ambient,"Synthetic event 105 featuring ambient, live music and tickets",143.09
t2,item-106,Synthetic rock Event 106,rock,"Synthetic event 106 featuring rock, live music and tickets",59.75
t2,item-107,Synthetic classical Event 107,classical,"Synthetic event 107 featuring classical, live music and tickets",137.17
t2,item-108,Synthetic electronic Event 108,electronic,"Synthetic event 108 featuring electronic, live music and tickets",34.9
t2,item-109,Synthetic jazz Event 109,jazz,"Synthetic event 109 featuring jazz, live music and tickets",159.87
t2,item-110,Synthetic latin Event 110,latin,"Synthetic event 110 featuring latin, live music and tickets",113.2
t2,item-111,Synthetic ambient Event 111,ambient,"Synthetic event 111 featuring ambient, live music and tickets",111.02
t2,item-112,Synthetic rock Event 112,rock,"Synthetic event 112 featuring rock, live music and tickets",32.66
t2,item-113,Synthetic classical Event 113,classical,"Synthetic event 113 featuring classical, live music and tickets",145.58
t2,item-114,Synthetic electronic Event 114,electronic,"Synthetic event 114 featuring electronic, live music and tickets",24.06
t2,item-115,Synthetic jazz Event 115,jazz,"Synthetic event 115 featuring jazz, live music and tickets",53.72
t2,item-116,Synthetic latin Event 116,latin,"Synthetic event 116 featuring latin, live music and tickets",40.02
t2,item-117,Synthetic ambient Event 117,ambient,"Synthetic event 117 featuring ambient, live music and tickets",128.75
t2,item-118,Synthetic rock Event 118,rock,"Synthetic event 118 featuring rock, live music and tickets",47.75
t2,item-119,Synthetic classical Event 119,classical,"Synthetic event 119 featuring classical, live music and tickets",147.49
t2,item-120,Synthetic electronic Event 120,electronic,"Synthetic event 120 featuring electronic, live music and tickets",111.88
t2,item-121,Synthetic jazz Event 121,jazz,"Synthetic event 121 featuring jazz, live music and tickets",25.06
t2,item-122,Synthetic latin Event 122,latin,"Synthetic event 122 featuring latin, live music and tickets",20.76
t2,item-123,Synthetic ambient Event 123,ambient,"Synthetic event 123 featuring ambient, live music and tickets",27.23
t2,item-124,Synthetic rock Event 124,rock,"Synthetic event 124 featuring rock, live music and tickets",104.83
t2,item-125,Synthetic classical Event 125,classical,"Synthetic event 125 featuring classical, live music and tickets",132.21
t2,item-126,Synthetic electronic Event 126,electronic,"Synthetic event 126 featuring electronic, live music and tickets",53.4
t2,item-127,Synthetic jazz Event 127,jazz,"Synthetic event 127 featuring jazz, live music and tickets",138.92
t2,item-128,Synthetic latin Event 128,latin,"Synthetic event 128 featuring latin, live music and tickets",28.01
t2,item-129,Synthetic ambient Event 129,ambient,"Synthetic event 129 featuring ambient, live music and tickets",132.13
t2,item-130,Synthetic rock Event 130,rock,"Synthetic event 130 featuring rock, live music and tickets",149.89
t2,item-131,Synthetic classical Event 131,classical,"Synthetic event 131 featuring classical, live music and tickets",128.1
t2,item-132,Synthetic electronic Event 132,electronic,"Synthetic event 132 featuring electronic, live music and tickets",117.74
t2,item-133,Synthetic jazz Event 133,jazz,"Synthetic event 133 featuring jazz, live music and tickets",137.32
t2,item-134,Synthetic latin Event 134,latin,"Synthetic event 134 featuring latin, live music and tickets",25.62
t2,item-135,Synthetic ambient Event 135,ambient,"Synthetic event 135 featuring ambient, live music and tickets",48.25
t2,item-136,Synthetic rock Event 136,rock,"Synthetic event 136 featuring rock, live music and tickets",37.49
t2,item-137,Synthetic classical Event 137,classical,"Synthetic event 137 featuring classical, live music and tickets",90.63
t2,item-138,Synthetic electronic Event 138,electronic,"Synthetic event 138 featuring electronic, live music and tickets",124.33
t2,item-139,Synthetic jazz Event 139,jazz,"Synthetic event 139 featuring jazz, live music and tickets",108.2
t2,item-140,Synthetic latin Event 140,latin,"Synthetic event 140 featuring latin, live music and tickets",139.16
t2,item-141,Synthetic ambient Event 141,ambient,"Synthetic event 141 featuring ambient, live music and tickets",41.73
t2,item-142,Synthetic rock Event 142,rock,"Synthetic event 142 featuring rock, live music and tickets",122.85
t2,item-143,Synthetic classical Event 143,classical,"Synthetic event 143 featuring classical, live music and tickets",47.03
t2,item-144,Synthetic electronic Event 144,electronic,"Synthetic event 144 featuring electronic, live music and tickets",57.91
t2,item-145,Synthetic jazz Event 145,jazz,"Synthetic event 145 featuring jazz, live music and tickets",119.39
t2,item-146,Synthetic latin Event 146,latin,"Synthetic event 146 featuring latin, live music and tickets",157.23
t2,item-147,Synthetic ambient Event 147,ambient,"Synthetic event 147 featuring ambient, live music and tickets",105.62
t2,item-148,Synthetic rock Event 148,rock,"Synthetic event 148 featuring rock, live music and tickets",27.63
t2,item-149,Synthetic classical Event 149,classical,"Synthetic event 149 featuring classical, live music and tickets",106.28
t2,item-150,Synthetic electronic Event 150,electronic,"Synthetic event 150 featuring electronic, live music and tickets",25.93
t2,item-151,Synthetic jazz Event 151,jazz,"Synthetic event 151 featuring jazz, live music and tickets",143.78
t2,item-152,Synthetic latin Event 152,latin,"Synthetic event 152 featuring latin, live music and tickets",119.34
t2,item-153,Synthetic ambient Event 153,ambient,"Synthetic event 153 featuring ambient, live music and tickets",44.24
t2,item-154,Synthetic rock Event 154,rock,"Synthetic event 154 featuring rock, live music and tickets",32.84
t2,item-155,Synthetic classical Event 155,classical,"Synthetic event 155 featuring classical, live music and tickets",45.69
t2,item-156,Synthetic electronic Event 156,electronic,"Synthetic event 156 featuring electronic, live music and tickets",157.2
t2,item-157,Synthetic jazz Event 157,jazz,"Synthetic event 157 featuring jazz, live music and tickets",84.2
t2,item-158,Synthetic latin Event 158,latin,"Synthetic event 158 featuring latin, live music and tickets",129.77
t2,item-159,Synthetic ambient Event 159,ambient,"Synthetic event 159 featuring ambient, live music and tickets",109.1
t2,item-160,Synthetic rock Event 160,rock,"Synthetic event 160 featuring rock, live music and tickets",100.14
t2,item-161,Synthetic classical Event 161,classical,"Synthetic event 161 featuring classical, live music and tickets",40.32
t2,item-162,Synthetic electronic Event 162,electronic,"Synthetic event 162 featuring electronic, live music and tickets",152.44
t2,item-163,Synthetic jazz Event 163,jazz,"Synthetic event 163 featuring jazz, live music and tickets",62.19
t2,item-164,Synthetic latin Event 164,latin,"Synthetic event 164 featuring latin, live music and tickets",100.92
t2,item-165,Synthetic ambient Event 165,ambient,"Synthetic event 165 featuring ambient, live music and tickets",117.97
t2,item-166,Synthetic rock Event 166,rock,"Synthetic event 166 featuring rock, live music and tickets",110.89
t2,item-167,Synthetic classical Event 167,classical,"Synthetic event 167 featuring classical, live music and tickets",151.68
t2,item-168,Synthetic electronic Event 168,electronic,"Synthetic event 168 featuring electronic, live music and tickets",40.78
t2,item-169,Synthetic jazz Event 169,jazz,"Synthetic event 169 featuring jazz, live music and tickets",91.17
t2,item-170,Synthetic latin Event 170,latin,"Synthetic event 170 featuring latin, live music and tickets",76.56
t2,item-171,Synthetic ambient Event 171,ambient,"Synthetic event 171 featuring ambient, live music and tickets",86.38
t2,item-172,Synthetic rock Event 172,rock,"Synthetic event 172 featuring rock, live music and tickets",36.69
t2,item-173,Synthetic classical Event 173,classical,"Synthetic event 173 featuring classical, live music and tickets",38.77
t2,item-174,Synthetic electronic Event 174,electronic,"Synthetic event 174 featuring electronic, live music and tickets",58.93
t2,item-175,Synthetic jazz Event 175,jazz,"Synthetic event 175 featuring jazz, live music and tickets",62.66
t2,item-176,Synthetic latin Event 176,latin,"Synthetic event 176 featuring latin, live music and tickets",79.91
t2,item-177,Synthetic ambient Event 177,ambient,"Synthetic event 177 featuring ambient, live music and tickets",105.54
t2,item-178,Synthetic rock Event 178,rock,"Synthetic event 178 featuring rock, live music and tickets",108.85
t2,item-179,Synthetic classical Event 179,classical,"Synthetic event 179 featuring classical, live music and tickets",77.65
t2,item-180,Synthetic electronic Event 180,electronic,"Synthetic event 180 featuring electronic, live music and tickets",77.23
t2,item-181,Synthetic jazz Event 181,jazz,"Synthetic event 181 featuring jazz, live music and tickets",50.47
t2,item-182,Synthetic latin Event 182,latin,"Synthetic event 182 featuring latin, live music and tickets",102.36
t2,item-183,Synthetic ambient Event 183,ambient,"Synthetic event 183 featuring ambient, live music and tickets",64.39
t2,item-184,Synthetic rock Event 184,rock,"Synthetic event 184 featuring rock, live music and tickets",25.05
t2,item-185,Synthetic classical Event 185,classical,"Synthetic event 185 featuring classical, live music and tickets",78.58
t2,item-186,Synthetic electronic Event 186,electronic,"Synthetic event 186 featuring electronic, live music and tickets",86.38
t2,item-187,Synthetic jazz Event 187,jazz,"Synthetic event 187 featuring jazz, live music and tickets",51.58
t2,item-188,Synthetic latin Event 188,latin,"Synthetic event 188 featuring latin, live music and tickets",100.14
t2,item-189,Synthetic ambient Event 189,ambient,"Synthetic event 189 featuring ambient, live music and tickets",99.21
t2,item-190,Synthetic rock Event 190,rock,"Synthetic event 190 featuring rock, live music and tickets",118.28
t2,item-191,Synthetic classical Event 191,classical,"Synthetic event 191 featuring classical, live music and tickets",110.71
t2,item-192,Synthetic electronic Event 192,electronic,"Synthetic event 192 featuring electronic, live music and tickets",111.34
t2,item-193,Synthetic jazz Event 193,jazz,"Synthetic event 193 featuring jazz, live music and tickets",64.27
t2,item-194,Synthetic latin Event 194,latin,"Synthetic event 194 featuring latin, live music and tickets",130.24
t2,item-195,Synthetic ambient Event 195,ambient,"Synthetic event 195 featuring ambient, live music and tickets",96.88
t2,item-196,Synthetic rock Event 196,rock,"Synthetic event 196 featuring rock, live music and tickets",80.4
t2,item-197,Synthetic classical Event 197,classical,"Synthetic event 197 featuring classical, live music and tickets",107.64
t2,item-198,Synthetic electronic Event 198,electronic,"Synthetic event 198 featuring electronic, live music and tickets",70.49
t2,item-199,Synthetic jazz Event 199,jazz,"Synthetic event 199 featuring jazz, live music and tickets",91.78
t2,item-200,Synthetic latin Event 200,latin,"Synthetic event 200 featuring latin, live music and tickets",123.14
t2,item-201,Synthetic ambient Event 201,ambient,"Synthetic event 201 featuring ambient, live music and tickets",144.1
t2,item-202,Synthetic rock Event 202,rock,"Synthetic event 202 featuring rock, live music and tickets",148.95
t2,item-203,Synthetic classical Event 203,classical,"Synthetic event 203 featuring classical, live music and tickets",90.51
t2,item-204,Synthetic electronic Event 204,electronic,"Synthetic event 204 featuring electronic, live music and tickets",92.84
t2,item-205,Synthetic jazz Event 205,jazz,"Synthetic event 205 featuring jazz, live music and tickets",131.98
t2,item-206,Synthetic latin Event 206,latin,"Synthetic event 206 featuring latin, live music and tickets",64.02
t2,item-207,Synthetic ambient Event 207,ambient,"Synthetic event 207 featuring ambient, live music and tickets",137.23
t2,item-208,Synthetic rock Event 208,rock,"Synthetic event 208 featuring rock, live music and tickets",89.18
t2,item-209,Synthetic classical Event 209,classical,"Synthetic event 209 featuring classical, live music and tickets",36.22
t2,item-210,Synthetic electronic Event 210,electronic,"Synthetic event 210 featuring electronic, live music and tickets",30.09
t2,item-211,Synthetic jazz Event 211,jazz,"Synthetic event 211 featuring jazz, live music and tickets",137.88
t2,item-212,Synthetic latin Event 212,latin,"Synthetic event 212 featuring latin, live music and tickets",27.78
t2,item-213,Synthetic ambient Event 213,ambient,"Synthetic event 213 featuring ambient, live music and tickets",59.29
t2,item-214,Synthetic rock Event 214,rock,"Synthetic event 214 featuring rock, live music and tickets",66.78
t2,item-215,Synthetic classical Event 215,classical,"Synthetic event 215 featuring classical, live music and tickets",44.22
t2,item-216,Synthetic electronic Event 216,electronic,"Synthetic event 216 featuring electronic, live music and tickets",63.95
t2,item-217,Synthetic jazz Event 217,jazz,"Synthetic event 217 featuring jazz, live music and tickets",123.98
t2,item-218,Synthetic latin Event 218,latin,"Synthetic event 218 featuring latin, live music and tickets",22.06
t2,item-219,Synthetic ambient Event 219,ambient,"Synthetic event 219 featuring ambient, live music and tickets",135.8
t2,item-220,Synthetic rock Event 220,rock,"Synthetic event 220 featuring rock, live music and tickets",139.92
t2,item-221,Synthetic classical Event 221,classical,"Synthetic event 221 featuring classical, live music and tickets",72.12
t2,item-222,Synthetic electronic Event 222,electronic,"Synthetic event 222 featuring electronic, live music and tickets",41.51
t2,item-223,Synthetic jazz Event 223,jazz,"Synthetic event 223 featuring jazz, live music and tickets",104.12
t2,item-224,Synthetic latin Event 224,latin,"Synthetic event 224 featuring latin, live music and tickets",36.75
t2,item-225,Synthetic ambient Event 225,ambient,"Synthetic event 225 featuring ambient, live music and tickets",71.09
t2,item-226,Synthetic rock Event 226,rock,"Synthetic event 226 featuring rock, live music and tickets",154.18
t2,item-227,Synthetic classical Event 227,classical,"Synthetic event 227 featuring classical, live music and tickets",159.37
t2,item-228,Synthetic electronic Event 228,electronic,"Synthetic event 228 featuring electronic, live music and tickets",128.09
t2,item-229,Synthetic jazz Event 229,jazz,"Synthetic event 229 featuring jazz, live music and tickets",63.53
t2,item-230,Synthetic latin Event 230,latin,"Synthetic event 230 featuring latin, live music and tickets",116.27
t2,item-231,Synthetic ambient Event 231,ambient,"Synthetic event 231 featuring ambient, live music and tickets",118.76
t2,item-232,Synthetic rock Event 232,rock,"Synthetic event 232 featuring rock, live music and tickets",74.3
t2,item-233,Synthetic classical Event 233,classical,"Synthetic event 233 featuring classical, live music and tickets",109.72
t2,item-234,Synthetic electronic Event 234,electronic,"Synthetic event 234 featuring electronic, live music and tickets",21.5
t2,item-235,Synthetic jazz Event 235,jazz,"Synthetic event 235 featuring jazz, live music and tickets",49.27
t2,item-236,Synthetic latin Event 236,latin,"Synthetic event 236 featuring latin, live music and tickets",93.51
t2,item-237,Synthetic ambient Event 237,ambient,"Synthetic event 237 featuring ambient, live music and tickets",42.93
t2,item-238,Synthetic rock Event 238,rock,"Synthetic event 238 featuring rock, live music and tickets",43.23
t2,item-239,Synthetic classical Event 239,classical,"Synthetic event 239 featuring classical, live music and tickets",137.08
t2,item-240,Synthetic electronic Event 240,electronic,"Synthetic event 240 featuring electronic, live music and tickets",158.48
t2,item-241,Synthetic jazz Event 241,jazz,"Synthetic event 241 featuring jazz, live music and tickets",97.84
t2,item-242,Synthetic latin Event 242,latin,"Synthetic event 242 featuring latin, live music and tickets",137.47
t2,item-243,Synthetic ambient Event 243,ambient,"Synthetic event 243 featuring ambient, live music and tickets",158.65
t2,item-244,Synthetic rock Event 244,rock,"Synthetic event 244 featuring rock, live music and tickets",39.82
t2,item-245,Synthetic classical Event 245,classical,"Synthetic event 245 featuring classical, live music and tickets",82.75
t2,item-246,Synthetic electronic Event 246,electronic,"Synthetic event 246 featuring electronic, live music and tickets",74.96
t2,item-247,Synthetic jazz Event 247,jazz,"Synthetic event 247 featuring jazz, live music and tickets",31.21
t2,item-248,Synthetic latin Event 248,latin,"Synthetic event 248 featuring latin, live music and tickets",125.75
t2,item-249,Synthetic ambient Event 249,ambient,"Synthetic event 249 featuring ambient, live music and tickets",80.73
t2,item-250,Synthetic rock Event 250,rock,"Synthetic event 250 featuring rock, live music and tickets",85.71
t2,item-251,Synthetic classical Event 251,classical,"Synthetic event 251 featuring classical, live music and tickets",41.09
t2,item-252,Synthetic electronic Event 252,electronic,"Synthetic event 252 featuring electronic, live music and tickets",45.33
t2,item-253,Synthetic jazz Event 253,jazz,"Synthetic event 253 featuring jazz, live music and tickets",146.99
t2,item-254,Synthetic latin Event 254,latin,"Synthetic event 254 featuring latin, live music and tickets",26.25
t2,item-255,Synthetic ambient Event 255,ambient,"Synthetic event 255 featuring ambient, live music and tickets",52.6
t2,item-256,Synthetic rock Event 256,rock,"Synthetic event 256 featuring rock, live music and tickets",60.89
t2,item-257,Synthetic classical Event 257,classical,"Synthetic event 257 featuring classical, live music and tickets",88.63
t2,item-258,Synthetic electronic Event 258,electronic,"Synthetic event 258 featuring electronic, live music and tickets",102.1
t2,item-259,Synthetic jazz Event 259,jazz,"Synthetic event 259 featuring jazz, live music and tickets",89.06
t2,item-260,Synthetic latin Event 260,latin,"Synthetic event 260 featuring latin, live music and tickets",31.78
t2,item-261,Synthetic ambient Event 261,ambient,"Synthetic event 261 featuring ambient, live music and tickets",54.11
t2,item-262,Synthetic rock Event 262,rock,"Synthetic event 262 featuring rock, live music and tickets",138.1
t2,item-263,Synthetic classical Event 263,classical,"Synthetic event 263 featuring classical, live music and tickets",109.26
t2,item-264,Synthetic electronic Event 264,electronic,"Synthetic event 264 featuring electronic, live music and tickets",110.88
t2,item-265,Synthetic jazz Event 265,jazz,"Synthetic event 265 featuring jazz, live music and tickets",113.83
t2,item-266,Synthetic latin Event 266,latin,"Synthetic event 266 featuring latin, live music and tickets",126.81
t2,item-267,Synthetic ambient Event 267,ambient,"Synthetic event 267 featuring ambient, live music and tickets",28.14
t2,item-268,Synthetic rock Event 268,rock,"Synthetic event 268 featuring rock, live music and tickets",71.33
t2,item-269,Synthetic classical Event 269,classical,"Synthetic event 269 featuring classical, live music and tickets",95.53
t2,item-270,Synthetic electronic Event 270,electronic,"Synthetic event 270 featuring electronic, live music and tickets",67.38
t2,item-271,Synthetic jazz Event 271,jazz,"Synthetic event 271 featuring jazz, live music and tickets",138.23
t2,item-272,Synthetic latin Event 272,latin,"Synthetic event 272 featuring latin, live music and tickets",87.56
t2,item-273,Synthetic ambient Event 273,ambient,"Synthetic event 273 featuring ambient, live music and tickets",127.61
t2,item-274,Synthetic rock Event 274,rock,"Synthetic event 274 featuring rock, live music and tickets",139.28
t2,item-275,Synthetic classical Event 275,classical,"Synthetic event 275 featuring classical, live music and tickets",90.67
t2,item-276,Synthetic electronic Event 276,electronic,"Synthetic event 276 featuring electronic, live music and tickets",147.34
t2,item-277,Synthetic jazz Event 277,jazz,"Synthetic event 277 featuring jazz, live music and tickets",102.2
t2,item-278,Synthetic latin Event 278,latin,"Synthetic event 278 featuring latin, live music and tickets",139.04
t2,item-279,Synthetic ambient Event 279,ambient,"Synthetic event 279 featuring ambient, live music and tickets",67.68
t2,item-280,Synthetic rock Event 280,rock,"Synthetic event 280 featuring rock, live music and tickets",89.83
t2,item-281,Synthetic classical Event 281,classical,"Synthetic event 281 featuring classical, live music and tickets",94.4
t2,item-282,Synthetic electronic Event 282,electronic,"Synthetic event 282 featuring electronic, live music and tickets",34.7
t2,item-283,Synthetic jazz Event 283,jazz,"Synthetic event 283 featuring jazz, live music and tickets",75.8
t2,item-284,Synthetic latin Event 284,latin,"Synthetic event 284 featuring latin, live music and tickets",148.43
t2,item-285,Synthetic ambient Event 285,ambient,"Synthetic event 285 featuring ambient, live music and tickets",108.32
t2,item-286,Synthetic rock Event 286,rock,"Synthetic event 286 featuring rock, live music and tickets",44.85
t2,item-287,Synthetic classical Event 287,classical,"Synthetic event 287 featuring classical, live music and tickets",67.44
t2,item-288,Synthetic electronic Event 288,electronic,"Synthetic event 288 featuring electronic, live music and tickets",46.82
t2,item-289,Synthetic jazz Event 289,jazz,"Synthetic event 289 featuring jazz, live music and tickets",23.48
t2,item-290,Synthetic latin Event 290,latin,"Synthetic event 290 featuring latin, live music and tickets",149.84
t2,item-291,Synthetic ambient Event 291,ambient,"Synthetic event 291 featuring ambient, live music and tickets",82.75
t2,item-292,Synthetic rock Event 292,rock,"Synthetic event 292 featuring rock, live music and tickets",63.05
t2,item-293,Synthetic classical Event 293,classical,"Synthetic event 293 featuring classical, live music and tickets",103.79
t2,item-294,Synthetic electronic Event 294,electronic,"Synthetic event 294 featuring electronic, live music and tickets",21.02
t2,item-295,Synthetic jazz Event 295,jazz,"Synthetic event 295 featuring jazz, live music and tickets",58.92
t2,item-296,Synthetic latin Event 296,latin,"Synthetic event 296 featuring latin, live music and tickets",118.42
t2,item-297,Synthetic ambient Event 297,ambient,"Synthetic event 297 featuring ambient, live music and tickets",108.73
t2,item-298,Synthetic rock Event 298,rock,"Synthetic event 298 featuring rock, live music and tickets",157.45
t2,item-299,Synthetic classical Event 299,classical,"Synthetic event 299 featuring classical, live music and tickets",106.85
t3,item-0,Synthetic electronic Event 0,electronic,"Synthetic event 0 featuring electronic, live music and tickets",86.85
t3,item-1,Synthetic jazz Event 1,jazz,"Synthetic event 1 featuring jazz, live music and tickets",126.6
t3,item-2,Synthetic latin Event 2,latin,"Synthetic event 2 featuring latin, live music and tickets",146.47
t3,item-3,Synthetic ambient Event 3,ambient,"Synthetic event 3 featuring ambient, live music and tickets",120.9
t3,item-4,Synthetic rock Event 4,rock,"Synthetic event 4 featuring rock, live music and tickets",154.85
t3,item-5,Synthetic classical Event 5,classical,"Synthetic event 5 featuring classical, live music and tickets",129.48
t3,item-6,Synthetic electronic Event 6,electronic,"Synthetic event 6 featuring electronic, live music and tickets",141.35
t3,item-7,Synthetic jazz Event 7,jazz,"Synthetic event 7 featuring jazz, live music and tickets",35.97
t3,item-8,Synthetic latin Event 8,latin,"Synthetic event 8 featuring latin, live music and tickets",122.54
t3,item-9,Synthetic ambient Event 9,ambient,"Synthetic event 9 featuring ambient, live music and tickets",81.61
t3,item-10,Synthetic rock Event 10,rock,"Synthetic event 10 featuring rock, live music and tickets",97.43
t3,item-11,Synthetic classical Event 11,classical,"Synthetic event 11 featuring classical, live music and tickets",111.57
t3,item-12,Synthetic electronic Event 12,electronic,"Synthetic event 12 featuring electronic, live music and tickets",155.77
t3,item-13,Synthetic jazz Event 13,jazz,"Synthetic event 13 featuring jazz, live music and tickets",157.84
t3,item-14,Synthetic latin Event 14,latin,"Synthetic event 14 featuring latin, live music and tickets",60.35
t3,item-15,Synthetic ambient Event 15,ambient,"Synthetic event 15 featuring ambient, live music and tickets",122.73
t3,item-16,Synthetic rock Event 16,rock,"Synthetic event 16 featuring rock, live music and tickets",125.0
t3,item-17,Synthetic classical Event 17,classical,"Synthetic event 17 featuring classical, live music and tickets",68.51
t3,item-18,Synthetic electronic Event 18,electronic,"Synthetic event 18 featuring electronic, live music and tickets",37.34
t3,item-19,Synthetic jazz Event 19,jazz,"Synthetic event 19 featuring jazz, live music and tickets",25.73
t3,item-20,Synthetic latin Event 20,latin,"Synthetic event 20 featuring latin, live music and tickets",128.83
t3,item-21,Synthetic ambient Event 21,ambient,"Synthetic event 21 featuring ambient, live music and tickets",88.56
t3,item-22,Synthetic rock Event 22,rock,"Synthetic event 22 featuring rock, live music and tickets",157.98
t3,item-23,Synthetic classical Event 23,classical,"Synthetic event 23 featuring classical, live music and tickets",85.1
t3,item-24,Synthetic electronic Event 24,electronic,"Synthetic event 24 featuring electronic, live music and tickets",156.91
t3,item-25,Synthetic jazz Event 25,jazz,"Synthetic event 25 featuring jazz, live music and tickets",77.62
t3,item-26,Synthetic latin Event 26,latin,"Synthetic event 26 featuring latin, live music and tickets",131.12
t3,item-27,Synthetic ambient Event 27,ambient,"Synthetic event 27 featuring ambient, live music and tickets",31.87
t3,item-28,Synthetic rock Event 28,rock,"Synthetic event 28 featuring rock, live music and tickets",97.76
t3,item-29,Synthetic classical Event 29,classical,"Synthetic event 29 featuring classical, live music and tickets",132.29
t3,item-30,Synthetic electronic Event 30,electronic,"Synthetic event 30 featuring electronic, live music and tickets",149.46
t3,item-31,Synthetic jazz Event 31,jazz,"Synthetic event 31 featuring jazz, live music and tickets",135.16
t3,item-32,Synthetic latin Event 32,latin,"Synthetic event 32 featuring latin, live music and tickets",25.18
t3,item-33,Synthetic ambient Event 33,ambient,"Synthetic event 33 featuring ambient, live music and tickets",72.18
t3,item-34,Synthetic rock Event 34,rock,"Synthetic event 34 featuring rock, live music and tickets",26.82
t3,item-35,Synthetic classical Event 35,classical,"Synthetic event 35 featuring classical, live music and tickets",35.3
t3,item-36,Synthetic electronic Event 36,electronic,"Synthetic event 36 featuring electronic, live music and tickets",114.54
t3,item-37,Synthetic jazz Event 37,jazz,"Synthetic event 37 featuring jazz, live music and tickets",119.86
t3,item-38,Synthetic latin Event 38,latin,"Synthetic event 38 featuring latin, live music and tickets",128.32
t3,item-39,Synthetic ambient Event 39,ambient,"Synthetic event 39 featuring ambient, live music and tickets",141.16
t3,item-40,Synthetic rock Event 40,rock,"Synthetic event 40 featuring rock, live music and tickets",123.52
t3,item-41,Synthetic classical Event 41,classical,"Synthetic event 41 featuring classical, live music and tickets",132.12
t3,item-42,Synthetic electronic Event 42,electronic,"Synthetic event 42 featuring electronic, live music and tickets",26.85
t3,item-43,Synthetic jazz Event 43,jazz,"Synthetic event 43 featuring jazz, live music and tickets",52.83
t3,item-44,Synthetic latin Event 44,latin,"Synthetic event 44 featuring latin, live music and tickets",107.07
t3,item-45,Synthetic ambient Event 45,ambient,"Synthetic event 45 featuring ambient, live music and tickets",140.14
t3,item-46,Synthetic rock Event 46,rock,"Synthetic event 46 featuring rock, live music and tickets",20.63
t3,item-47,Synthetic classical Event 47,classical,"Synthetic event 47 featuring classical, live music and tickets",92.05
t3,item-48,Synthetic electronic Event 48,electronic,"Synthetic event 48 featuring electronic, live music and tickets",114.82
t3,item-49,Synthetic jazz Event 49,jazz,"Synthetic event 49 featuring jazz, live music and tickets",24.15
t3,item-50,Synthetic latin Event 50,latin,"Synthetic event 50 featuring latin, live music and tickets",76.19
t3,item-51,Synthetic ambient Event 51,ambient,"Synthetic event 51 featuring ambient, live music and tickets",145.39
t3,item-52,Synthetic rock Event 52,rock,"Synthetic event 52 featuring rock, live music and tickets",114.03
t3,item-53,Synthetic classical Event 53,classical,"Synthetic event 53 featuring classical, live music and tickets",53.27
t3,item-54,Synthetic electronic Event 54,electronic,"Synthetic event 54 featuring electronic, live music and tickets",139.39
t3,item-55,Synthetic jazz Event 55,jazz,"Synthetic event 55 featuring jazz, live music and tickets",68.72
t3,item-56,Synthetic latin Event 56,latin,"Synthetic event 56 featuring latin, live music and tickets",139.47
t3,item-57,Synthetic ambient Event 57,ambient,"Synthetic event 57 featuring ambient, live music and tickets",61.85
t3,item-58,Synthetic rock Event 58,rock,"Synthetic event 58 featuring rock, live music and tickets",102.64
t3,item-59,Synthetic classical Event 59,classical,"Synthetic event 59 featuring classical, live music and tickets",75.57
t3,item-60,Synthetic electronic Event 60,electronic,"Synthetic event 60 featuring electronic, live music and tickets",58.48
t3,item-61,Synthetic jazz Event 61,jazz,"Synthetic event 61 featuring jazz, live music and tickets",144.12
t3,item-62,Synthetic latin Event 62,latin,"Synthetic event 62 featuring latin, live music and tickets",46.26
t3,item-63,Synthetic ambient Event 63,ambient,"Synthetic event 63 featuring ambient, live music and tickets",31.87
t3,item-64,Synthetic rock Event 64,rock,"Synthetic event 64 featuring rock, live music and tickets",67.87
t3,item-65,Synthetic classical Event 65,classical,"Synthetic event 65 featuring classical, live music and tickets",120.47
t3,item-66,Synthetic electronic Event 66,electronic,"Synthetic event 66 featuring electronic, live music and tickets",133.04
t3,item-67,Synthetic jazz Event 67,jazz,"Synthetic event 67 featuring jazz, live music and tickets",159.82
t3,item-68,Synthetic latin Event 68,latin,"Synthetic event 68 featuring latin, live music and tickets",61.49
t3,item-69,Synthetic ambient Event 69,ambient,"Synthetic event 69 featuring ambient, live music and tickets",77.11
t3,item-70,Synthetic rock Event 70,rock,"Synthetic event 70 featuring rock, live music and tickets",39.15
t3,item-71,Synthetic classical Event 71,classical,"Synthetic event 71 featuring classical, live music and tickets",100.48
t3,item-72,Synthetic electronic Event 72,electronic,"Synthetic event 72 featuring electronic, live music and tickets",159.66
t3,item-73,Synthetic jazz Event 73,jazz,"Synthetic event 73 featuring jazz, live music and tickets",118.12
t3,item-74,Synthetic latin Event 74,latin,"Synthetic event 74 featuring latin, live music and tickets",103.33
t3,item-75,Synthetic ambient Event 75,ambient,"Synthetic event 75 featuring ambient, live music and tickets",74.93
t3,item-76,Synthetic rock Event 76,rock,"Synthetic event 76 featuring rock, live music and tickets",148.14
t3,item-77,Synthetic classical Event 77,classical,"Synthetic event 77 featuring classical, live music and tickets",89.57
t3,item-78,Synthetic electronic Event 78,electronic,"Synthetic event 78 featuring electronic, live music and tickets",38.81
t3,item-79,Synthetic jazz Event 79,jazz,"Synthetic event 79 featuring jazz, live music and tickets",71.15
t3,item-80,Synthetic latin Event 80,latin,"Synthetic event 80 featuring latin, live music and tickets",29.4
t3,item-81,Synthetic ambient Event 81,ambient,"Synthetic event 81 featuring ambient, live music and tickets",48.28
t3,item-82,Synthetic rock Event 82,rock,"Synthetic event 82 featuring rock, live music and tickets",22.47
t3,item-83,Synthetic classical Event 83,classical,"Synthetic event 83 featuring classical, live music and tickets",83.46
t3,item-84,Synthetic electronic Event 84,electronic,"Synthetic event 84 featuring electronic, live music and tickets",108.84
t3,item-85,Synthetic jazz Event 85,jazz,"Synthetic event 85 featuring jazz, live music and tickets",68.06
t3,item-86,Synthetic latin Event 86,latin,"Synthetic event 86 featuring latin, live music and tickets",78.85
t3,item-87,Synthetic ambient Event 87,ambient,"Synthetic event 87 featuring ambient, live music and tickets",154.29
t3,item-88,Synthetic rock Event 88,rock,"Synthetic event 88 featuring rock, live music and tickets",125.27
t3,item-89,Synthetic classical Event 89,classical,"Synthetic event 89 featuring classical, live music and tickets",95.72
t3,item-90,Synthetic electronic Event 90,electronic,"Synthetic event 90 featuring electronic, live music and tickets",59.84
t3,item-91,Synthetic jazz Event 91,jazz,"Synthetic event 91 featuring jazz, live music and tickets",145.58
t3,item-92,Synthetic latin Event 92,latin,"Synthetic event 92 featuring latin, live music and tickets",52.91
t3,item-93,Synthetic ambient Event 93,ambient,"Synthetic event 93 featuring ambient, live music and tickets",65.55
t3,item-94,Synthetic rock Event 94,rock,"Synthetic event 94 featuring rock, live music and tickets",147.27
t3,item-95,Synthetic classical Event 95,classical,"Synthetic event 95 featuring classical, live music and tickets",94.14
t3,item-96,Synthetic electronic Event 96,electronic,"Synthetic event 96 featuring electronic, live music and tickets",123.92
t3,item-97,Synthetic jazz Event 97,jazz,"Synthetic event 97 featuring jazz, live music and tickets",102.7
t3,item-98,Synthetic latin Event 98,latin,"Synthetic event 98 featuring latin, live music and tickets",111.48
t3,item-99,Synthetic ambient Event 99,ambient,"Synthetic event 99 featuring ambient, live music and tickets",61.91
t3,item-100,Synthetic rock Event 100,rock,"Synthetic event 100 featuring rock, live music and tickets",53.79
t3,item-101,Synthetic classical Event 101,classical,"Synthetic event 101 featuring classical, live music and tickets",65.15
t3,item-102,Synthetic electronic Event 102,electronic,"Synthetic event 102 featuring electronic, live music and tickets",41.76
t3,item-103,Synthetic jazz Event 103,jazz,"Synthetic event 103 featuring jazz, live music and tickets",142.4
t3,item-104,Synthetic latin Event 104,latin,"Synthetic event 104 featuring latin, live music and tickets",59.65
t3,item-105,Synthetic ambient Event 105,ambient,"Synthetic event 105 featuring ambient, live music and tickets",98.61
t3,item-106,Synthetic rock Event 106,rock,"Synthetic event 106 featuring rock, live music and tickets",130.88
t3,item-107,Synthetic classical Event 107,classical,"Synthetic event 107 featuring classical, live music and tickets",129.74
t3,item-108,Synthetic electronic Event 108,electronic,"Synthetic event 108 featuring electronic, live music and tickets",81.37
t3,item-109,Synthetic jazz Event 109,jazz,"Synthetic event 109 featuring jazz, live music and tickets",86.68
t3,item-110,Synthetic latin Event 110,latin,"Synthetic event 110 featuring latin, live music and tickets",159.26
t3,item-111,Synthetic ambient Event 111,ambient,"Synthetic event 111 featuring ambient, live music and tickets",114.44
t3,item-112,Synthetic rock Event 112,rock,"Synthetic event 112 featuring rock, live music and tickets",134.05
t3,item-113,Synthetic classical Event 113,classical,"Synthetic event 113 featuring classical, live music and tickets",146.36
t3,item-114,Synthetic electronic Event 114,electronic,"Synthetic event 114 featuring electronic, live music and tickets",130.26
t3,item-115,Synthetic jazz Event 115,jazz,"Synthetic event 115 featuring jazz, live music and tickets",45.93
t3,item-116,Synthetic latin Event 116,latin,"Synthetic event 116 featuring latin, live music and tickets",98.7
t3,item-117,Synthetic ambient Event 117,ambient,"Synthetic event 117 featuring ambient, live music and tickets",34.27
t3,item-118,Synthetic rock Event 118,rock,"Synthetic event 118 featuring rock, live music and tickets",111.41
t3,item-119,Synthetic classical Event 119,classical,"Synthetic event 119 featuring classical, live music and tickets",153.75
t3,item-120,Synthetic electronic Event 120,electronic,"Synthetic event 120 featuring electronic, live music and tickets",91.78
t3,item-121,Synthetic jazz Event 121,jazz,"Synthetic event 121 featuring jazz, live music and tickets",80.62
t3,item-122,Synthetic latin Event 122,latin,"Synthetic event 122 featuring latin, live music and tickets",25.02
t3,item-123,Synthetic ambient Event 123,ambient,"Synthetic event 123 featuring ambient, live music and tickets",154.37
t3,item-124,Synthetic rock Event 124,rock,"Synthetic event 124 featuring rock, live music and tickets",34.42
t3,item-125,Synthetic classical Event 125,classical,"Synthetic event 125 featuring classical, live music and tickets",25.75
t3,item-126,Synthetic electronic Event 126,electronic,"Synthetic event 126 featuring electronic, live music and tickets",54.45
t3,item-127,Synthetic jazz Event 127,jazz,"Synthetic event 127 featuring jazz, live music and tickets",29.17
t3,item-128,Synthetic latin Event 128,latin,"Synthetic event 128 featuring latin, live music and tickets",83.72
t3,item-129,Synthetic ambient Event 129,ambient,"Synthetic event 129 featuring ambient, live music and tickets",92.25
t3,item-130,Synthetic rock Event 130,rock,"Synthetic event 130 featuring rock, live music and tickets",63.76
t3,item-131,Synthetic classical Event 131,classical,"Synthetic event 131 featuring classical, live music and tickets",27.13
t3,item-132,Synthetic electronic Event 132,electronic,"Synthetic event 132 featuring electronic, live music and tickets",35.62
t3,item-133,Synthetic jazz Event 133,jazz,"Synthetic event 133 featuring jazz, live music and tickets",73.83
t3,item-134,Synthetic latin Event 134,latin,"Synthetic event 134 featuring latin, live music and tickets",28.47
t3,item-135,Synthetic ambient Event 135,ambient,"Synthetic event 135 featuring ambient, live music and tickets",117.75
t3,item-136,Synthetic rock Event 136,rock,"Synthetic event 136 featuring rock, live music and tickets",48.98
t3,item-137,Synthetic classical Event 137,classical,"Synthetic event 137 featuring classical, live music and tickets",62.29
t3,item-138,Synthetic electronic Event 138,electronic,"Synthetic event 138 featuring electronic, live music and tickets",75.18
t3,item-139,Synthetic jazz Event 139,jazz,"Synthetic event 139 featuring jazz, live music and tickets",78.33
t3,item-140,Synthetic latin Event 140,latin,"Synthetic event 140 featuring latin, live music and tickets",20.23
t3,item-141,Synthetic ambient Event 141,ambient,"Synthetic event 141 featuring ambient, live music and tickets",35.69
t3,item-142,Synthetic rock Event 142,rock,"Synthetic event 142 featuring rock, live music and tickets",140.79
t3,item-143,Synthetic classical Event 143,classical,"Synthetic event 143 featuring classical, live music and tickets",20.17
t3,item-144,Synthetic electronic Event 144,electronic,"Synthetic event 144 featuring electronic, live music and tickets",91.14
t3,item-145,Synthetic jazz Event 145,jazz,"Synthetic event 145 featuring jazz, live music and tickets",88.53
t3,item-146,Synthetic latin Event 146,latin,"Synthetic event 146 featuring latin, live music and tickets",66.63
t3,item-147,Synthetic ambient Event 147,ambient,"Synthetic event 147 featuring ambient, live music and tickets",80.39
t3,item-148,Synthetic rock Event 148,rock,"Synthetic event 148 featuring rock, live music and tickets",129.28
t3,item-149,Synthetic classical Event 149,classical,"Synthetic event 149 featuring classical, live music and tickets",137.77
t3,item-150,Synthetic electronic Event 150,electronic,"Synthetic event 150 featuring electronic, live music and tickets",56.45
t3,item-151,Synthetic jazz Event 151,jazz,"Synthetic event 151 featuring jazz, live music and tickets",65.15
t3,item-152,Synthetic latin Event 152,latin,"Synthetic event 152 featuring latin, live music and tickets",53.95
t3,item-153,Synthetic ambient Event 153,ambient,"Synthetic event 153 featuring ambient, live music and tickets",87.18
t3,item-154,Synthetic rock Event 154,rock,"Synthetic event 154 featuring rock, live music and tickets",115.66
t3,item-155,Synthetic classical Event 155,classical,"Synthetic event 155 featuring classical, live music and tickets",51.96
t3,item-156,Synthetic electronic Event 156,electronic,"Synthetic event 156 featuring electronic, live music and tickets",66.3
t3,item-157,Synthetic jazz Event 157,jazz,"Synthetic event 157 featuring jazz, live music and tickets",150.25
t3,item-158,Synthetic latin Event 158,latin,"Synthetic event 158 featuring latin, live music and tickets",26.8
t3,item-159,Synthetic ambient Event 159,ambient,"Synthetic event 159 featuring ambient, live music and tickets",84.51
t3,item-160,Synthetic rock Event 160,rock,"Synthetic event 160 featuring rock, live music and tickets",119.62
t3,item-161,Synthetic classical Event 161,classical,"Synthetic event 161 featuring classical, live music and tickets",41.06
t3,item-162,Synthetic electronic Event 162,electronic,"Synthetic event 162 featuring electronic, live music and tickets",26.63
t3,item-163,Synthetic jazz Event 163,jazz,"Synthetic event 163 featuring jazz, live music and tickets",39.35
t3,item-164,Synthetic latin Event 164,latin,"Synthetic event 164 featuring latin, live music and tickets",148.64
t3,item-165,Synthetic ambient Event 165,ambient,"Synthetic event 165 featuring ambient, live music and tickets",21.3
t3,item-166,Synthetic rock Event 166,rock,"Synthetic event 166 featuring rock, live music and tickets",46.37
t3,item-167,Synthetic classical Event 167,classical,"Synthetic event 167 featuring classical, live music and tickets",24.38
t3,item-168,Synthetic electronic Event 168,electronic,"Synthetic event 168 featuring electronic, live music and tickets",35.49
t3,item-169,Synthetic jazz Event 169,jazz,"Synthetic event 169 featuring jazz, live music and tickets",106.82
t3,item-170,Synthetic latin Event 170,latin,"Synthetic event 170 featuring latin, live music and tickets",53.83
t3,item-171,Synthetic ambient Event 171,ambient,"Synthetic event 171 featuring ambient, live music and tickets",99.69
t3,item-172,Synthetic rock Event 172,rock,"Synthetic event 172 featuring rock, live music and tickets",102.63
t3,item-173,Synthetic classical Event 173,classical,"Synthetic event 173 featuring classical, live music and tickets",138.92
t3,item-174,Synthetic electronic Event 174,electronic,"Synthetic event 174 featuring electronic, live music and tickets",20.66
t3,item-175,Synthetic jazz Event 175,jazz,"Synthetic event 175 featuring jazz, live music and tickets",139.47
t3,item-176,Synthetic latin Event 176,latin,"Synthetic event 176 featuring latin, live music and tickets",106.68
t3,item-177,Synthetic ambient Event 177,ambient,"Synthetic event 177 featuring ambient, live music and tickets",42.78
t3,item-178,Synthetic rock Event 178,rock,"Synthetic event 178 featuring rock, live music and tickets",128.21
t3,item-179,Synthetic classical Event 179,classical,"Synthetic event 179 featuring classical, live music and tickets",139.77
t3,item-180,Synthetic electronic Event 180,electronic,"Synthetic event 180 featuring electronic, live music and tickets",55.6
t3,item-181,Synthetic jazz Event 181,jazz,"Synthetic event 181 featuring jazz, live music and tickets",148.63
t3,item-182,Synthetic latin Event 182,latin,"Synthetic event 182 featuring latin, live music and tickets",83.62
t3,item-183,Synthetic ambient Event 183,ambient,"Synthetic event 183 featuring ambient, live music and tickets",104.48
t3,item-184,Synthetic rock Event 184,rock,"Synthetic event 184 featuring rock, live music and tickets",157.85
t3,item-185,Synthetic classical Event 185,classical,"Synthetic event 185 featuring classical, live music and tickets",70.62
t3,item-186,Synthetic electronic Event 186,electronic,"Synthetic event 186 featuring electronic, live music and tickets",133.84
t3,item-187,Synthetic jazz Event 187,jazz,"Synthetic event 187 featuring jazz, live music and tickets",64.58
t3,item-188,Synthetic latin Event 188,latin,"Synthetic event 188 featuring latin, live music and tickets",131.89
t3,item-189,Synthetic ambient Event 189,ambient,"Synthetic event 189 featuring ambient, live music and tickets",104.1
t3,item-190,Synthetic rock Event 190,rock,"Synthetic event 190 featuring rock, live music and tickets",50.29
t3,item-191,Synthetic classical Event 191,classical,"Synthetic event 191 featuring classical, live music and tickets",77.96
t3,item-192,Synthetic electronic Event 192,electronic,"Synthetic event 192 featuring electronic, live music and tickets",64.47
t3,item-193,Synthetic jazz Event 193,jazz,"Synthetic event 193 featuring jazz, live music and tickets",30.94
t3,item-194,Synthetic latin Event 194,latin,"Synthetic event 194 featuring latin, live music and tickets",24.18
t3,item-195,Synthetic ambient Event 195,ambient,"Synthetic event 195 featuring ambient, live music and tickets",68.51
t3,item-196,Synthetic rock Event 196,rock,"Synthetic event 196 featuring rock, live music and tickets",22.66
t3,item-197,Synthetic classical Event 197,classical,"Synthetic event 197 featuring classical, live music and tickets",43.17
t3,item-198,Synthetic electronic Event 198,electronic,"Synthetic event 198 featuring electronic, live music and tickets",121.53
t3,item-199,Synthetic jazz Event 199,jazz,"Synthetic event 199 featuring jazz, live music and tickets",119.13
t3,item-200,Synthetic latin Event 200,latin,"Synthetic event 200 featuring latin, live music and tickets",123.4
t3,item-201,Synthetic ambient Event 201,ambient,"Synthetic event 201 featuring ambient, live music and tickets",64.4
t3,item-202,Synthetic rock Event 202,rock,"Synthetic event 202 featuring rock, live music and tickets",144.6
t3,item-203,Synthetic classical Event 203,classical,"Synthetic event 203 featuring classical, live music and tickets",103.14
t3,item-204,Synthetic electronic Event 204,electronic,"Synthetic event 204 featuring electronic, live music and tickets",37.64
t3,item-205,Synthetic jazz Event 205,jazz,"Synthetic event 205 featuring jazz, live music and tickets",40.12
t3,item-206,Synthetic latin Event 206,latin,"Synthetic event 206 featuring latin, live music and tickets",117.03
t3,item-207,Synthetic ambient Event 207,ambient,"Synthetic event 207 featuring ambient, live music and tickets",44.21
t3,item-208,Synthetic rock Event 208,rock,"Synthetic event 208 featuring rock, live music and tickets",91.02
t3,item-209,Synthetic classical Event 209,classical,"Synthetic event 209 featuring classical, live music and tickets",158.85
t3,item-210,Synthetic electronic Event 210,electronic,"Synthetic event 210 featuring electronic, live music and tickets",20.56
t3,item-211,Synthetic jazz Event 211,jazz,"Synthetic event 211 featuring jazz, live music and tickets",22.32
t3,item-212,Synthetic latin Event 212,latin,"Synthetic event 212 featuring latin, live music and tickets",159.03
t3,item-213,Synthetic ambient Event 213,ambient,"Synthetic event 213 featuring ambient, live music and tickets",101.85
t3,item-214,Synthetic rock Event 214,rock,"Synthetic event 214 featuring rock, live music and tickets",37.77
t3,item-215,Synthetic classical Event 215,classical,"Synthetic event 215 featuring classical, live music and tickets",145.62
t3,item-216,Synthetic electronic Event 216,electronic,"Synthetic event 216 featuring electronic, live music and tickets",143.25
t3,item-217,Synthetic jazz Event 217,jazz,"Synthetic event 217 featuring jazz, live music and tickets",95.07
t3,item-218,Synthetic latin Event 218,latin,"Synthetic event 218 featuring latin, live music and tickets",107.05
t3,item-219,Synthetic ambient Event 219,ambient,"Synthetic event 219 featuring ambient, live music and tickets",58.25
t3,item-220,Synthetic rock Event 220,rock,"Synthetic event 220 featuring rock, live music and tickets",27.07
t3,item-221,Synthetic classical Event 221,classical,"Synthetic event 221 featuring classical, live music and tickets",103.24
t3,item-222,Synthetic electronic Event 222,electronic,"Synthetic event 222 featuring electronic, live music and tickets",61.27
t3,item-223,Synthetic jazz Event 223,jazz,"Synthetic event 223 featuring jazz, live music and tickets",112.91
t3,item-224,Synthetic latin Event 224,latin,"Synthetic event 224 featuring latin, live music and tickets",137.07
t3,item-225,Synthetic ambient Event 225,ambient,"Synthetic event 225 featuring ambient, live music and tickets",22.54
t3,item-226,Synthetic rock Event 226,rock,"Synthetic event 226 featuring rock, live music and tickets",103.4
t3,item-227,Synthetic classical Event 227,classical,"Synthetic event 227 featuring classical, live music and tickets",52.38
t3,item-228,Synthetic electronic Event 228,electronic,"Synthetic event 228 featuring electronic, live music and tickets",142.34
t3,item-229,Synthetic jazz Event 229,jazz,"Synthetic event 229 featuring jazz, live music and tickets",55.51
t3,item-230,Synthetic latin Event 230,latin,"Synthetic event 230 featuring latin, live music and tickets",105.51
t3,item-231,Synthetic ambient Event 231,ambient,"Synthetic event 231 featuring ambient, live music and tickets",97.5
t3,item-232,Synthetic rock Event 232,rock,"Synthetic event 232 featuring rock, live music and tickets",75.46
t3,item-233,Synthetic classical Event 233,classical,"Synthetic event 233 featuring classical, live music and tickets",114.87
t3,item-234,Synthetic electronic Event 234,electronic,"Synthetic event 234 featuring electronic, live music and tickets",121.61
t3,item-235,Synthetic jazz Event 235,jazz,"Synthetic event 235 featuring jazz, live music and tickets",99.37
t3,item-236,Synthetic latin Event 236,latin,"Synthetic event 236 featuring latin, live music and tickets",126.18
t3,item-237,Synthetic ambient Event 237,ambient,"Synthetic event 237 featuring ambient, live music and tickets",157.68
t3,item-238,Synthetic rock Event 238,rock,"Synthetic event 238 featuring rock, live music and tickets",78.7
t3,item-239,Synthetic classical Event 239,classical,"Synthetic event 239 featuring classical, live music and tickets",92.04
t3,item-240,Synthetic electronic Event 240,electronic,"Synthetic event 240 featuring electronic, live music and tickets",21.75
t3,item-241,Synthetic jazz Event 241,jazz,"Synthetic event 241 featuring jazz, live music and tickets",131.44
t3,item-242,Synthetic latin Event 242,latin,"Synthetic event 242 featuring latin, live music and tickets",92.83
t3,item-243,Synthetic ambient Event 243,ambient,"Synthetic event 243 featuring ambient, live music and tickets",77.11
t3,item-244,Synthetic rock Event 244,rock,"Synthetic event 244 featuring rock, live music and tickets",33.17
t3,item-245,Synthetic classical Event 245,classical,"Synthetic event 245 featuring classical, live music and tickets",144.55
t3,item-246,Synthetic electronic Event 246,electronic,"Synthetic event 246 featuring electronic, live music and tickets",75.3
t3,item-247,Synthetic jazz Event 247,jazz,"Synthetic event 247 featuring jazz, live music and tickets",115.56
t3,item-248,Synthetic latin Event 248,latin,"Synthetic event 248 featuring latin, live music and tickets",40.91
t3,item-249,Synthetic ambient Event 249,ambient,"Synthetic event 249 featuring ambient, live music and tickets",154.62
t3,item-250,Synthetic rock Event 250,rock,"Synthetic event 250 featuring rock, live music and tickets",44.98
t3,item-251,Synthetic classical Event 251,classical,"Synthetic event 251 featuring classical, live music and tickets",47.94
t3,item-252,Synthetic electronic Event 252,electronic,"Synthetic event 252 featuring electronic, live music and tickets",140.26
t3,item-253,Synthetic jazz Event 253,jazz,"Synthetic event 253 featuring jazz, live music and tickets",147.76
t3,item-254,Synthetic latin Event 254,latin,"Synthetic event 254 featuring latin, live music and tickets",49.7
t3,item-255,Synthetic ambient Event 255,ambient,"Synthetic event 255 featuring ambient, live music and tickets",85.77
t3,item-256,Synthetic rock Event 256,rock,"Synthetic event 256 featuring rock, live music and tickets",122.69
t3,item-257,Synthetic classical Event 257,classical,"Synthetic event 257 featuring classical, live music and tickets",142.97
t3,item-258,Synthetic electronic Event 258,electronic,"Synthetic event 258 featuring electronic, live music and tickets",73.07
t3,item-259,Synthetic jazz Event 259,jazz,"Synthetic event 259 featuring jazz, live music and tickets",92.38
t3,item-260,Synthetic latin Event 260,latin,"Synthetic event 260 featuring latin, live music and tickets",123.84
t3,item-261,Synthetic ambient Event 261,ambient,"Synthetic event 261 featuring ambient, live music and tickets",122.36
t3,item-262,Synthetic rock Event 262,rock,"Synthetic event 262 featuring rock, live music and tickets",129.61
t3,item-263,Synthetic classical Event 263,classical,"Synthetic event 263 featuring classical, live music and tickets",99.79
t3,item-264,Synthetic electronic Event 264,electronic,"Synthetic event 264 featuring electronic, live music and tickets",34.65
t3,item-265,Synthetic jazz Event 265,jazz,"Synthetic event 265 featuring jazz, live music and tickets",146.56
t3,item-266,Synthetic latin Event 266,latin,"Synthetic event 266 featuring latin, live music and tickets",141.18
t3,item-267,Synthetic ambient Event 267,ambient,"Synthetic event 267 featuring ambient, live music and tickets",131.73
t3,item-268,Synthetic rock Event 268,rock,"Synthetic event 268 featuring rock, live music and tickets",33.98
t3,item-269,Synthetic classical Event 269,classical,"Synthetic event 269 featuring classical, live music and tickets",48.62
t3,item-270,Synthetic electronic Event 270,electronic,"Synthetic event 270 featuring electronic, live music and tickets",124.1
t3,item-271,Synthetic jazz Event 271,jazz,"Synthetic event 271 featuring jazz, live music and tickets",23.24
t3,item-272,Synthetic latin Event 272,latin,"Synthetic event 272 featuring latin, live music and tickets",157.09
t3,item-273,Synthetic ambient Event 273,ambient,"Synthetic event 273 featuring ambient, live music and tickets",72.8
t3,item-274,Synthetic rock Event 274,rock,"Synthetic event 274 featuring rock, live music and tickets",120.7
t3,item-275,Synthetic classical Event 275,classical,"Synthetic event 275 featuring classical, live music and tickets",144.26
t3,item-276,Synthetic electronic Event 276,electronic,"Synthetic event 276 featuring electronic, live music and tickets",75.25
t3,item-277,Synthetic jazz Event 277,jazz,"Synthetic event 277 featuring jazz, live music and tickets",64.68
t3,item-278,Synthetic latin Event 278,latin,"Synthetic event 278 featuring latin, live music and tickets",105.22
t3,item-279,Synthetic ambient Event 279,ambient,"Synthetic event 279 featuring ambient, live music and tickets",101.34
t3,item-280,Synthetic rock Event 280,rock,"Synthetic event 280 featuring rock, live music and tickets",77.28
t3,item-281,Synthetic classical Event 281,classical,"Synthetic event 281 featuring classical, live music and tickets",104.25
t3,item-282,Synthetic electronic Event 282,electronic,"Synthetic event 282 featuring electronic, live music and tickets",150.95
t3,item-283,Synthetic jazz Event 283,jazz,"Synthetic event 283 featuring jazz, live music and tickets",85.47
t3,item-284,Synthetic latin Event 284,latin,"Synthetic event 284 featuring latin, live music and tickets",47.54
t3,item-285,Synthetic ambient Event 285,ambient,"Synthetic event 285 featuring ambient, live music and tickets",72.81
t3,item-286,Synthetic rock Event 286,rock,"Synthetic event 286 featuring rock, live music and tickets",75.17
t3,item-287,Synthetic classical Event 287,classical,"Synthetic event 287 featuring classical, live music and tickets",38.36
t3,item-288,Synthetic electronic Event 288,electronic,"Synthetic event 288 featuring electronic, live music and tickets",42.8
t3,item-289,Synthetic jazz Event 289,jazz,"Synthetic event 289 featuring jazz, live music and tickets",115.84
t3,item-290,Synthetic latin Event 290,latin,"Synthetic event 290 featuring latin, live music and tickets",67.53
t3,item-291,Synthetic ambient Event 291,ambient,"Synthetic event 291 featuring ambient, live music and tickets",153.69
t3,item-292,Synthetic rock Event 292,rock,"Synthetic event 292 featuring rock, live music and tickets",54.1
t3,item-293,Synthetic classical Event 293,classical,"Synthetic event 293 featuring classical, live music and tickets",33.85
t3,item-294,Synthetic electronic Event 294,electronic,"Synthetic event 294 featuring electronic, live music and tickets",125.49
t3,item-295,Synthetic jazz Event 295,jazz,"Synthetic event 295 featuring jazz, live music and tickets",143.35
t3,item-296,Synthetic latin Event 296,latin,"Synthetic event 296 featuring latin, live music and tickets",58.94
t3,item-297,Synthetic ambient Event 297,ambient,"Synthetic event 297 featuring ambient, live music and tickets",48.29
t3,item-298,Synthetic rock Event 298,rock,"Synthetic event 298 featuring rock, live music and tickets",46.01
t3,item-299,Synthetic classical Event 299,classical,"Synthetic event 299 featuring classical, live music and tickets",93.08
